study_id,project,gold_site_subgroup,model,pass,field,field_group,gold_value,model_value,outcome,gold_norm,model_norm,note
green-jobs,Green Jobs and Health Care,AIOIC (Minneapolis),deepseek-v4.1-flash,1,training_role,classification,primary,primary,match,primary,primary,
green-jobs,Green Jobs and Health Care,AIOIC (Minneapolis),deepseek-v4.1-flash,1,mandatory_voluntary,classification,voluntary,voluntary,match,voluntary,voluntary,
green-jobs,Green Jobs and Health Care,AIOIC (Minneapolis),deepseek-v4.1-flash,1,funding_public_private,classification,public,public,match,public,public,
green-jobs,Green Jobs and Health Care,AIOIC (Minneapolis),deepseek-v4.1-flash,1,admin_public_private,classification,private,private,match,private,private,
green-jobs,Green Jobs and Health Care,AIOIC (Minneapolis),deepseek-v4.1-flash,1,has_classroom,classification,1,True,match,True,True,
green-jobs,Green Jobs and Health Care,AIOIC (Minneapolis),deepseek-v4.1-flash,1,has_ojt,classification,0,False,match,False,False,
green-jobs,Green Jobs and Health Care,AIOIC (Minneapolis),deepseek-v4.1-flash,1,has_jsa,classification,1,True,match,True,True,
green-jobs,Green Jobs and Health Care,AIOIC (Minneapolis),deepseek-v4.1-flash,1,has_multiple_components,classification,1,True,match,True,True,
green-jobs,Green Jobs and Health Care,AIOIC (Minneapolis),deepseek-v4.1-flash,1,sector_program,classification,0,False,match,False,False,
green-jobs,Green Jobs and Health Care,AIOIC (Minneapolis),deepseek-v4.1-flash,1,randomization_period,design,August 2011 – May 2013,August 2011 - May 2013,match,"(2011, 8)-(2013, 5)","(2011, 8)-(2013, 5)",
green-jobs,Green Jobs and Health Care,AIOIC (Minneapolis),deepseek-v4.1-flash,1,n_treatment,design,271,271,match,271.0,271.0,
green-jobs,Green Jobs and Health Care,AIOIC (Minneapolis),deepseek-v4.1-flash,1,n_control,design,271,271,match,271.0,271.0,
green-jobs,Green Jobs and Health Care,AIOIC (Minneapolis),deepseek-v4.1-flash,1,outcome_data_source_type,design,NDNH,ndnh,match,ndnh,ndnh,
green-jobs,Green Jobs and Health Care,AIOIC (Minneapolis),deepseek-v4.1-flash,1,treatment_duration_months,design,2.5,3.2,match,2.5,3.2,
green-jobs,Green Jobs and Health Care,AIOIC (Minneapolis),deepseek-v4.1-flash,1,program_takeup_impact,design,25.6,79.0,mismatch,25.6,79.0,
green-jobs,Green Jobs and Health Care,AIOIC (Minneapolis),deepseek-v4.1-flash,1,st_emp_impact,employment,-1.5,-1.9,match,-1.5,-1.9,
green-jobs,Green Jobs and Health Care,AIOIC (Minneapolis),deepseek-v4.1-flash,1,st_emp_se,employment,,3.93,extra_value,,3.93,
green-jobs,Green Jobs and Health Care,AIOIC (Minneapolis),deepseek-v4.1-flash,1,st_emp_stars,employment,,ns,match,ns,ns,
green-jobs,Green Jobs and Health Care,AIOIC (Minneapolis),deepseek-v4.1-flash,1,st_emp_control_mean,employment,68.8,67.5,match,68.8,67.5,
green-jobs,Green Jobs and Health Care,AIOIC (Minneapolis),deepseek-v4.1-flash,1,mt_emp_impact,employment,-2.6,-2.6,match,-2.6,-2.6,
green-jobs,Green Jobs and Health Care,AIOIC (Minneapolis),deepseek-v4.1-flash,1,mt_emp_se,employment,,3.36,extra_value,,3.36,
green-jobs,Green Jobs and Health Care,AIOIC (Minneapolis),deepseek-v4.1-flash,1,mt_emp_stars,employment,,ns,match,ns,ns,
green-jobs,Green Jobs and Health Care,AIOIC (Minneapolis),deepseek-v4.1-flash,1,mt_emp_control_mean,employment,82.5,82.5,match,82.5,82.5,
green-jobs,Green Jobs and Health Care,AIOIC (Minneapolis),deepseek-v4.1-flash,1,lt_emp_impact,employment,,0.5,extra_value,,0.5,
green-jobs,Green Jobs and Health Care,AIOIC (Minneapolis),deepseek-v4.1-flash,1,lt_emp_se,employment,,0.92,extra_value,,0.92,
green-jobs,Green Jobs and Health Care,AIOIC (Minneapolis),deepseek-v4.1-flash,1,lt_emp_stars,employment,,ns,extra_value,,ns,
green-jobs,Green Jobs and Health Care,AIOIC (Minneapolis),deepseek-v4.1-flash,1,lt_emp_control_mean,employment,,92.2,extra_value,,92.2,
green-jobs,Green Jobs and Health Care,AIOIC (Minneapolis),deepseek-v4.1-flash,1,st_earn_impact,earnings,-396.0,-145.0,mismatch,-396.0,-580.0,"annualised (gold x1, model x4); raw mismatch"
green-jobs,Green Jobs and Health Care,AIOIC (Minneapolis),deepseek-v4.1-flash,1,st_earn_se,earnings,,240.0,extra_value,,240.0,
green-jobs,Green Jobs and Health Care,AIOIC (Minneapolis),deepseek-v4.1-flash,1,st_earn_stars,earnings,,ns,match,ns,ns,
green-jobs,Green Jobs and Health Care,AIOIC (Minneapolis),deepseek-v4.1-flash,1,st_earn_control_mean,earnings,11960.0,2772.0,mismatch,11960.0,11088.0,"annualised (gold x1, model x4); raw mismatch"
green-jobs,Green Jobs and Health Care,AIOIC (Minneapolis),deepseek-v4.1-flash,1,mt_earn_impact,earnings,-79.0,-79.0,match,-158.0,-158.0,"annualised (gold x2, model x2); raw match"
green-jobs,Green Jobs and Health Care,AIOIC (Minneapolis),deepseek-v4.1-flash,1,mt_earn_se,earnings,,607.0,extra_value,,607.0,
green-jobs,Green Jobs and Health Care,AIOIC (Minneapolis),deepseek-v4.1-flash,1,mt_earn_stars,earnings,,ns,match,ns,ns,
green-jobs,Green Jobs and Health Care,AIOIC (Minneapolis),deepseek-v4.1-flash,1,mt_earn_control_mean,earnings,7682.0,7682.0,match,15364.0,15364.0,"annualised (gold x2, model x2); raw match"
green-jobs,Green Jobs and Health Care,AIOIC (Minneapolis),deepseek-v4.1-flash,1,lt_earn_impact,earnings,,-436.0,extra_value,,-436.0,
green-jobs,Green Jobs and Health Care,AIOIC (Minneapolis),deepseek-v4.1-flash,1,lt_earn_se,earnings,,787.0,extra_value,,787.0,
green-jobs,Green Jobs and Health Care,AIOIC (Minneapolis),deepseek-v4.1-flash,1,lt_earn_stars,earnings,,ns,extra_value,,ns,
green-jobs,Green Jobs and Health Care,AIOIC (Minneapolis),deepseek-v4.1-flash,1,lt_earn_control_mean,earnings,,34693.0,extra_value,,34693.0,
green-jobs,Green Jobs and Health Care,AIOIC (Minneapolis),deepseek-v4.1-flash,1,cost_per_treated,cost,,,both_null,,,
green-jobs,Green Jobs and Health Care,GRCC (Grand Rapids),deepseek-v4.1-flash,1,training_role,classification,primary,primary,match,primary,primary,
green-jobs,Green Jobs and Health Care,GRCC (Grand Rapids),deepseek-v4.1-flash,1,mandatory_voluntary,classification,voluntary,voluntary,match,voluntary,voluntary,
green-jobs,Green Jobs and Health Care,GRCC (Grand Rapids),deepseek-v4.1-flash,1,funding_public_private,classification,public,public,match,public,public,
green-jobs,Green Jobs and Health Care,GRCC (Grand Rapids),deepseek-v4.1-flash,1,admin_public_private,classification,public,public,match,public,public,
green-jobs,Green Jobs and Health Care,GRCC (Grand Rapids),deepseek-v4.1-flash,1,has_classroom,classification,1,True,match,True,True,
green-jobs,Green Jobs and Health Care,GRCC (Grand Rapids),deepseek-v4.1-flash,1,has_ojt,classification,0,False,match,False,False,
green-jobs,Green Jobs and Health Care,GRCC (Grand Rapids),deepseek-v4.1-flash,1,has_jsa,classification,1,True,match,True,True,
green-jobs,Green Jobs and Health Care,GRCC (Grand Rapids),deepseek-v4.1-flash,1,has_multiple_components,classification,1,True,match,True,True,
green-jobs,Green Jobs and Health Care,GRCC (Grand Rapids),deepseek-v4.1-flash,1,sector_program,classification,0,True,mismatch,False,True,
green-jobs,Green Jobs and Health Care,GRCC (Grand Rapids),deepseek-v4.1-flash,1,randomization_period,design,August 2011 – April 2012,August 2011 - April 2012,match,"(2011, 8)-(2012, 4)","(2011, 8)-(2012, 4)",
green-jobs,Green Jobs and Health Care,GRCC (Grand Rapids),deepseek-v4.1-flash,1,n_treatment,design,183,186,match,183.0,186.0,
green-jobs,Green Jobs and Health Care,GRCC (Grand Rapids),deepseek-v4.1-flash,1,n_control,design,91,91,match,91.0,91.0,
green-jobs,Green Jobs and Health Care,GRCC (Grand Rapids),deepseek-v4.1-flash,1,outcome_data_source_type,design,NDNH,ndnh,match,ndnh,ndnh,
green-jobs,Green Jobs and Health Care,GRCC (Grand Rapids),deepseek-v4.1-flash,1,treatment_duration_months,design,3.3,3.3,match,3.3,3.3,
green-jobs,Green Jobs and Health Care,GRCC (Grand Rapids),deepseek-v4.1-flash,1,program_takeup_impact,design,33.1,78.0,mismatch,33.1,78.0,
green-jobs,Green Jobs and Health Care,GRCC (Grand Rapids),deepseek-v4.1-flash,1,st_emp_impact,employment,4.6,0.3,mismatch,4.6,0.3,
green-jobs,Green Jobs and Health Care,GRCC (Grand Rapids),deepseek-v4.1-flash,1,st_emp_se,employment,,5.91,extra_value,,5.91,
green-jobs,Green Jobs and Health Care,GRCC (Grand Rapids),deepseek-v4.1-flash,1,st_emp_stars,employment,,ns,match,ns,ns,
green-jobs,Green Jobs and Health Care,GRCC (Grand Rapids),deepseek-v4.1-flash,1,st_emp_control_mean,employment,47.5,50.2,mismatch,47.5,50.2,
green-jobs,Green Jobs and Health Care,GRCC (Grand Rapids),deepseek-v4.1-flash,1,mt_emp_impact,employment,6.4,6.4,match,6.4,6.4,
green-jobs,Green Jobs and Health Care,GRCC (Grand Rapids),deepseek-v4.1-flash,1,mt_emp_se,employment,,6.29,extra_value,,6.29,
green-jobs,Green Jobs and Health Care,GRCC (Grand Rapids),deepseek-v4.1-flash,1,mt_emp_stars,employment,,ns,match,ns,ns,
green-jobs,Green Jobs and Health Care,GRCC (Grand Rapids),deepseek-v4.1-flash,1,mt_emp_control_mean,employment,64.4,64.0,match,64.4,64.0,
green-jobs,Green Jobs and Health Care,GRCC (Grand Rapids),deepseek-v4.1-flash,1,lt_emp_impact,employment,,-0.2,extra_value,,-0.2,
green-jobs,Green Jobs and Health Care,GRCC (Grand Rapids),deepseek-v4.1-flash,1,lt_emp_se,employment,,1.13,extra_value,,1.13,
green-jobs,Green Jobs and Health Care,GRCC (Grand Rapids),deepseek-v4.1-flash,1,lt_emp_stars,employment,,ns,extra_value,,ns,
green-jobs,Green Jobs and Health Care,GRCC (Grand Rapids),deepseek-v4.1-flash,1,lt_emp_control_mean,employment,,86.7,extra_value,,86.7,
green-jobs,Green Jobs and Health Care,GRCC (Grand Rapids),deepseek-v4.1-flash,1,st_earn_impact,earnings,148.0,-96.0,mismatch,148.0,-384.0,"annualised (gold x1, model x4); raw mismatch"
green-jobs,Green Jobs and Health Care,GRCC (Grand Rapids),deepseek-v4.1-flash,1,st_earn_se,earnings,,395.0,extra_value,,395.0,
green-jobs,Green Jobs and Health Care,GRCC (Grand Rapids),deepseek-v4.1-flash,1,st_earn_stars,earnings,,ns,match,ns,ns,
green-jobs,Green Jobs and Health Care,GRCC (Grand Rapids),deepseek-v4.1-flash,1,st_earn_control_mean,earnings,8200.0,1911.0,mismatch,8200.0,7644.0,"annualised (gold x1, model x4); raw mismatch"
green-jobs,Green Jobs and Health Care,GRCC (Grand Rapids),deepseek-v4.1-flash,1,mt_earn_impact,earnings,576.0,576.0,match,1152.0,1152.0,"annualised (gold x2, model x2); raw match"
green-jobs,Green Jobs and Health Care,GRCC (Grand Rapids),deepseek-v4.1-flash,1,mt_earn_se,earnings,,938.0,extra_value,,938.0,
green-jobs,Green Jobs and Health Care,GRCC (Grand Rapids),deepseek-v4.1-flash,1,mt_earn_stars,earnings,,ns,match,ns,ns,
green-jobs,Green Jobs and Health Care,GRCC (Grand Rapids),deepseek-v4.1-flash,1,mt_earn_control_mean,earnings,5868.0,5868.0,match,11736.0,11736.0,"annualised (gold x2, model x2); raw match"
green-jobs,Green Jobs and Health Care,GRCC (Grand Rapids),deepseek-v4.1-flash,1,lt_earn_impact,earnings,,91.0,extra_value,,91.0,
green-jobs,Green Jobs and Health Care,GRCC (Grand Rapids),deepseek-v4.1-flash,1,lt_earn_se,earnings,,960.0,extra_value,,960.0,
green-jobs,Green Jobs and Health Care,GRCC (Grand Rapids),deepseek-v4.1-flash,1,lt_earn_stars,earnings,,ns,extra_value,,ns,
green-jobs,Green Jobs and Health Care,GRCC (Grand Rapids),deepseek-v4.1-flash,1,lt_earn_control_mean,earnings,,30896.0,extra_value,,30896.0,
green-jobs,Green Jobs and Health Care,GRCC (Grand Rapids),deepseek-v4.1-flash,1,cost_per_treated,cost,,,both_null,,,
green-jobs,Green Jobs and Health Care,KCCD (Bakersfield),deepseek-v4.1-flash,1,training_role,classification,primary,primary,match,primary,primary,
green-jobs,Green Jobs and Health Care,KCCD (Bakersfield),deepseek-v4.1-flash,1,mandatory_voluntary,classification,voluntary,voluntary,match,voluntary,voluntary,
green-jobs,Green Jobs and Health Care,KCCD (Bakersfield),deepseek-v4.1-flash,1,funding_public_private,classification,public,public,match,public,public,
green-jobs,Green Jobs and Health Care,KCCD (Bakersfield),deepseek-v4.1-flash,1,admin_public_private,classification,public,public,match,public,public,
green-jobs,Green Jobs and Health Care,KCCD (Bakersfield),deepseek-v4.1-flash,1,has_classroom,classification,1,True,match,True,True,
green-jobs,Green Jobs and Health Care,KCCD (Bakersfield),deepseek-v4.1-flash,1,has_ojt,classification,0,False,match,False,False,
green-jobs,Green Jobs and Health Care,KCCD (Bakersfield),deepseek-v4.1-flash,1,has_jsa,classification,1,True,match,True,True,
green-jobs,Green Jobs and Health Care,KCCD (Bakersfield),deepseek-v4.1-flash,1,has_multiple_components,classification,1,True,match,True,True,
green-jobs,Green Jobs and Health Care,KCCD (Bakersfield),deepseek-v4.1-flash,1,sector_program,classification,0,True,mismatch,False,True,
green-jobs,Green Jobs and Health Care,KCCD (Bakersfield),deepseek-v4.1-flash,1,randomization_period,design,August 2011 – May 2013,August 2011 - May 2013,match,"(2011, 8)-(2013, 5)","(2011, 8)-(2013, 5)",
green-jobs,Green Jobs and Health Care,KCCD (Bakersfield),deepseek-v4.1-flash,1,n_treatment,design,407,414,match,407.0,414.0,
green-jobs,Green Jobs and Health Care,KCCD (Bakersfield),deepseek-v4.1-flash,1,n_control,design,409,415,match,409.0,415.0,
green-jobs,Green Jobs and Health Care,KCCD (Bakersfield),deepseek-v4.1-flash,1,outcome_data_source_type,design,NDNH,ndnh,match,ndnh,ndnh,
green-jobs,Green Jobs and Health Care,KCCD (Bakersfield),deepseek-v4.1-flash,1,treatment_duration_months,design,2.5,2.5,match,2.5,2.5,
green-jobs,Green Jobs and Health Care,KCCD (Bakersfield),deepseek-v4.1-flash,1,program_takeup_impact,design,54.1,85.0,mismatch,54.1,85.0,
green-jobs,Green Jobs and Health Care,KCCD (Bakersfield),deepseek-v4.1-flash,1,st_emp_impact,employment,1.0,0.3,mismatch,1.0,0.3,
green-jobs,Green Jobs and Health Care,KCCD (Bakersfield),deepseek-v4.1-flash,1,st_emp_se,employment,,3.41,extra_value,,3.41,
green-jobs,Green Jobs and Health Care,KCCD (Bakersfield),deepseek-v4.1-flash,1,st_emp_stars,employment,,ns,match,ns,ns,
green-jobs,Green Jobs and Health Care,KCCD (Bakersfield),deepseek-v4.1-flash,1,st_emp_control_mean,employment,58.2,58.2,match,58.2,58.2,
green-jobs,Green Jobs and Health Care,KCCD (Bakersfield),deepseek-v4.1-flash,1,mt_emp_impact,employment,4.7,4.7,match,4.7,4.7,
green-jobs,Green Jobs and Health Care,KCCD (Bakersfield),deepseek-v4.1-flash,1,mt_emp_se,employment,,3.08,extra_value,,3.08,
green-jobs,Green Jobs and Health Care,KCCD (Bakersfield),deepseek-v4.1-flash,1,mt_emp_stars,employment,,ns,match,ns,ns,
green-jobs,Green Jobs and Health Care,KCCD (Bakersfield),deepseek-v4.1-flash,1,mt_emp_control_mean,employment,61.7,69.4,mismatch,61.7,69.4,
green-jobs,Green Jobs and Health Care,KCCD (Bakersfield),deepseek-v4.1-flash,1,lt_emp_impact,employment,,1.6,extra_value,,1.6,
green-jobs,Green Jobs and Health Care,KCCD (Bakersfield),deepseek-v4.1-flash,1,lt_emp_se,employment,,0.75,extra_value,,0.75,
green-jobs,Green Jobs and Health Care,KCCD (Bakersfield),deepseek-v4.1-flash,1,lt_emp_stars,employment,,**,extra_value,,**,
green-jobs,Green Jobs and Health Care,KCCD (Bakersfield),deepseek-v4.1-flash,1,lt_emp_control_mean,employment,,88.9,extra_value,,88.9,
green-jobs,Green Jobs and Health Care,KCCD (Bakersfield),deepseek-v4.1-flash,1,st_earn_impact,earnings,1338.0,55.0,mismatch,1338.0,220.0,"annualised (gold x1, model x4); raw mismatch"
green-jobs,Green Jobs and Health Care,KCCD (Bakersfield),deepseek-v4.1-flash,1,st_earn_se,earnings,,256.0,extra_value,,256.0,
green-jobs,Green Jobs and Health Care,KCCD (Bakersfield),deepseek-v4.1-flash,1,st_earn_stars,earnings,,ns,match,ns,ns,
green-jobs,Green Jobs and Health Care,KCCD (Bakersfield),deepseek-v4.1-flash,1,st_earn_control_mean,earnings,10892.0,2746.0,match,10892.0,10984.0,"annualised (gold x1, model x4); raw mismatch"
green-jobs,Green Jobs and Health Care,KCCD (Bakersfield),deepseek-v4.1-flash,1,mt_earn_impact,earnings,1520.0,1520.0,match,3040.0,3040.0,"annualised (gold x2, model x2); raw match"
green-jobs,Green Jobs and Health Care,KCCD (Bakersfield),deepseek-v4.1-flash,1,mt_earn_se,earnings,,601.0,extra_value,,601.0,
green-jobs,Green Jobs and Health Care,KCCD (Bakersfield),deepseek-v4.1-flash,1,mt_earn_stars,earnings,**,**,match,**,**,
green-jobs,Green Jobs and Health Care,KCCD (Bakersfield),deepseek-v4.1-flash,1,mt_earn_control_mean,earnings,7709.0,7709.0,match,15418.0,15418.0,"annualised (gold x2, model x2); raw match"
green-jobs,Green Jobs and Health Care,KCCD (Bakersfield),deepseek-v4.1-flash,1,lt_earn_impact,earnings,,3736.0,extra_value,,3736.0,
green-jobs,Green Jobs and Health Care,KCCD (Bakersfield),deepseek-v4.1-flash,1,lt_earn_se,earnings,,2696.0,extra_value,,2696.0,
green-jobs,Green Jobs and Health Care,KCCD (Bakersfield),deepseek-v4.1-flash,1,lt_earn_stars,earnings,,ns,extra_value,,ns,
green-jobs,Green Jobs and Health Care,KCCD (Bakersfield),deepseek-v4.1-flash,1,lt_earn_control_mean,earnings,,31063.0,extra_value,,31063.0,
green-jobs,Green Jobs and Health Care,KCCD (Bakersfield),deepseek-v4.1-flash,1,cost_per_treated,cost,,,both_null,,,
green-jobs,Green Jobs and Health Care,"NCTC (Gainesville, TX)",deepseek-v4.1-flash,1,training_role,classification,primary,primary,match,primary,primary,
green-jobs,Green Jobs and Health Care,"NCTC (Gainesville, TX)",deepseek-v4.1-flash,1,mandatory_voluntary,classification,voluntary,voluntary,match,voluntary,voluntary,
green-jobs,Green Jobs and Health Care,"NCTC (Gainesville, TX)",deepseek-v4.1-flash,1,funding_public_private,classification,public,public,match,public,public,
green-jobs,Green Jobs and Health Care,"NCTC (Gainesville, TX)",deepseek-v4.1-flash,1,admin_public_private,classification,public,public,match,public,public,
green-jobs,Green Jobs and Health Care,"NCTC (Gainesville, TX)",deepseek-v4.1-flash,1,has_classroom,classification,1,True,match,True,True,
green-jobs,Green Jobs and Health Care,"NCTC (Gainesville, TX)",deepseek-v4.1-flash,1,has_ojt,classification,0,True,mismatch,False,True,
green-jobs,Green Jobs and Health Care,"NCTC (Gainesville, TX)",deepseek-v4.1-flash,1,has_jsa,classification,1,True,match,True,True,
green-jobs,Green Jobs and Health Care,"NCTC (Gainesville, TX)",deepseek-v4.1-flash,1,has_multiple_components,classification,1,True,match,True,True,
green-jobs,Green Jobs and Health Care,"NCTC (Gainesville, TX)",deepseek-v4.1-flash,1,sector_program,classification,0,False,match,False,False,
green-jobs,Green Jobs and Health Care,"NCTC (Gainesville, TX)",deepseek-v4.1-flash,1,randomization_period,design,July 2011 – April 2013,July 2011 - April 2013,match,"(2011, 7)-(2013, 4)","(2011, 7)-(2013, 4)",
green-jobs,Green Jobs and Health Care,"NCTC (Gainesville, TX)",deepseek-v4.1-flash,1,n_treatment,design,550,555,match,550.0,555.0,
green-jobs,Green Jobs and Health Care,"NCTC (Gainesville, TX)",deepseek-v4.1-flash,1,n_control,design,434,440,match,434.0,440.0,
green-jobs,Green Jobs and Health Care,"NCTC (Gainesville, TX)",deepseek-v4.1-flash,1,outcome_data_source_type,design,NDNH,ndnh,match,ndnh,ndnh,
green-jobs,Green Jobs and Health Care,"NCTC (Gainesville, TX)",deepseek-v4.1-flash,1,treatment_duration_months,design,2.4,2.4,match,2.4,2.4,
green-jobs,Green Jobs and Health Care,"NCTC (Gainesville, TX)",deepseek-v4.1-flash,1,program_takeup_impact,design,29.3,41.0,mismatch,29.3,41.0,
green-jobs,Green Jobs and Health Care,"NCTC (Gainesville, TX)",deepseek-v4.1-flash,1,st_emp_impact,employment,-2.8,-1.4,mismatch,-2.8,-1.4,
green-jobs,Green Jobs and Health Care,"NCTC (Gainesville, TX)",deepseek-v4.1-flash,1,st_emp_se,employment,,2.69,extra_value,,2.69,
green-jobs,Green Jobs and Health Care,"NCTC (Gainesville, TX)",deepseek-v4.1-flash,1,st_emp_stars,employment,,ns,match,ns,ns,
green-jobs,Green Jobs and Health Care,"NCTC (Gainesville, TX)",deepseek-v4.1-flash,1,st_emp_control_mean,employment,69.5,68.7,match,69.5,68.7,
green-jobs,Green Jobs and Health Care,"NCTC (Gainesville, TX)",deepseek-v4.1-flash,1,mt_emp_impact,employment,-2.3,-2.3,match,-2.3,-2.3,
green-jobs,Green Jobs and Health Care,"NCTC (Gainesville, TX)",deepseek-v4.1-flash,1,mt_emp_se,employment,,2.39,extra_value,,2.39,
green-jobs,Green Jobs and Health Care,"NCTC (Gainesville, TX)",deepseek-v4.1-flash,1,mt_emp_stars,employment,,ns,match,ns,ns,
green-jobs,Green Jobs and Health Care,"NCTC (Gainesville, TX)",deepseek-v4.1-flash,1,mt_emp_control_mean,employment,82.3,82.3,match,82.3,82.3,
green-jobs,Green Jobs and Health Care,"NCTC (Gainesville, TX)",deepseek-v4.1-flash,1,lt_emp_impact,employment,,-0.4,extra_value,,-0.4,
green-jobs,Green Jobs and Health Care,"NCTC (Gainesville, TX)",deepseek-v4.1-flash,1,lt_emp_se,employment,,0.55,extra_value,,0.55,
green-jobs,Green Jobs and Health Care,"NCTC (Gainesville, TX)",deepseek-v4.1-flash,1,lt_emp_stars,employment,,ns,extra_value,,ns,
green-jobs,Green Jobs and Health Care,"NCTC (Gainesville, TX)",deepseek-v4.1-flash,1,lt_emp_control_mean,employment,,92.9,extra_value,,92.9,
green-jobs,Green Jobs and Health Care,"NCTC (Gainesville, TX)",deepseek-v4.1-flash,1,st_earn_impact,earnings,-202.0,29.0,mismatch,-202.0,116.0,"annualised (gold x1, model x4); raw mismatch"
green-jobs,Green Jobs and Health Care,"NCTC (Gainesville, TX)",deepseek-v4.1-flash,1,st_earn_se,earnings,,165.0,extra_value,,165.0,
green-jobs,Green Jobs and Health Care,"NCTC (Gainesville, TX)",deepseek-v4.1-flash,1,st_earn_stars,earnings,,ns,match,ns,ns,
green-jobs,Green Jobs and Health Care,"NCTC (Gainesville, TX)",deepseek-v4.1-flash,1,st_earn_control_mean,earnings,11937.0,2786.0,mismatch,11937.0,11144.0,"annualised (gold x1, model x4); raw mismatch"
green-jobs,Green Jobs and Health Care,"NCTC (Gainesville, TX)",deepseek-v4.1-flash,1,mt_earn_impact,earnings,-345.0,-345.0,match,-690.0,-690.0,"annualised (gold x2, model x2); raw match"
green-jobs,Green Jobs and Health Care,"NCTC (Gainesville, TX)",deepseek-v4.1-flash,1,mt_earn_se,earnings,,391.0,extra_value,,391.0,
green-jobs,Green Jobs and Health Care,"NCTC (Gainesville, TX)",deepseek-v4.1-flash,1,mt_earn_stars,earnings,,ns,match,ns,ns,
green-jobs,Green Jobs and Health Care,"NCTC (Gainesville, TX)",deepseek-v4.1-flash,1,mt_earn_control_mean,earnings,7945.0,7945.0,match,15890.0,15890.0,"annualised (gold x2, model x2); raw match"
green-jobs,Green Jobs and Health Care,"NCTC (Gainesville, TX)",deepseek-v4.1-flash,1,lt_earn_impact,earnings,,-812.0,extra_value,,-812.0,
green-jobs,Green Jobs and Health Care,"NCTC (Gainesville, TX)",deepseek-v4.1-flash,1,lt_earn_se,earnings,,1580.0,extra_value,,1580.0,
green-jobs,Green Jobs and Health Care,"NCTC (Gainesville, TX)",deepseek-v4.1-flash,1,lt_earn_stars,earnings,,ns,extra_value,,ns,
green-jobs,Green Jobs and Health Care,"NCTC (Gainesville, TX)",deepseek-v4.1-flash,1,lt_earn_control_mean,earnings,,32116.0,extra_value,,32116.0,
green-jobs,Green Jobs and Health Care,"NCTC (Gainesville, TX)",deepseek-v4.1-flash,1,cost_per_treated,cost,,,both_null,,,
green-jobs,Green Jobs and Health Care,AIOIC (Minneapolis),deepseek-v4.1-flash,2,training_role,classification,primary,primary,match,primary,primary,
green-jobs,Green Jobs and Health Care,AIOIC (Minneapolis),deepseek-v4.1-flash,2,mandatory_voluntary,classification,voluntary,voluntary,match,voluntary,voluntary,
green-jobs,Green Jobs and Health Care,AIOIC (Minneapolis),deepseek-v4.1-flash,2,funding_public_private,classification,public,public,match,public,public,
green-jobs,Green Jobs and Health Care,AIOIC (Minneapolis),deepseek-v4.1-flash,2,admin_public_private,classification,private,private,match,private,private,
green-jobs,Green Jobs and Health Care,AIOIC (Minneapolis),deepseek-v4.1-flash,2,has_classroom,classification,1,True,match,True,True,
green-jobs,Green Jobs and Health Care,AIOIC (Minneapolis),deepseek-v4.1-flash,2,has_ojt,classification,0,False,match,False,False,
green-jobs,Green Jobs and Health Care,AIOIC (Minneapolis),deepseek-v4.1-flash,2,has_jsa,classification,1,True,match,True,True,
green-jobs,Green Jobs and Health Care,AIOIC (Minneapolis),deepseek-v4.1-flash,2,has_multiple_components,classification,1,True,match,True,True,
green-jobs,Green Jobs and Health Care,AIOIC (Minneapolis),deepseek-v4.1-flash,2,sector_program,classification,0,False,match,False,False,
green-jobs,Green Jobs and Health Care,AIOIC (Minneapolis),deepseek-v4.1-flash,2,randomization_period,design,August 2011 – May 2013,August 2011 - May 2013,match,"(2011, 8)-(2013, 5)","(2011, 8)-(2013, 5)",
green-jobs,Green Jobs and Health Care,AIOIC (Minneapolis),deepseek-v4.1-flash,2,n_treatment,design,271,271,match,271.0,271.0,
green-jobs,Green Jobs and Health Care,AIOIC (Minneapolis),deepseek-v4.1-flash,2,n_control,design,271,271,match,271.0,271.0,
green-jobs,Green Jobs and Health Care,AIOIC (Minneapolis),deepseek-v4.1-flash,2,outcome_data_source_type,design,NDNH,ndnh,match,ndnh,ndnh,
green-jobs,Green Jobs and Health Care,AIOIC (Minneapolis),deepseek-v4.1-flash,2,treatment_duration_months,design,2.5,3.2,match,2.5,3.2,
green-jobs,Green Jobs and Health Care,AIOIC (Minneapolis),deepseek-v4.1-flash,2,program_takeup_impact,design,25.6,79.0,mismatch,25.6,79.0,
green-jobs,Green Jobs and Health Care,AIOIC (Minneapolis),deepseek-v4.1-flash,2,st_emp_impact,employment,-1.5,-1.9,match,-1.5,-1.9,
green-jobs,Green Jobs and Health Care,AIOIC (Minneapolis),deepseek-v4.1-flash,2,st_emp_se,employment,,3.93,extra_value,,3.93,
green-jobs,Green Jobs and Health Care,AIOIC (Minneapolis),deepseek-v4.1-flash,2,st_emp_stars,employment,,ns,match,ns,ns,
green-jobs,Green Jobs and Health Care,AIOIC (Minneapolis),deepseek-v4.1-flash,2,st_emp_control_mean,employment,68.8,67.5,match,68.8,67.5,
green-jobs,Green Jobs and Health Care,AIOIC (Minneapolis),deepseek-v4.1-flash,2,mt_emp_impact,employment,-2.6,-2.6,match,-2.6,-2.6,
green-jobs,Green Jobs and Health Care,AIOIC (Minneapolis),deepseek-v4.1-flash,2,mt_emp_se,employment,,3.36,extra_value,,3.36,
green-jobs,Green Jobs and Health Care,AIOIC (Minneapolis),deepseek-v4.1-flash,2,mt_emp_stars,employment,,ns,match,ns,ns,
green-jobs,Green Jobs and Health Care,AIOIC (Minneapolis),deepseek-v4.1-flash,2,mt_emp_control_mean,employment,82.5,82.5,match,82.5,82.5,
green-jobs,Green Jobs and Health Care,AIOIC (Minneapolis),deepseek-v4.1-flash,2,lt_emp_impact,employment,,0.5,extra_value,,0.5,
green-jobs,Green Jobs and Health Care,AIOIC (Minneapolis),deepseek-v4.1-flash,2,lt_emp_se,employment,,0.92,extra_value,,0.92,
green-jobs,Green Jobs and Health Care,AIOIC (Minneapolis),deepseek-v4.1-flash,2,lt_emp_stars,employment,,ns,extra_value,,ns,
green-jobs,Green Jobs and Health Care,AIOIC (Minneapolis),deepseek-v4.1-flash,2,lt_emp_control_mean,employment,,92.2,extra_value,,92.2,
green-jobs,Green Jobs and Health Care,AIOIC (Minneapolis),deepseek-v4.1-flash,2,st_earn_impact,earnings,-396.0,-145.0,mismatch,-396.0,-580.0,"annualised (gold x1, model x4); raw mismatch"
green-jobs,Green Jobs and Health Care,AIOIC (Minneapolis),deepseek-v4.1-flash,2,st_earn_se,earnings,,240.0,extra_value,,240.0,
green-jobs,Green Jobs and Health Care,AIOIC (Minneapolis),deepseek-v4.1-flash,2,st_earn_stars,earnings,,ns,match,ns,ns,
green-jobs,Green Jobs and Health Care,AIOIC (Minneapolis),deepseek-v4.1-flash,2,st_earn_control_mean,earnings,11960.0,2772.0,mismatch,11960.0,11088.0,"annualised (gold x1, model x4); raw mismatch"
green-jobs,Green Jobs and Health Care,AIOIC (Minneapolis),deepseek-v4.1-flash,2,mt_earn_impact,earnings,-79.0,-79.0,match,-158.0,-158.0,"annualised (gold x2, model x2); raw match"
green-jobs,Green Jobs and Health Care,AIOIC (Minneapolis),deepseek-v4.1-flash,2,mt_earn_se,earnings,,607.0,extra_value,,607.0,
green-jobs,Green Jobs and Health Care,AIOIC (Minneapolis),deepseek-v4.1-flash,2,mt_earn_stars,earnings,,ns,match,ns,ns,
green-jobs,Green Jobs and Health Care,AIOIC (Minneapolis),deepseek-v4.1-flash,2,mt_earn_control_mean,earnings,7682.0,7682.0,match,15364.0,15364.0,"annualised (gold x2, model x2); raw match"
green-jobs,Green Jobs and Health Care,AIOIC (Minneapolis),deepseek-v4.1-flash,2,lt_earn_impact,earnings,,-436.0,extra_value,,-436.0,
green-jobs,Green Jobs and Health Care,AIOIC (Minneapolis),deepseek-v4.1-flash,2,lt_earn_se,earnings,,787.0,extra_value,,787.0,
green-jobs,Green Jobs and Health Care,AIOIC (Minneapolis),deepseek-v4.1-flash,2,lt_earn_stars,earnings,,ns,extra_value,,ns,
green-jobs,Green Jobs and Health Care,AIOIC (Minneapolis),deepseek-v4.1-flash,2,lt_earn_control_mean,earnings,,34693.0,extra_value,,34693.0,
green-jobs,Green Jobs and Health Care,AIOIC (Minneapolis),deepseek-v4.1-flash,2,cost_per_treated,cost,,,both_null,,,
green-jobs,Green Jobs and Health Care,GRCC (Grand Rapids),deepseek-v4.1-flash,2,training_role,classification,primary,primary,match,primary,primary,
green-jobs,Green Jobs and Health Care,GRCC (Grand Rapids),deepseek-v4.1-flash,2,mandatory_voluntary,classification,voluntary,voluntary,match,voluntary,voluntary,
green-jobs,Green Jobs and Health Care,GRCC (Grand Rapids),deepseek-v4.1-flash,2,funding_public_private,classification,public,public,match,public,public,
green-jobs,Green Jobs and Health Care,GRCC (Grand Rapids),deepseek-v4.1-flash,2,admin_public_private,classification,public,public,match,public,public,
green-jobs,Green Jobs and Health Care,GRCC (Grand Rapids),deepseek-v4.1-flash,2,has_classroom,classification,1,True,match,True,True,
green-jobs,Green Jobs and Health Care,GRCC (Grand Rapids),deepseek-v4.1-flash,2,has_ojt,classification,0,False,match,False,False,
green-jobs,Green Jobs and Health Care,GRCC (Grand Rapids),deepseek-v4.1-flash,2,has_jsa,classification,1,True,match,True,True,
green-jobs,Green Jobs and Health Care,GRCC (Grand Rapids),deepseek-v4.1-flash,2,has_multiple_components,classification,1,True,match,True,True,
green-jobs,Green Jobs and Health Care,GRCC (Grand Rapids),deepseek-v4.1-flash,2,sector_program,classification,0,True,mismatch,False,True,
green-jobs,Green Jobs and Health Care,GRCC (Grand Rapids),deepseek-v4.1-flash,2,randomization_period,design,August 2011 – April 2012,August 2011 - April 2012,match,"(2011, 8)-(2012, 4)","(2011, 8)-(2012, 4)",
green-jobs,Green Jobs and Health Care,GRCC (Grand Rapids),deepseek-v4.1-flash,2,n_treatment,design,183,186,match,183.0,186.0,
green-jobs,Green Jobs and Health Care,GRCC (Grand Rapids),deepseek-v4.1-flash,2,n_control,design,91,91,match,91.0,91.0,
green-jobs,Green Jobs and Health Care,GRCC (Grand Rapids),deepseek-v4.1-flash,2,outcome_data_source_type,design,NDNH,ndnh,match,ndnh,ndnh,
green-jobs,Green Jobs and Health Care,GRCC (Grand Rapids),deepseek-v4.1-flash,2,treatment_duration_months,design,3.3,3.3,match,3.3,3.3,
green-jobs,Green Jobs and Health Care,GRCC (Grand Rapids),deepseek-v4.1-flash,2,program_takeup_impact,design,33.1,78.0,mismatch,33.1,78.0,
green-jobs,Green Jobs and Health Care,GRCC (Grand Rapids),deepseek-v4.1-flash,2,st_emp_impact,employment,4.6,0.3,mismatch,4.6,0.3,
green-jobs,Green Jobs and Health Care,GRCC (Grand Rapids),deepseek-v4.1-flash,2,st_emp_se,employment,,5.91,extra_value,,5.91,
green-jobs,Green Jobs and Health Care,GRCC (Grand Rapids),deepseek-v4.1-flash,2,st_emp_stars,employment,,ns,match,ns,ns,
green-jobs,Green Jobs and Health Care,GRCC (Grand Rapids),deepseek-v4.1-flash,2,st_emp_control_mean,employment,47.5,50.2,mismatch,47.5,50.2,
green-jobs,Green Jobs and Health Care,GRCC (Grand Rapids),deepseek-v4.1-flash,2,mt_emp_impact,employment,6.4,6.4,match,6.4,6.4,
green-jobs,Green Jobs and Health Care,GRCC (Grand Rapids),deepseek-v4.1-flash,2,mt_emp_se,employment,,6.29,extra_value,,6.29,
green-jobs,Green Jobs and Health Care,GRCC (Grand Rapids),deepseek-v4.1-flash,2,mt_emp_stars,employment,,ns,match,ns,ns,
green-jobs,Green Jobs and Health Care,GRCC (Grand Rapids),deepseek-v4.1-flash,2,mt_emp_control_mean,employment,64.4,64.0,match,64.4,64.0,
green-jobs,Green Jobs and Health Care,GRCC (Grand Rapids),deepseek-v4.1-flash,2,lt_emp_impact,employment,,-0.2,extra_value,,-0.2,
green-jobs,Green Jobs and Health Care,GRCC (Grand Rapids),deepseek-v4.1-flash,2,lt_emp_se,employment,,1.13,extra_value,,1.13,
green-jobs,Green Jobs and Health Care,GRCC (Grand Rapids),deepseek-v4.1-flash,2,lt_emp_stars,employment,,ns,extra_value,,ns,
green-jobs,Green Jobs and Health Care,GRCC (Grand Rapids),deepseek-v4.1-flash,2,lt_emp_control_mean,employment,,86.7,extra_value,,86.7,
green-jobs,Green Jobs and Health Care,GRCC (Grand Rapids),deepseek-v4.1-flash,2,st_earn_impact,earnings,148.0,-96.0,mismatch,148.0,-384.0,"annualised (gold x1, model x4); raw mismatch"
green-jobs,Green Jobs and Health Care,GRCC (Grand Rapids),deepseek-v4.1-flash,2,st_earn_se,earnings,,395.0,extra_value,,395.0,
green-jobs,Green Jobs and Health Care,GRCC (Grand Rapids),deepseek-v4.1-flash,2,st_earn_stars,earnings,,ns,match,ns,ns,
green-jobs,Green Jobs and Health Care,GRCC (Grand Rapids),deepseek-v4.1-flash,2,st_earn_control_mean,earnings,8200.0,1911.0,mismatch,8200.0,7644.0,"annualised (gold x1, model x4); raw mismatch"
green-jobs,Green Jobs and Health Care,GRCC (Grand Rapids),deepseek-v4.1-flash,2,mt_earn_impact,earnings,576.0,576.0,match,1152.0,1152.0,"annualised (gold x2, model x2); raw match"
green-jobs,Green Jobs and Health Care,GRCC (Grand Rapids),deepseek-v4.1-flash,2,mt_earn_se,earnings,,938.0,extra_value,,938.0,
green-jobs,Green Jobs and Health Care,GRCC (Grand Rapids),deepseek-v4.1-flash,2,mt_earn_stars,earnings,,ns,match,ns,ns,
green-jobs,Green Jobs and Health Care,GRCC (Grand Rapids),deepseek-v4.1-flash,2,mt_earn_control_mean,earnings,5868.0,5868.0,match,11736.0,11736.0,"annualised (gold x2, model x2); raw match"
green-jobs,Green Jobs and Health Care,GRCC (Grand Rapids),deepseek-v4.1-flash,2,lt_earn_impact,earnings,,91.0,extra_value,,91.0,
green-jobs,Green Jobs and Health Care,GRCC (Grand Rapids),deepseek-v4.1-flash,2,lt_earn_se,earnings,,960.0,extra_value,,960.0,
green-jobs,Green Jobs and Health Care,GRCC (Grand Rapids),deepseek-v4.1-flash,2,lt_earn_stars,earnings,,ns,extra_value,,ns,
green-jobs,Green Jobs and Health Care,GRCC (Grand Rapids),deepseek-v4.1-flash,2,lt_earn_control_mean,earnings,,30896.0,extra_value,,30896.0,
green-jobs,Green Jobs and Health Care,GRCC (Grand Rapids),deepseek-v4.1-flash,2,cost_per_treated,cost,,,both_null,,,
green-jobs,Green Jobs and Health Care,KCCD (Bakersfield),deepseek-v4.1-flash,2,training_role,classification,primary,primary,match,primary,primary,
green-jobs,Green Jobs and Health Care,KCCD (Bakersfield),deepseek-v4.1-flash,2,mandatory_voluntary,classification,voluntary,voluntary,match,voluntary,voluntary,
green-jobs,Green Jobs and Health Care,KCCD (Bakersfield),deepseek-v4.1-flash,2,funding_public_private,classification,public,public,match,public,public,
green-jobs,Green Jobs and Health Care,KCCD (Bakersfield),deepseek-v4.1-flash,2,admin_public_private,classification,public,public,match,public,public,
green-jobs,Green Jobs and Health Care,KCCD (Bakersfield),deepseek-v4.1-flash,2,has_classroom,classification,1,True,match,True,True,
green-jobs,Green Jobs and Health Care,KCCD (Bakersfield),deepseek-v4.1-flash,2,has_ojt,classification,0,False,match,False,False,
green-jobs,Green Jobs and Health Care,KCCD (Bakersfield),deepseek-v4.1-flash,2,has_jsa,classification,1,True,match,True,True,
green-jobs,Green Jobs and Health Care,KCCD (Bakersfield),deepseek-v4.1-flash,2,has_multiple_components,classification,1,True,match,True,True,
green-jobs,Green Jobs and Health Care,KCCD (Bakersfield),deepseek-v4.1-flash,2,sector_program,classification,0,True,mismatch,False,True,
green-jobs,Green Jobs and Health Care,KCCD (Bakersfield),deepseek-v4.1-flash,2,randomization_period,design,August 2011 – May 2013,August 2011 - May 2013,match,"(2011, 8)-(2013, 5)","(2011, 8)-(2013, 5)",
green-jobs,Green Jobs and Health Care,KCCD (Bakersfield),deepseek-v4.1-flash,2,n_treatment,design,407,414,match,407.0,414.0,
green-jobs,Green Jobs and Health Care,KCCD (Bakersfield),deepseek-v4.1-flash,2,n_control,design,409,415,match,409.0,415.0,
green-jobs,Green Jobs and Health Care,KCCD (Bakersfield),deepseek-v4.1-flash,2,outcome_data_source_type,design,NDNH,ndnh,match,ndnh,ndnh,
green-jobs,Green Jobs and Health Care,KCCD (Bakersfield),deepseek-v4.1-flash,2,treatment_duration_months,design,2.5,2.5,match,2.5,2.5,
green-jobs,Green Jobs and Health Care,KCCD (Bakersfield),deepseek-v4.1-flash,2,program_takeup_impact,design,54.1,85.0,mismatch,54.1,85.0,
green-jobs,Green Jobs and Health Care,KCCD (Bakersfield),deepseek-v4.1-flash,2,st_emp_impact,employment,1.0,0.3,mismatch,1.0,0.3,
green-jobs,Green Jobs and Health Care,KCCD (Bakersfield),deepseek-v4.1-flash,2,st_emp_se,employment,,3.41,extra_value,,3.41,
green-jobs,Green Jobs and Health Care,KCCD (Bakersfield),deepseek-v4.1-flash,2,st_emp_stars,employment,,ns,match,ns,ns,
green-jobs,Green Jobs and Health Care,KCCD (Bakersfield),deepseek-v4.1-flash,2,st_emp_control_mean,employment,58.2,58.2,match,58.2,58.2,
green-jobs,Green Jobs and Health Care,KCCD (Bakersfield),deepseek-v4.1-flash,2,mt_emp_impact,employment,4.7,4.7,match,4.7,4.7,
green-jobs,Green Jobs and Health Care,KCCD (Bakersfield),deepseek-v4.1-flash,2,mt_emp_se,employment,,3.08,extra_value,,3.08,
green-jobs,Green Jobs and Health Care,KCCD (Bakersfield),deepseek-v4.1-flash,2,mt_emp_stars,employment,,ns,match,ns,ns,
green-jobs,Green Jobs and Health Care,KCCD (Bakersfield),deepseek-v4.1-flash,2,mt_emp_control_mean,employment,61.7,69.4,mismatch,61.7,69.4,
green-jobs,Green Jobs and Health Care,KCCD (Bakersfield),deepseek-v4.1-flash,2,lt_emp_impact,employment,,1.6,extra_value,,1.6,
green-jobs,Green Jobs and Health Care,KCCD (Bakersfield),deepseek-v4.1-flash,2,lt_emp_se,employment,,0.75,extra_value,,0.75,
green-jobs,Green Jobs and Health Care,KCCD (Bakersfield),deepseek-v4.1-flash,2,lt_emp_stars,employment,,**,extra_value,,**,
green-jobs,Green Jobs and Health Care,KCCD (Bakersfield),deepseek-v4.1-flash,2,lt_emp_control_mean,employment,,88.9,extra_value,,88.9,
green-jobs,Green Jobs and Health Care,KCCD (Bakersfield),deepseek-v4.1-flash,2,st_earn_impact,earnings,1338.0,55.0,mismatch,1338.0,220.0,"annualised (gold x1, model x4); raw mismatch"
green-jobs,Green Jobs and Health Care,KCCD (Bakersfield),deepseek-v4.1-flash,2,st_earn_se,earnings,,256.0,extra_value,,256.0,
green-jobs,Green Jobs and Health Care,KCCD (Bakersfield),deepseek-v4.1-flash,2,st_earn_stars,earnings,,ns,match,ns,ns,
green-jobs,Green Jobs and Health Care,KCCD (Bakersfield),deepseek-v4.1-flash,2,st_earn_control_mean,earnings,10892.0,2746.0,match,10892.0,10984.0,"annualised (gold x1, model x4); raw mismatch"
green-jobs,Green Jobs and Health Care,KCCD (Bakersfield),deepseek-v4.1-flash,2,mt_earn_impact,earnings,1520.0,1520.0,match,3040.0,3040.0,"annualised (gold x2, model x2); raw match"
green-jobs,Green Jobs and Health Care,KCCD (Bakersfield),deepseek-v4.1-flash,2,mt_earn_se,earnings,,601.0,extra_value,,601.0,
green-jobs,Green Jobs and Health Care,KCCD (Bakersfield),deepseek-v4.1-flash,2,mt_earn_stars,earnings,**,**,match,**,**,
green-jobs,Green Jobs and Health Care,KCCD (Bakersfield),deepseek-v4.1-flash,2,mt_earn_control_mean,earnings,7709.0,7709.0,match,15418.0,15418.0,"annualised (gold x2, model x2); raw match"
green-jobs,Green Jobs and Health Care,KCCD (Bakersfield),deepseek-v4.1-flash,2,lt_earn_impact,earnings,,3736.0,extra_value,,3736.0,
green-jobs,Green Jobs and Health Care,KCCD (Bakersfield),deepseek-v4.1-flash,2,lt_earn_se,earnings,,2696.0,extra_value,,2696.0,
green-jobs,Green Jobs and Health Care,KCCD (Bakersfield),deepseek-v4.1-flash,2,lt_earn_stars,earnings,,ns,extra_value,,ns,
green-jobs,Green Jobs and Health Care,KCCD (Bakersfield),deepseek-v4.1-flash,2,lt_earn_control_mean,earnings,,31063.0,extra_value,,31063.0,
green-jobs,Green Jobs and Health Care,KCCD (Bakersfield),deepseek-v4.1-flash,2,cost_per_treated,cost,,,both_null,,,
green-jobs,Green Jobs and Health Care,"NCTC (Gainesville, TX)",deepseek-v4.1-flash,2,training_role,classification,primary,primary,match,primary,primary,
green-jobs,Green Jobs and Health Care,"NCTC (Gainesville, TX)",deepseek-v4.1-flash,2,mandatory_voluntary,classification,voluntary,voluntary,match,voluntary,voluntary,
green-jobs,Green Jobs and Health Care,"NCTC (Gainesville, TX)",deepseek-v4.1-flash,2,funding_public_private,classification,public,public,match,public,public,
green-jobs,Green Jobs and Health Care,"NCTC (Gainesville, TX)",deepseek-v4.1-flash,2,admin_public_private,classification,public,public,match,public,public,
green-jobs,Green Jobs and Health Care,"NCTC (Gainesville, TX)",deepseek-v4.1-flash,2,has_classroom,classification,1,True,match,True,True,
green-jobs,Green Jobs and Health Care,"NCTC (Gainesville, TX)",deepseek-v4.1-flash,2,has_ojt,classification,0,True,mismatch,False,True,
green-jobs,Green Jobs and Health Care,"NCTC (Gainesville, TX)",deepseek-v4.1-flash,2,has_jsa,classification,1,True,match,True,True,
green-jobs,Green Jobs and Health Care,"NCTC (Gainesville, TX)",deepseek-v4.1-flash,2,has_multiple_components,classification,1,True,match,True,True,
green-jobs,Green Jobs and Health Care,"NCTC (Gainesville, TX)",deepseek-v4.1-flash,2,sector_program,classification,0,False,match,False,False,
green-jobs,Green Jobs and Health Care,"NCTC (Gainesville, TX)",deepseek-v4.1-flash,2,randomization_period,design,July 2011 – April 2013,July 2011 - April 2013,match,"(2011, 7)-(2013, 4)","(2011, 7)-(2013, 4)",
green-jobs,Green Jobs and Health Care,"NCTC (Gainesville, TX)",deepseek-v4.1-flash,2,n_treatment,design,550,555,match,550.0,555.0,
green-jobs,Green Jobs and Health Care,"NCTC (Gainesville, TX)",deepseek-v4.1-flash,2,n_control,design,434,440,match,434.0,440.0,
green-jobs,Green Jobs and Health Care,"NCTC (Gainesville, TX)",deepseek-v4.1-flash,2,outcome_data_source_type,design,NDNH,ndnh,match,ndnh,ndnh,
green-jobs,Green Jobs and Health Care,"NCTC (Gainesville, TX)",deepseek-v4.1-flash,2,treatment_duration_months,design,2.4,2.4,match,2.4,2.4,
green-jobs,Green Jobs and Health Care,"NCTC (Gainesville, TX)",deepseek-v4.1-flash,2,program_takeup_impact,design,29.3,81.0,mismatch,29.3,81.0,
green-jobs,Green Jobs and Health Care,"NCTC (Gainesville, TX)",deepseek-v4.1-flash,2,st_emp_impact,employment,-2.8,-1.4,mismatch,-2.8,-1.4,
green-jobs,Green Jobs and Health Care,"NCTC (Gainesville, TX)",deepseek-v4.1-flash,2,st_emp_se,employment,,2.69,extra_value,,2.69,
green-jobs,Green Jobs and Health Care,"NCTC (Gainesville, TX)",deepseek-v4.1-flash,2,st_emp_stars,employment,,ns,match,ns,ns,
green-jobs,Green Jobs and Health Care,"NCTC (Gainesville, TX)",deepseek-v4.1-flash,2,st_emp_control_mean,employment,69.5,68.7,match,69.5,68.7,
green-jobs,Green Jobs and Health Care,"NCTC (Gainesville, TX)",deepseek-v4.1-flash,2,mt_emp_impact,employment,-2.3,-2.3,match,-2.3,-2.3,
green-jobs,Green Jobs and Health Care,"NCTC (Gainesville, TX)",deepseek-v4.1-flash,2,mt_emp_se,employment,,2.39,extra_value,,2.39,
green-jobs,Green Jobs and Health Care,"NCTC (Gainesville, TX)",deepseek-v4.1-flash,2,mt_emp_stars,employment,,ns,match,ns,ns,
green-jobs,Green Jobs and Health Care,"NCTC (Gainesville, TX)",deepseek-v4.1-flash,2,mt_emp_control_mean,employment,82.3,82.3,match,82.3,82.3,
green-jobs,Green Jobs and Health Care,"NCTC (Gainesville, TX)",deepseek-v4.1-flash,2,lt_emp_impact,employment,,-0.4,extra_value,,-0.4,
green-jobs,Green Jobs and Health Care,"NCTC (Gainesville, TX)",deepseek-v4.1-flash,2,lt_emp_se,employment,,0.55,extra_value,,0.55,
green-jobs,Green Jobs and Health Care,"NCTC (Gainesville, TX)",deepseek-v4.1-flash,2,lt_emp_stars,employment,,ns,extra_value,,ns,
green-jobs,Green Jobs and Health Care,"NCTC (Gainesville, TX)",deepseek-v4.1-flash,2,lt_emp_control_mean,employment,,92.9,extra_value,,92.9,
green-jobs,Green Jobs and Health Care,"NCTC (Gainesville, TX)",deepseek-v4.1-flash,2,st_earn_impact,earnings,-202.0,29.0,mismatch,-202.0,116.0,"annualised (gold x1, model x4); raw mismatch"
green-jobs,Green Jobs and Health Care,"NCTC (Gainesville, TX)",deepseek-v4.1-flash,2,st_earn_se,earnings,,165.0,extra_value,,165.0,
green-jobs,Green Jobs and Health Care,"NCTC (Gainesville, TX)",deepseek-v4.1-flash,2,st_earn_stars,earnings,,ns,match,ns,ns,
green-jobs,Green Jobs and Health Care,"NCTC (Gainesville, TX)",deepseek-v4.1-flash,2,st_earn_control_mean,earnings,11937.0,2786.0,mismatch,11937.0,11144.0,"annualised (gold x1, model x4); raw mismatch"
green-jobs,Green Jobs and Health Care,"NCTC (Gainesville, TX)",deepseek-v4.1-flash,2,mt_earn_impact,earnings,-345.0,-345.0,match,-690.0,-690.0,"annualised (gold x2, model x2); raw match"
green-jobs,Green Jobs and Health Care,"NCTC (Gainesville, TX)",deepseek-v4.1-flash,2,mt_earn_se,earnings,,391.0,extra_value,,391.0,
green-jobs,Green Jobs and Health Care,"NCTC (Gainesville, TX)",deepseek-v4.1-flash,2,mt_earn_stars,earnings,,ns,match,ns,ns,
green-jobs,Green Jobs and Health Care,"NCTC (Gainesville, TX)",deepseek-v4.1-flash,2,mt_earn_control_mean,earnings,7945.0,7945.0,match,15890.0,15890.0,"annualised (gold x2, model x2); raw match"
green-jobs,Green Jobs and Health Care,"NCTC (Gainesville, TX)",deepseek-v4.1-flash,2,lt_earn_impact,earnings,,-812.0,extra_value,,-812.0,
green-jobs,Green Jobs and Health Care,"NCTC (Gainesville, TX)",deepseek-v4.1-flash,2,lt_earn_se,earnings,,1580.0,extra_value,,1580.0,
green-jobs,Green Jobs and Health Care,"NCTC (Gainesville, TX)",deepseek-v4.1-flash,2,lt_earn_stars,earnings,,ns,extra_value,,ns,
green-jobs,Green Jobs and Health Care,"NCTC (Gainesville, TX)",deepseek-v4.1-flash,2,lt_earn_control_mean,earnings,,32116.0,extra_value,,32116.0,
green-jobs,Green Jobs and Health Care,"NCTC (Gainesville, TX)",deepseek-v4.1-flash,2,cost_per_treated,cost,,,both_null,,,
jtpa,National JTPA Study,Adult women,claude-opus-5,1,training_role,classification,primary,primary,match,primary,primary,
jtpa,National JTPA Study,Adult women,claude-opus-5,1,mandatory_voluntary,classification,voluntary,voluntary,match,voluntary,voluntary,
jtpa,National JTPA Study,Adult women,claude-opus-5,1,funding_public_private,classification,public,public,match,public,public,
jtpa,National JTPA Study,Adult women,claude-opus-5,1,admin_public_private,classification,mixed,mixed,match,mixed,mixed,
jtpa,National JTPA Study,Adult women,claude-opus-5,1,has_classroom,classification,1,True,match,True,True,
jtpa,National JTPA Study,Adult women,claude-opus-5,1,has_ojt,classification,1,True,match,True,True,
jtpa,National JTPA Study,Adult women,claude-opus-5,1,has_jsa,classification,1,True,match,True,True,
jtpa,National JTPA Study,Adult women,claude-opus-5,1,has_multiple_components,classification,1,True,match,True,True,
jtpa,National JTPA Study,Adult women,claude-opus-5,1,sector_program,classification,0,False,match,False,False,
jtpa,National JTPA Study,Adult women,claude-opus-5,1,randomization_period,design,November 1987 – September 1989,November 1987 - September 1989,match,"(1987, 11)-(1989, 9)","(1987, 11)-(1989, 9)",
jtpa,National JTPA Study,Adult women,claude-opus-5,1,n_treatment,design,3631,3631,match,3631.0,3631.0,
jtpa,National JTPA Study,Adult women,claude-opus-5,1,n_control,design,1723,1723,match,1723.0,1723.0,
jtpa,National JTPA Study,Adult women,claude-opus-5,1,outcome_data_source_type,design,SSA earnings records,ssa,match,ssa,ssa,
jtpa,National JTPA Study,Adult women,claude-opus-5,1,treatment_duration_months,design,3.8,3.5,match,3.8,3.5,
jtpa,National JTPA Study,Adult women,claude-opus-5,1,program_takeup_impact,design,64.0,,abstained,64.0,,
jtpa,National JTPA Study,Adult women,claude-opus-5,1,st_emp_impact,employment,2.9,2.9,match,2.9,2.9,
jtpa,National JTPA Study,Adult women,claude-opus-5,1,st_emp_se,employment,1.2,,abstained,1.2,,
jtpa,National JTPA Study,Adult women,claude-opus-5,1,st_emp_stars,employment,**,**,match,**,**,
jtpa,National JTPA Study,Adult women,claude-opus-5,1,st_emp_control_mean,employment,77.4,77.4,match,77.4,77.4,
jtpa,National JTPA Study,Adult women,claude-opus-5,1,mt_emp_impact,employment,3.1,2.6,match,3.1,2.6,
jtpa,National JTPA Study,Adult women,claude-opus-5,1,mt_emp_se,employment,1.35,,abstained,1.35,,
jtpa,National JTPA Study,Adult women,claude-opus-5,1,mt_emp_stars,employment,**,**,match,**,**,
jtpa,National JTPA Study,Adult women,claude-opus-5,1,mt_emp_control_mean,employment,68.1,73.7,mismatch,68.1,73.7,
jtpa,National JTPA Study,Adult women,claude-opus-5,1,lt_emp_impact,employment,2.13,2.0,match,2.13,2.0,
jtpa,National JTPA Study,Adult women,claude-opus-5,1,lt_emp_se,employment,,,both_null,,,
jtpa,National JTPA Study,Adult women,claude-opus-5,1,lt_emp_stars,employment,,ns,match,ns,ns,
jtpa,National JTPA Study,Adult women,claude-opus-5,1,lt_emp_control_mean,employment,67.7,67.7,match,67.7,67.7,
jtpa,National JTPA Study,Adult women,claude-opus-5,1,st_earn_impact,earnings,379.0,379.0,match,379.0,379.0,"annualised (gold x1, model x1); raw match"
jtpa,National JTPA Study,Adult women,claude-opus-5,1,st_earn_se,earnings,145.0,145.0,match,145.0,145.0,"annualised (gold x1, model x1); raw match"
jtpa,National JTPA Study,Adult women,claude-opus-5,1,st_earn_stars,earnings,***,**,mismatch,***,**,
jtpa,National JTPA Study,Adult women,claude-opus-5,1,st_earn_control_mean,earnings,4323.0,4323.0,match,4323.0,4323.0,"annualised (gold x1, model x1); raw match"
jtpa,National JTPA Study,Adult women,claude-opus-5,1,mt_earn_impact,earnings,583.0,658.0,mismatch,583.0,658.0,"annualised (gold x1, model x1); raw mismatch"
jtpa,National JTPA Study,Adult women,claude-opus-5,1,mt_earn_se,earnings,196.0,178.0,match,196.0,178.0,"annualised (gold x1, model x1); raw match"
jtpa,National JTPA Study,Adult women,claude-opus-5,1,mt_earn_stars,earnings,***,**,mismatch,***,**,
jtpa,National JTPA Study,Adult women,claude-opus-5,1,mt_earn_control_mean,earnings,5319.0,5047.0,mismatch,5319.0,5047.0,"annualised (gold x1, model x1); raw mismatch"
jtpa,National JTPA Study,Adult women,claude-opus-5,1,lt_earn_impact,earnings,514.0,556.0,mismatch,514.0,556.0,"annualised (gold x1, model x1); raw mismatch"
jtpa,National JTPA Study,Adult women,claude-opus-5,1,lt_earn_se,earnings,213.0,218.0,match,213.0,218.0,"annualised (gold x1, model x1); raw match"
jtpa,National JTPA Study,Adult women,claude-opus-5,1,lt_earn_stars,earnings,**,**,match,**,**,
jtpa,National JTPA Study,Adult women,claude-opus-5,1,lt_earn_control_mean,earnings,5761.0,5811.0,match,5761.0,5811.0,"annualised (gold x1, model x1); raw match"
jtpa,National JTPA Study,Adult women,claude-opus-5,1,cost_per_treated,cost,2147.0,2400.0,mismatch,2147.0,2400.0,
jtpa,National JTPA Study,Adult men,claude-opus-5,1,training_role,classification,primary,primary,match,primary,primary,
jtpa,National JTPA Study,Adult men,claude-opus-5,1,mandatory_voluntary,classification,voluntary,voluntary,match,voluntary,voluntary,
jtpa,National JTPA Study,Adult men,claude-opus-5,1,funding_public_private,classification,public,public,match,public,public,
jtpa,National JTPA Study,Adult men,claude-opus-5,1,admin_public_private,classification,mixed,mixed,match,mixed,mixed,
jtpa,National JTPA Study,Adult men,claude-opus-5,1,has_classroom,classification,1,True,match,True,True,
jtpa,National JTPA Study,Adult men,claude-opus-5,1,has_ojt,classification,1,True,match,True,True,
jtpa,National JTPA Study,Adult men,claude-opus-5,1,has_jsa,classification,1,True,match,True,True,
jtpa,National JTPA Study,Adult men,claude-opus-5,1,has_multiple_components,classification,1,True,match,True,True,
jtpa,National JTPA Study,Adult men,claude-opus-5,1,sector_program,classification,0,False,match,False,False,
jtpa,National JTPA Study,Adult men,claude-opus-5,1,randomization_period,design,November 1987 – September 1989,November 1987 - September 1989,match,"(1987, 11)-(1989, 9)","(1987, 11)-(1989, 9)",
jtpa,National JTPA Study,Adult men,claude-opus-5,1,n_treatment,design,2874,2874,match,2874.0,2874.0,
jtpa,National JTPA Study,Adult men,claude-opus-5,1,n_control,design,1435,1435,match,1435.0,1435.0,
jtpa,National JTPA Study,Adult men,claude-opus-5,1,outcome_data_source_type,design,SSA earnings records,ssa,match,ssa,ssa,
jtpa,National JTPA Study,Adult men,claude-opus-5,1,treatment_duration_months,design,2.8,3.5,match,2.8,3.5,
jtpa,National JTPA Study,Adult men,claude-opus-5,1,program_takeup_impact,design,61.2,,abstained,61.2,,
jtpa,National JTPA Study,Adult men,claude-opus-5,1,st_emp_impact,employment,0.3,0.3,match,0.3,0.3,
jtpa,National JTPA Study,Adult men,claude-opus-5,1,st_emp_se,employment,1.1,,abstained,1.1,,
jtpa,National JTPA Study,Adult men,claude-opus-5,1,st_emp_stars,employment,,ns,match,ns,ns,
jtpa,National JTPA Study,Adult men,claude-opus-5,1,st_emp_control_mean,employment,86.4,86.4,match,86.4,86.4,
jtpa,National JTPA Study,Adult men,claude-opus-5,1,mt_emp_impact,employment,2.4,0.6,mismatch,2.4,0.6,
jtpa,National JTPA Study,Adult men,claude-opus-5,1,mt_emp_se,employment,1.4,,abstained,1.4,,
jtpa,National JTPA Study,Adult men,claude-opus-5,1,mt_emp_stars,employment,*,ns,mismatch,*,ns,
jtpa,National JTPA Study,Adult men,claude-opus-5,1,mt_emp_control_mean,employment,73.9,80.7,mismatch,73.9,80.7,
jtpa,National JTPA Study,Adult men,claude-opus-5,1,lt_emp_impact,employment,2.43,3.7,mismatch,2.43,3.7,
jtpa,National JTPA Study,Adult men,claude-opus-5,1,lt_emp_se,employment,,,both_null,,,
jtpa,National JTPA Study,Adult men,claude-opus-5,1,lt_emp_stars,employment,,**,mismatch,ns,**,
jtpa,National JTPA Study,Adult men,claude-opus-5,1,lt_emp_control_mean,employment,71.7,70.0,match,71.7,70.0,
jtpa,National JTPA Study,Adult men,claude-opus-5,1,st_earn_impact,earnings,491.0,491.0,match,491.0,491.0,"annualised (gold x1, model x1); raw match"
jtpa,National JTPA Study,Adult men,claude-opus-5,1,st_earn_se,earnings,216.0,216.0,match,216.0,216.0,"annualised (gold x1, model x1); raw match"
jtpa,National JTPA Study,Adult men,claude-opus-5,1,st_earn_stars,earnings,**,**,match,**,**,
jtpa,National JTPA Study,Adult men,claude-opus-5,1,st_earn_control_mean,earnings,6410.0,6410.0,match,6410.0,6410.0,"annualised (gold x1, model x1); raw match"
jtpa,National JTPA Study,Adult men,claude-opus-5,1,mt_earn_impact,earnings,573.0,538.0,mismatch,573.0,538.0,"annualised (gold x1, model x1); raw mismatch"
jtpa,National JTPA Study,Adult men,claude-opus-5,1,mt_earn_se,earnings,279.0,254.0,match,279.0,254.0,"annualised (gold x1, model x1); raw match"
jtpa,National JTPA Study,Adult men,claude-opus-5,1,mt_earn_stars,earnings,**,**,match,**,**,
jtpa,National JTPA Study,Adult men,claude-opus-5,1,mt_earn_control_mean,earnings,7363.0,7254.0,match,7363.0,7254.0,"annualised (gold x1, model x1); raw match"
jtpa,National JTPA Study,Adult men,claude-opus-5,1,lt_earn_impact,earnings,485.0,557.0,mismatch,485.0,557.0,"annualised (gold x1, model x1); raw mismatch"
jtpa,National JTPA Study,Adult men,claude-opus-5,1,lt_earn_se,earnings,302.0,302.0,match,302.0,302.0,"annualised (gold x1, model x1); raw match"
jtpa,National JTPA Study,Adult men,claude-opus-5,1,lt_earn_stars,earnings,,ns,match,ns,ns,
jtpa,National JTPA Study,Adult men,claude-opus-5,1,lt_earn_control_mean,earnings,7805.0,7725.0,match,7805.0,7725.0,"annualised (gold x1, model x1); raw match"
jtpa,National JTPA Study,Adult men,claude-opus-5,1,cost_per_treated,cost,1571.0,2400.0,mismatch,1571.0,2400.0,
jtpa,National JTPA Study,Female out-of-school youths,claude-opus-5,1,training_role,classification,primary,primary,match,primary,primary,
jtpa,National JTPA Study,Female out-of-school youths,claude-opus-5,1,mandatory_voluntary,classification,voluntary,voluntary,match,voluntary,voluntary,
jtpa,National JTPA Study,Female out-of-school youths,claude-opus-5,1,funding_public_private,classification,public,public,match,public,public,
jtpa,National JTPA Study,Female out-of-school youths,claude-opus-5,1,admin_public_private,classification,mixed,mixed,match,mixed,mixed,
jtpa,National JTPA Study,Female out-of-school youths,claude-opus-5,1,has_classroom,classification,1,True,match,True,True,
jtpa,National JTPA Study,Female out-of-school youths,claude-opus-5,1,has_ojt,classification,1,True,match,True,True,
jtpa,National JTPA Study,Female out-of-school youths,claude-opus-5,1,has_jsa,classification,1,True,match,True,True,
jtpa,National JTPA Study,Female out-of-school youths,claude-opus-5,1,has_multiple_components,classification,1,True,match,True,True,
jtpa,National JTPA Study,Female out-of-school youths,claude-opus-5,1,sector_program,classification,0,False,match,False,False,
jtpa,National JTPA Study,Female out-of-school youths,claude-opus-5,1,randomization_period,design,November 1987 – September 1989,November 1987 - September 1989,match,"(1987, 11)-(1989, 9)","(1987, 11)-(1989, 9)",
jtpa,National JTPA Study,Female out-of-school youths,claude-opus-5,1,n_treatment,design,1593,1593,match,1593.0,1593.0,
jtpa,National JTPA Study,Female out-of-school youths,claude-opus-5,1,n_control,design,707,707,match,707.0,707.0,
jtpa,National JTPA Study,Female out-of-school youths,claude-opus-5,1,outcome_data_source_type,design,SSA earnings records,ssa,match,ssa,ssa,
jtpa,National JTPA Study,Female out-of-school youths,claude-opus-5,1,treatment_duration_months,design,4.3,3.5,match,4.3,3.5,
jtpa,National JTPA Study,Female out-of-school youths,claude-opus-5,1,program_takeup_impact,design,64.2,,abstained,64.2,,
jtpa,National JTPA Study,Female out-of-school youths,claude-opus-5,1,st_emp_impact,employment,2.4,2.4,match,2.4,2.4,
jtpa,National JTPA Study,Female out-of-school youths,claude-opus-5,1,st_emp_se,employment,1.8,,abstained,1.8,,
jtpa,National JTPA Study,Female out-of-school youths,claude-opus-5,1,st_emp_stars,employment,,ns,match,ns,ns,
jtpa,National JTPA Study,Female out-of-school youths,claude-opus-5,1,st_emp_control_mean,employment,79.6,79.6,match,79.6,79.6,
jtpa,National JTPA Study,Female out-of-school youths,claude-opus-5,1,mt_emp_impact,employment,-1.3,1.5,mismatch,-1.3,1.5,
jtpa,National JTPA Study,Female out-of-school youths,claude-opus-5,1,mt_emp_se,employment,1.96,,abstained,1.96,,
jtpa,National JTPA Study,Female out-of-school youths,claude-opus-5,1,mt_emp_stars,employment,,ns,match,ns,ns,
jtpa,National JTPA Study,Female out-of-school youths,claude-opus-5,1,mt_emp_control_mean,employment,75.1,78.2,match,75.1,78.2,
jtpa,National JTPA Study,Female out-of-school youths,claude-opus-5,1,lt_emp_impact,employment,0.2,1.0,mismatch,0.2,1.0,
jtpa,National JTPA Study,Female out-of-school youths,claude-opus-5,1,lt_emp_se,employment,,,both_null,,,
jtpa,National JTPA Study,Female out-of-school youths,claude-opus-5,1,lt_emp_stars,employment,,ns,match,ns,ns,
jtpa,National JTPA Study,Female out-of-school youths,claude-opus-5,1,lt_emp_control_mean,employment,72.9,70.7,match,72.9,70.7,
jtpa,National JTPA Study,Female out-of-school youths,claude-opus-5,1,st_earn_impact,earnings,-50.0,-50.0,match,-50.0,-50.0,"annualised (gold x1, model x1); raw match"
jtpa,National JTPA Study,Female out-of-school youths,claude-opus-5,1,st_earn_se,earnings,172.0,172.0,match,172.0,172.0,"annualised (gold x1, model x1); raw match"
jtpa,National JTPA Study,Female out-of-school youths,claude-opus-5,1,st_earn_stars,earnings,,ns,match,ns,ns,
jtpa,National JTPA Study,Female out-of-school youths,claude-opus-5,1,st_earn_control_mean,earnings,3389.0,3389.0,match,3389.0,3389.0,"annualised (gold x1, model x1); raw match"
jtpa,National JTPA Study,Female out-of-school youths,claude-opus-5,1,mt_earn_impact,earnings,10.0,-80.0,mismatch,10.0,-80.0,"annualised (gold x1, model x1); raw mismatch"
jtpa,National JTPA Study,Female out-of-school youths,claude-opus-5,1,mt_earn_se,earnings,240.0,209.0,mismatch,240.0,209.0,"annualised (gold x1, model x1); raw mismatch"
jtpa,National JTPA Study,Female out-of-school youths,claude-opus-5,1,mt_earn_stars,earnings,,ns,match,ns,ns,
jtpa,National JTPA Study,Female out-of-school youths,claude-opus-5,1,mt_earn_control_mean,earnings,4383.0,4125.0,mismatch,4383.0,4125.0,"annualised (gold x1, model x1); raw mismatch"
jtpa,National JTPA Study,Female out-of-school youths,claude-opus-5,1,lt_earn_impact,earnings,186.0,324.0,mismatch,186.0,324.0,"annualised (gold x1, model x1); raw mismatch"
jtpa,National JTPA Study,Female out-of-school youths,claude-opus-5,1,lt_earn_se,earnings,268.0,270.0,match,268.0,270.0,"annualised (gold x1, model x1); raw match"
jtpa,National JTPA Study,Female out-of-school youths,claude-opus-5,1,lt_earn_stars,earnings,,ns,match,ns,ns,
jtpa,National JTPA Study,Female out-of-school youths,claude-opus-5,1,lt_earn_control_mean,earnings,4734.0,4610.0,match,4734.0,4610.0,"annualised (gold x1, model x1); raw match"
jtpa,National JTPA Study,Female out-of-school youths,claude-opus-5,1,cost_per_treated,cost,2717.0,2400.0,mismatch,2717.0,2400.0,
jtpa,National JTPA Study,Male out-of-school youths,claude-opus-5,1,training_role,classification,primary,primary,match,primary,primary,
jtpa,National JTPA Study,Male out-of-school youths,claude-opus-5,1,mandatory_voluntary,classification,voluntary,voluntary,match,voluntary,voluntary,
jtpa,National JTPA Study,Male out-of-school youths,claude-opus-5,1,funding_public_private,classification,public,public,match,public,public,
jtpa,National JTPA Study,Male out-of-school youths,claude-opus-5,1,admin_public_private,classification,mixed,mixed,match,mixed,mixed,
jtpa,National JTPA Study,Male out-of-school youths,claude-opus-5,1,has_classroom,classification,1,True,match,True,True,
jtpa,National JTPA Study,Male out-of-school youths,claude-opus-5,1,has_ojt,classification,1,True,match,True,True,
jtpa,National JTPA Study,Male out-of-school youths,claude-opus-5,1,has_jsa,classification,1,True,match,True,True,
jtpa,National JTPA Study,Male out-of-school youths,claude-opus-5,1,has_multiple_components,classification,1,True,match,True,True,
jtpa,National JTPA Study,Male out-of-school youths,claude-opus-5,1,sector_program,classification,0,False,match,False,False,
jtpa,National JTPA Study,Male out-of-school youths,claude-opus-5,1,randomization_period,design,November 1987 – September 1989,November 1987 - September 1989,match,"(1987, 11)-(1989, 9)","(1987, 11)-(1989, 9)",
jtpa,National JTPA Study,Male out-of-school youths,claude-opus-5,1,n_treatment,design,1177,1177,match,1177.0,1177.0,
jtpa,National JTPA Study,Male out-of-school youths,claude-opus-5,1,n_control,design,559,559,match,559.0,559.0,
jtpa,National JTPA Study,Male out-of-school youths,claude-opus-5,1,outcome_data_source_type,design,SSA earnings records,ssa,match,ssa,ssa,
jtpa,National JTPA Study,Male out-of-school youths,claude-opus-5,1,treatment_duration_months,design,3.2,3.5,match,3.2,3.5,
jtpa,National JTPA Study,Male out-of-school youths,claude-opus-5,1,program_takeup_impact,design,68.0,,abstained,68.0,,
jtpa,National JTPA Study,Male out-of-school youths,claude-opus-5,1,st_emp_impact,employment,-1.6,-1.6,match,-1.6,-1.6,
jtpa,National JTPA Study,Male out-of-school youths,claude-opus-5,1,st_emp_se,employment,1.43,,abstained,1.43,,
jtpa,National JTPA Study,Male out-of-school youths,claude-opus-5,1,st_emp_stars,employment,,ns,match,ns,ns,
jtpa,National JTPA Study,Male out-of-school youths,claude-opus-5,1,st_emp_control_mean,employment,92.1,92.1,match,92.1,92.1,
jtpa,National JTPA Study,Male out-of-school youths,claude-opus-5,1,mt_emp_impact,employment,-0.4,0.6,mismatch,-0.4,0.6,
jtpa,National JTPA Study,Male out-of-school youths,claude-opus-5,1,mt_emp_se,employment,1.95,,abstained,1.95,,
jtpa,National JTPA Study,Male out-of-school youths,claude-opus-5,1,mt_emp_stars,employment,,ns,match,ns,ns,
jtpa,National JTPA Study,Male out-of-school youths,claude-opus-5,1,mt_emp_control_mean,employment,82.6,87.8,mismatch,82.6,87.8,
jtpa,National JTPA Study,Male out-of-school youths,claude-opus-5,1,lt_emp_impact,employment,1.4,1.0,match,1.4,1.0,
jtpa,National JTPA Study,Male out-of-school youths,claude-opus-5,1,lt_emp_se,employment,,,both_null,,,
jtpa,National JTPA Study,Male out-of-school youths,claude-opus-5,1,lt_emp_stars,employment,,ns,match,ns,ns,
jtpa,National JTPA Study,Male out-of-school youths,claude-opus-5,1,lt_emp_control_mean,employment,79.8,79.4,match,79.8,79.4,
jtpa,National JTPA Study,Male out-of-school youths,claude-opus-5,1,st_earn_impact,earnings,-180.0,-180.0,match,-180.0,-180.0,"annualised (gold x1, model x1); raw match"
jtpa,National JTPA Study,Male out-of-school youths,claude-opus-5,1,st_earn_se,earnings,243.0,243.0,match,243.0,243.0,"annualised (gold x1, model x1); raw match"
jtpa,National JTPA Study,Male out-of-school youths,claude-opus-5,1,st_earn_stars,earnings,,ns,match,ns,ns,
jtpa,National JTPA Study,Male out-of-school youths,claude-opus-5,1,st_earn_control_mean,earnings,4792.0,4792.0,match,4792.0,4792.0,"annualised (gold x1, model x1); raw match"
jtpa,National JTPA Study,Male out-of-school youths,claude-opus-5,1,mt_earn_impact,earnings,-367.0,-343.0,mismatch,-367.0,-343.0,"annualised (gold x1, model x1); raw mismatch"
jtpa,National JTPA Study,Male out-of-school youths,claude-opus-5,1,mt_earn_se,earnings,338.0,297.0,mismatch,338.0,297.0,"annualised (gold x1, model x1); raw mismatch"
jtpa,National JTPA Study,Male out-of-school youths,claude-opus-5,1,mt_earn_stars,earnings,,ns,match,ns,ns,
jtpa,National JTPA Study,Male out-of-school youths,claude-opus-5,1,mt_earn_control_mean,earnings,6497.0,5963.0,mismatch,6497.0,5963.0,"annualised (gold x1, model x1); raw mismatch"
jtpa,National JTPA Study,Male out-of-school youths,claude-opus-5,1,lt_earn_impact,earnings,224.0,262.0,mismatch,224.0,262.0,"annualised (gold x1, model x1); raw mismatch"
jtpa,National JTPA Study,Male out-of-school youths,claude-opus-5,1,lt_earn_se,earnings,378.0,378.0,match,378.0,378.0,"annualised (gold x1, model x1); raw match"
jtpa,National JTPA Study,Male out-of-school youths,claude-opus-5,1,lt_earn_stars,earnings,,ns,match,ns,ns,
jtpa,National JTPA Study,Male out-of-school youths,claude-opus-5,1,lt_earn_control_mean,earnings,6567.0,6425.0,match,6567.0,6425.0,"annualised (gold x1, model x1); raw match"
jtpa,National JTPA Study,Male out-of-school youths,claude-opus-5,1,cost_per_treated,cost,2767.0,2400.0,mismatch,2767.0,2400.0,
jtpa,National JTPA Study,Adult women,deepseek-v4.1-flash,1,training_role,classification,primary,primary,match,primary,primary,
jtpa,National JTPA Study,Adult women,deepseek-v4.1-flash,1,mandatory_voluntary,classification,voluntary,voluntary,match,voluntary,voluntary,
jtpa,National JTPA Study,Adult women,deepseek-v4.1-flash,1,funding_public_private,classification,public,public,match,public,public,
jtpa,National JTPA Study,Adult women,deepseek-v4.1-flash,1,admin_public_private,classification,mixed,mixed,match,mixed,mixed,
jtpa,National JTPA Study,Adult women,deepseek-v4.1-flash,1,has_classroom,classification,1,True,match,True,True,
jtpa,National JTPA Study,Adult women,deepseek-v4.1-flash,1,has_ojt,classification,1,True,match,True,True,
jtpa,National JTPA Study,Adult women,deepseek-v4.1-flash,1,has_jsa,classification,1,True,match,True,True,
jtpa,National JTPA Study,Adult women,deepseek-v4.1-flash,1,has_multiple_components,classification,1,True,match,True,True,
jtpa,National JTPA Study,Adult women,deepseek-v4.1-flash,1,sector_program,classification,0,False,match,False,False,
jtpa,National JTPA Study,Adult women,deepseek-v4.1-flash,1,randomization_period,design,November 1987 – September 1989,November 1987 - September 1989,match,"(1987, 11)-(1989, 9)","(1987, 11)-(1989, 9)",
jtpa,National JTPA Study,Adult women,deepseek-v4.1-flash,1,n_treatment,design,3631,3631,match,3631.0,3631.0,
jtpa,National JTPA Study,Adult women,deepseek-v4.1-flash,1,n_control,design,1723,1723,match,1723.0,1723.0,
jtpa,National JTPA Study,Adult women,deepseek-v4.1-flash,1,outcome_data_source_type,design,SSA earnings records,ssa,match,ssa,ssa,
jtpa,National JTPA Study,Adult women,deepseek-v4.1-flash,1,treatment_duration_months,design,3.8,3.5,match,3.8,3.5,
jtpa,National JTPA Study,Adult women,deepseek-v4.1-flash,1,program_takeup_impact,design,64.0,,abstained,64.0,,
jtpa,National JTPA Study,Adult women,deepseek-v4.1-flash,1,st_emp_impact,employment,2.9,2.9,match,2.9,2.9,
jtpa,National JTPA Study,Adult women,deepseek-v4.1-flash,1,st_emp_se,employment,1.2,,abstained,1.2,,
jtpa,National JTPA Study,Adult women,deepseek-v4.1-flash,1,st_emp_stars,employment,**,**,match,**,**,
jtpa,National JTPA Study,Adult women,deepseek-v4.1-flash,1,st_emp_control_mean,employment,77.4,77.4,match,77.4,77.4,
jtpa,National JTPA Study,Adult women,deepseek-v4.1-flash,1,mt_emp_impact,employment,3.1,2.6,match,3.1,2.6,
jtpa,National JTPA Study,Adult women,deepseek-v4.1-flash,1,mt_emp_se,employment,1.35,,abstained,1.35,,
jtpa,National JTPA Study,Adult women,deepseek-v4.1-flash,1,mt_emp_stars,employment,**,**,match,**,**,
jtpa,National JTPA Study,Adult women,deepseek-v4.1-flash,1,mt_emp_control_mean,employment,68.1,73.7,mismatch,68.1,73.7,
jtpa,National JTPA Study,Adult women,deepseek-v4.1-flash,1,lt_emp_impact,employment,2.13,1.3,mismatch,2.13,1.3,
jtpa,National JTPA Study,Adult women,deepseek-v4.1-flash,1,lt_emp_se,employment,,,both_null,,,
jtpa,National JTPA Study,Adult women,deepseek-v4.1-flash,1,lt_emp_stars,employment,,ns,match,ns,ns,
jtpa,National JTPA Study,Adult women,deepseek-v4.1-flash,1,lt_emp_control_mean,employment,67.7,67.4,match,67.7,67.4,
jtpa,National JTPA Study,Adult women,deepseek-v4.1-flash,1,st_earn_impact,earnings,379.0,379.0,match,379.0,379.0,"annualised (gold x1, model x1); raw match"
jtpa,National JTPA Study,Adult women,deepseek-v4.1-flash,1,st_earn_se,earnings,145.0,145.0,match,145.0,145.0,"annualised (gold x1, model x1); raw match"
jtpa,National JTPA Study,Adult women,deepseek-v4.1-flash,1,st_earn_stars,earnings,***,**,mismatch,***,**,
jtpa,National JTPA Study,Adult women,deepseek-v4.1-flash,1,st_earn_control_mean,earnings,4323.0,4323.0,match,4323.0,4323.0,"annualised (gold x1, model x1); raw match"
jtpa,National JTPA Study,Adult women,deepseek-v4.1-flash,1,mt_earn_impact,earnings,583.0,658.0,mismatch,583.0,658.0,"annualised (gold x1, model x1); raw mismatch"
jtpa,National JTPA Study,Adult women,deepseek-v4.1-flash,1,mt_earn_se,earnings,196.0,178.0,match,196.0,178.0,"annualised (gold x1, model x1); raw match"
jtpa,National JTPA Study,Adult women,deepseek-v4.1-flash,1,mt_earn_stars,earnings,***,**,mismatch,***,**,
jtpa,National JTPA Study,Adult women,deepseek-v4.1-flash,1,mt_earn_control_mean,earnings,5319.0,5047.0,mismatch,5319.0,5047.0,"annualised (gold x1, model x1); raw mismatch"
jtpa,National JTPA Study,Adult women,deepseek-v4.1-flash,1,lt_earn_impact,earnings,514.0,402.0,mismatch,514.0,402.0,"annualised (gold x1, model x1); raw mismatch"
jtpa,National JTPA Study,Adult women,deepseek-v4.1-flash,1,lt_earn_se,earnings,213.0,225.0,match,213.0,225.0,"annualised (gold x1, model x1); raw match"
jtpa,National JTPA Study,Adult women,deepseek-v4.1-flash,1,lt_earn_stars,earnings,**,ns,mismatch,**,ns,
jtpa,National JTPA Study,Adult women,deepseek-v4.1-flash,1,lt_earn_control_mean,earnings,5761.0,6154.0,mismatch,5761.0,6154.0,"annualised (gold x1, model x1); raw mismatch"
jtpa,National JTPA Study,Adult women,deepseek-v4.1-flash,1,cost_per_treated,cost,2147.0,2400.0,mismatch,2147.0,2400.0,
jtpa,National JTPA Study,Adult men,deepseek-v4.1-flash,1,training_role,classification,primary,primary,match,primary,primary,
jtpa,National JTPA Study,Adult men,deepseek-v4.1-flash,1,mandatory_voluntary,classification,voluntary,voluntary,match,voluntary,voluntary,
jtpa,National JTPA Study,Adult men,deepseek-v4.1-flash,1,funding_public_private,classification,public,public,match,public,public,
jtpa,National JTPA Study,Adult men,deepseek-v4.1-flash,1,admin_public_private,classification,mixed,mixed,match,mixed,mixed,
jtpa,National JTPA Study,Adult men,deepseek-v4.1-flash,1,has_classroom,classification,1,True,match,True,True,
jtpa,National JTPA Study,Adult men,deepseek-v4.1-flash,1,has_ojt,classification,1,True,match,True,True,
jtpa,National JTPA Study,Adult men,deepseek-v4.1-flash,1,has_jsa,classification,1,True,match,True,True,
jtpa,National JTPA Study,Adult men,deepseek-v4.1-flash,1,has_multiple_components,classification,1,True,match,True,True,
jtpa,National JTPA Study,Adult men,deepseek-v4.1-flash,1,sector_program,classification,0,False,match,False,False,
jtpa,National JTPA Study,Adult men,deepseek-v4.1-flash,1,randomization_period,design,November 1987 – September 1989,November 1987 - September 1989,match,"(1987, 11)-(1989, 9)","(1987, 11)-(1989, 9)",
jtpa,National JTPA Study,Adult men,deepseek-v4.1-flash,1,n_treatment,design,2874,2874,match,2874.0,2874.0,
jtpa,National JTPA Study,Adult men,deepseek-v4.1-flash,1,n_control,design,1435,1435,match,1435.0,1435.0,
jtpa,National JTPA Study,Adult men,deepseek-v4.1-flash,1,outcome_data_source_type,design,SSA earnings records,ssa,match,ssa,ssa,
jtpa,National JTPA Study,Adult men,deepseek-v4.1-flash,1,treatment_duration_months,design,2.8,3.5,match,2.8,3.5,
jtpa,National JTPA Study,Adult men,deepseek-v4.1-flash,1,program_takeup_impact,design,61.2,,abstained,61.2,,
jtpa,National JTPA Study,Adult men,deepseek-v4.1-flash,1,st_emp_impact,employment,0.3,0.3,match,0.3,0.3,
jtpa,National JTPA Study,Adult men,deepseek-v4.1-flash,1,st_emp_se,employment,1.1,,abstained,1.1,,
jtpa,National JTPA Study,Adult men,deepseek-v4.1-flash,1,st_emp_stars,employment,,ns,match,ns,ns,
jtpa,National JTPA Study,Adult men,deepseek-v4.1-flash,1,st_emp_control_mean,employment,86.4,86.4,match,86.4,86.4,
jtpa,National JTPA Study,Adult men,deepseek-v4.1-flash,1,mt_emp_impact,employment,2.4,0.6,mismatch,2.4,0.6,
jtpa,National JTPA Study,Adult men,deepseek-v4.1-flash,1,mt_emp_se,employment,1.4,,abstained,1.4,,
jtpa,National JTPA Study,Adult men,deepseek-v4.1-flash,1,mt_emp_stars,employment,*,ns,mismatch,*,ns,
jtpa,National JTPA Study,Adult men,deepseek-v4.1-flash,1,mt_emp_control_mean,employment,73.9,80.7,mismatch,73.9,80.7,
jtpa,National JTPA Study,Adult men,deepseek-v4.1-flash,1,lt_emp_impact,employment,2.43,1.2,mismatch,2.43,1.2,
jtpa,National JTPA Study,Adult men,deepseek-v4.1-flash,1,lt_emp_se,employment,,,both_null,,,
jtpa,National JTPA Study,Adult men,deepseek-v4.1-flash,1,lt_emp_stars,employment,,ns,match,ns,ns,
jtpa,National JTPA Study,Adult men,deepseek-v4.1-flash,1,lt_emp_control_mean,employment,71.7,71.1,match,71.7,71.1,
jtpa,National JTPA Study,Adult men,deepseek-v4.1-flash,1,st_earn_impact,earnings,491.0,491.0,match,491.0,491.0,"annualised (gold x1, model x1); raw match"
jtpa,National JTPA Study,Adult men,deepseek-v4.1-flash,1,st_earn_se,earnings,216.0,216.0,match,216.0,216.0,"annualised (gold x1, model x1); raw match"
jtpa,National JTPA Study,Adult men,deepseek-v4.1-flash,1,st_earn_stars,earnings,**,**,match,**,**,
jtpa,National JTPA Study,Adult men,deepseek-v4.1-flash,1,st_earn_control_mean,earnings,6410.0,6410.0,match,6410.0,6410.0,"annualised (gold x1, model x1); raw match"
jtpa,National JTPA Study,Adult men,deepseek-v4.1-flash,1,mt_earn_impact,earnings,573.0,538.0,mismatch,573.0,538.0,"annualised (gold x1, model x1); raw mismatch"
jtpa,National JTPA Study,Adult men,deepseek-v4.1-flash,1,mt_earn_se,earnings,279.0,254.0,match,279.0,254.0,"annualised (gold x1, model x1); raw match"
jtpa,National JTPA Study,Adult men,deepseek-v4.1-flash,1,mt_earn_stars,earnings,**,**,match,**,**,
jtpa,National JTPA Study,Adult men,deepseek-v4.1-flash,1,mt_earn_control_mean,earnings,7363.0,7254.0,match,7363.0,7254.0,"annualised (gold x1, model x1); raw match"
jtpa,National JTPA Study,Adult men,deepseek-v4.1-flash,1,lt_earn_impact,earnings,485.0,325.0,mismatch,485.0,325.0,"annualised (gold x1, model x1); raw mismatch"
jtpa,National JTPA Study,Adult men,deepseek-v4.1-flash,1,lt_earn_se,earnings,302.0,322.0,match,302.0,322.0,"annualised (gold x1, model x1); raw match"
jtpa,National JTPA Study,Adult men,deepseek-v4.1-flash,1,lt_earn_stars,earnings,,ns,match,ns,ns,
jtpa,National JTPA Study,Adult men,deepseek-v4.1-flash,1,lt_earn_control_mean,earnings,7805.0,8326.0,mismatch,7805.0,8326.0,"annualised (gold x1, model x1); raw mismatch"
jtpa,National JTPA Study,Adult men,deepseek-v4.1-flash,1,cost_per_treated,cost,1571.0,2400.0,mismatch,1571.0,2400.0,
jtpa,National JTPA Study,Female out-of-school youths,deepseek-v4.1-flash,1,training_role,classification,primary,primary,match,primary,primary,
jtpa,National JTPA Study,Female out-of-school youths,deepseek-v4.1-flash,1,mandatory_voluntary,classification,voluntary,voluntary,match,voluntary,voluntary,
jtpa,National JTPA Study,Female out-of-school youths,deepseek-v4.1-flash,1,funding_public_private,classification,public,public,match,public,public,
jtpa,National JTPA Study,Female out-of-school youths,deepseek-v4.1-flash,1,admin_public_private,classification,mixed,mixed,match,mixed,mixed,
jtpa,National JTPA Study,Female out-of-school youths,deepseek-v4.1-flash,1,has_classroom,classification,1,True,match,True,True,
jtpa,National JTPA Study,Female out-of-school youths,deepseek-v4.1-flash,1,has_ojt,classification,1,True,match,True,True,
jtpa,National JTPA Study,Female out-of-school youths,deepseek-v4.1-flash,1,has_jsa,classification,1,True,match,True,True,
jtpa,National JTPA Study,Female out-of-school youths,deepseek-v4.1-flash,1,has_multiple_components,classification,1,True,match,True,True,
jtpa,National JTPA Study,Female out-of-school youths,deepseek-v4.1-flash,1,sector_program,classification,0,False,match,False,False,
jtpa,National JTPA Study,Female out-of-school youths,deepseek-v4.1-flash,1,randomization_period,design,November 1987 – September 1989,November 1987 - September 1989,match,"(1987, 11)-(1989, 9)","(1987, 11)-(1989, 9)",
jtpa,National JTPA Study,Female out-of-school youths,deepseek-v4.1-flash,1,n_treatment,design,1593,1593,match,1593.0,1593.0,
jtpa,National JTPA Study,Female out-of-school youths,deepseek-v4.1-flash,1,n_control,design,707,707,match,707.0,707.0,
jtpa,National JTPA Study,Female out-of-school youths,deepseek-v4.1-flash,1,outcome_data_source_type,design,SSA earnings records,ssa,match,ssa,ssa,
jtpa,National JTPA Study,Female out-of-school youths,deepseek-v4.1-flash,1,treatment_duration_months,design,4.3,3.5,match,4.3,3.5,
jtpa,National JTPA Study,Female out-of-school youths,deepseek-v4.1-flash,1,program_takeup_impact,design,64.2,,abstained,64.2,,
jtpa,National JTPA Study,Female out-of-school youths,deepseek-v4.1-flash,1,st_emp_impact,employment,2.4,2.4,match,2.4,2.4,
jtpa,National JTPA Study,Female out-of-school youths,deepseek-v4.1-flash,1,st_emp_se,employment,1.8,,abstained,1.8,,
jtpa,National JTPA Study,Female out-of-school youths,deepseek-v4.1-flash,1,st_emp_stars,employment,,ns,match,ns,ns,
jtpa,National JTPA Study,Female out-of-school youths,deepseek-v4.1-flash,1,st_emp_control_mean,employment,79.6,79.6,match,79.6,79.6,
jtpa,National JTPA Study,Female out-of-school youths,deepseek-v4.1-flash,1,mt_emp_impact,employment,-1.3,1.5,mismatch,-1.3,1.5,
jtpa,National JTPA Study,Female out-of-school youths,deepseek-v4.1-flash,1,mt_emp_se,employment,1.96,,abstained,1.96,,
jtpa,National JTPA Study,Female out-of-school youths,deepseek-v4.1-flash,1,mt_emp_stars,employment,,ns,match,ns,ns,
jtpa,National JTPA Study,Female out-of-school youths,deepseek-v4.1-flash,1,mt_emp_control_mean,employment,75.1,78.2,match,75.1,78.2,
jtpa,National JTPA Study,Female out-of-school youths,deepseek-v4.1-flash,1,lt_emp_impact,employment,0.2,0.9,mismatch,0.2,0.9,
jtpa,National JTPA Study,Female out-of-school youths,deepseek-v4.1-flash,1,lt_emp_se,employment,,,both_null,,,
jtpa,National JTPA Study,Female out-of-school youths,deepseek-v4.1-flash,1,lt_emp_stars,employment,,ns,match,ns,ns,
jtpa,National JTPA Study,Female out-of-school youths,deepseek-v4.1-flash,1,lt_emp_control_mean,employment,72.9,73.0,match,72.9,73.0,
jtpa,National JTPA Study,Female out-of-school youths,deepseek-v4.1-flash,1,st_earn_impact,earnings,-50.0,-50.0,match,-50.0,-50.0,"annualised (gold x1, model x1); raw match"
jtpa,National JTPA Study,Female out-of-school youths,deepseek-v4.1-flash,1,st_earn_se,earnings,172.0,172.0,match,172.0,172.0,"annualised (gold x1, model x1); raw match"
jtpa,National JTPA Study,Female out-of-school youths,deepseek-v4.1-flash,1,st_earn_stars,earnings,,ns,match,ns,ns,
jtpa,National JTPA Study,Female out-of-school youths,deepseek-v4.1-flash,1,st_earn_control_mean,earnings,3389.0,3389.0,match,3389.0,3389.0,"annualised (gold x1, model x1); raw match"
jtpa,National JTPA Study,Female out-of-school youths,deepseek-v4.1-flash,1,mt_earn_impact,earnings,10.0,-80.0,mismatch,10.0,-80.0,"annualised (gold x1, model x1); raw mismatch"
jtpa,National JTPA Study,Female out-of-school youths,deepseek-v4.1-flash,1,mt_earn_se,earnings,240.0,209.0,mismatch,240.0,209.0,"annualised (gold x1, model x1); raw mismatch"
jtpa,National JTPA Study,Female out-of-school youths,deepseek-v4.1-flash,1,mt_earn_stars,earnings,,ns,match,ns,ns,
jtpa,National JTPA Study,Female out-of-school youths,deepseek-v4.1-flash,1,mt_earn_control_mean,earnings,4383.0,4125.0,mismatch,4383.0,4125.0,"annualised (gold x1, model x1); raw mismatch"
jtpa,National JTPA Study,Female out-of-school youths,deepseek-v4.1-flash,1,lt_earn_impact,earnings,186.0,224.0,mismatch,186.0,224.0,"annualised (gold x1, model x1); raw mismatch"
jtpa,National JTPA Study,Female out-of-school youths,deepseek-v4.1-flash,1,lt_earn_se,earnings,268.0,291.0,match,268.0,291.0,"annualised (gold x1, model x1); raw match"
jtpa,National JTPA Study,Female out-of-school youths,deepseek-v4.1-flash,1,lt_earn_stars,earnings,,ns,match,ns,ns,
jtpa,National JTPA Study,Female out-of-school youths,deepseek-v4.1-flash,1,lt_earn_control_mean,earnings,4734.0,5209.0,mismatch,4734.0,5209.0,"annualised (gold x1, model x1); raw mismatch"
jtpa,National JTPA Study,Female out-of-school youths,deepseek-v4.1-flash,1,cost_per_treated,cost,2717.0,2400.0,mismatch,2717.0,2400.0,
jtpa,National JTPA Study,Male out-of-school youths,deepseek-v4.1-flash,1,training_role,classification,primary,primary,match,primary,primary,
jtpa,National JTPA Study,Male out-of-school youths,deepseek-v4.1-flash,1,mandatory_voluntary,classification,voluntary,voluntary,match,voluntary,voluntary,
jtpa,National JTPA Study,Male out-of-school youths,deepseek-v4.1-flash,1,funding_public_private,classification,public,public,match,public,public,
jtpa,National JTPA Study,Male out-of-school youths,deepseek-v4.1-flash,1,admin_public_private,classification,mixed,mixed,match,mixed,mixed,
jtpa,National JTPA Study,Male out-of-school youths,deepseek-v4.1-flash,1,has_classroom,classification,1,True,match,True,True,
jtpa,National JTPA Study,Male out-of-school youths,deepseek-v4.1-flash,1,has_ojt,classification,1,True,match,True,True,
jtpa,National JTPA Study,Male out-of-school youths,deepseek-v4.1-flash,1,has_jsa,classification,1,True,match,True,True,
jtpa,National JTPA Study,Male out-of-school youths,deepseek-v4.1-flash,1,has_multiple_components,classification,1,True,match,True,True,
jtpa,National JTPA Study,Male out-of-school youths,deepseek-v4.1-flash,1,sector_program,classification,0,False,match,False,False,
jtpa,National JTPA Study,Male out-of-school youths,deepseek-v4.1-flash,1,randomization_period,design,November 1987 – September 1989,November 1987 - September 1989,match,"(1987, 11)-(1989, 9)","(1987, 11)-(1989, 9)",
jtpa,National JTPA Study,Male out-of-school youths,deepseek-v4.1-flash,1,n_treatment,design,1177,1177,match,1177.0,1177.0,
jtpa,National JTPA Study,Male out-of-school youths,deepseek-v4.1-flash,1,n_control,design,559,559,match,559.0,559.0,
jtpa,National JTPA Study,Male out-of-school youths,deepseek-v4.1-flash,1,outcome_data_source_type,design,SSA earnings records,ssa,match,ssa,ssa,
jtpa,National JTPA Study,Male out-of-school youths,deepseek-v4.1-flash,1,treatment_duration_months,design,3.2,3.5,match,3.2,3.5,
jtpa,National JTPA Study,Male out-of-school youths,deepseek-v4.1-flash,1,program_takeup_impact,design,68.0,,abstained,68.0,,
jtpa,National JTPA Study,Male out-of-school youths,deepseek-v4.1-flash,1,st_emp_impact,employment,-1.6,-1.6,match,-1.6,-1.6,
jtpa,National JTPA Study,Male out-of-school youths,deepseek-v4.1-flash,1,st_emp_se,employment,1.43,,abstained,1.43,,
jtpa,National JTPA Study,Male out-of-school youths,deepseek-v4.1-flash,1,st_emp_stars,employment,,ns,match,ns,ns,
jtpa,National JTPA Study,Male out-of-school youths,deepseek-v4.1-flash,1,st_emp_control_mean,employment,92.1,92.1,match,92.1,92.1,
jtpa,National JTPA Study,Male out-of-school youths,deepseek-v4.1-flash,1,mt_emp_impact,employment,-0.4,0.6,mismatch,-0.4,0.6,
jtpa,National JTPA Study,Male out-of-school youths,deepseek-v4.1-flash,1,mt_emp_se,employment,1.95,,abstained,1.95,,
jtpa,National JTPA Study,Male out-of-school youths,deepseek-v4.1-flash,1,mt_emp_stars,employment,,ns,match,ns,ns,
jtpa,National JTPA Study,Male out-of-school youths,deepseek-v4.1-flash,1,mt_emp_control_mean,employment,82.6,87.8,mismatch,82.6,87.8,
jtpa,National JTPA Study,Male out-of-school youths,deepseek-v4.1-flash,1,lt_emp_impact,employment,1.4,3.6,mismatch,1.4,3.6,
jtpa,National JTPA Study,Male out-of-school youths,deepseek-v4.1-flash,1,lt_emp_se,employment,,,both_null,,,
jtpa,National JTPA Study,Male out-of-school youths,deepseek-v4.1-flash,1,lt_emp_stars,employment,,ns,match,ns,ns,
jtpa,National JTPA Study,Male out-of-school youths,deepseek-v4.1-flash,1,lt_emp_control_mean,employment,79.8,77.5,match,79.8,77.5,
jtpa,National JTPA Study,Male out-of-school youths,deepseek-v4.1-flash,1,st_earn_impact,earnings,-180.0,-180.0,match,-180.0,-180.0,"annualised (gold x1, model x1); raw match"
jtpa,National JTPA Study,Male out-of-school youths,deepseek-v4.1-flash,1,st_earn_se,earnings,243.0,243.0,match,243.0,243.0,"annualised (gold x1, model x1); raw match"
jtpa,National JTPA Study,Male out-of-school youths,deepseek-v4.1-flash,1,st_earn_stars,earnings,,ns,match,ns,ns,
jtpa,National JTPA Study,Male out-of-school youths,deepseek-v4.1-flash,1,st_earn_control_mean,earnings,4792.0,4792.0,match,4792.0,4792.0,"annualised (gold x1, model x1); raw match"
jtpa,National JTPA Study,Male out-of-school youths,deepseek-v4.1-flash,1,mt_earn_impact,earnings,-367.0,-343.0,mismatch,-367.0,-343.0,"annualised (gold x1, model x1); raw mismatch"
jtpa,National JTPA Study,Male out-of-school youths,deepseek-v4.1-flash,1,mt_earn_se,earnings,338.0,297.0,mismatch,338.0,297.0,"annualised (gold x1, model x1); raw mismatch"
jtpa,National JTPA Study,Male out-of-school youths,deepseek-v4.1-flash,1,mt_earn_stars,earnings,,ns,match,ns,ns,
jtpa,National JTPA Study,Male out-of-school youths,deepseek-v4.1-flash,1,mt_earn_control_mean,earnings,6497.0,5963.0,mismatch,6497.0,5963.0,"annualised (gold x1, model x1); raw mismatch"
jtpa,National JTPA Study,Male out-of-school youths,deepseek-v4.1-flash,1,lt_earn_impact,earnings,224.0,776.0,mismatch,224.0,776.0,"annualised (gold x1, model x1); raw mismatch"
jtpa,National JTPA Study,Male out-of-school youths,deepseek-v4.1-flash,1,lt_earn_se,earnings,378.0,413.0,match,378.0,413.0,"annualised (gold x1, model x1); raw match"
jtpa,National JTPA Study,Male out-of-school youths,deepseek-v4.1-flash,1,lt_earn_stars,earnings,,ns,match,ns,ns,
jtpa,National JTPA Study,Male out-of-school youths,deepseek-v4.1-flash,1,lt_earn_control_mean,earnings,6567.0,6778.0,match,6567.0,6778.0,"annualised (gold x1, model x1); raw match"
jtpa,National JTPA Study,Male out-of-school youths,deepseek-v4.1-flash,1,cost_per_treated,cost,2767.0,2400.0,mismatch,2767.0,2400.0,
jtpa,National JTPA Study,Adult women,deepseek-v4.1-flash,2,training_role,classification,primary,primary,match,primary,primary,
jtpa,National JTPA Study,Adult women,deepseek-v4.1-flash,2,mandatory_voluntary,classification,voluntary,voluntary,match,voluntary,voluntary,
jtpa,National JTPA Study,Adult women,deepseek-v4.1-flash,2,funding_public_private,classification,public,public,match,public,public,
jtpa,National JTPA Study,Adult women,deepseek-v4.1-flash,2,admin_public_private,classification,mixed,mixed,match,mixed,mixed,
jtpa,National JTPA Study,Adult women,deepseek-v4.1-flash,2,has_classroom,classification,1,True,match,True,True,
jtpa,National JTPA Study,Adult women,deepseek-v4.1-flash,2,has_ojt,classification,1,True,match,True,True,
jtpa,National JTPA Study,Adult women,deepseek-v4.1-flash,2,has_jsa,classification,1,True,match,True,True,
jtpa,National JTPA Study,Adult women,deepseek-v4.1-flash,2,has_multiple_components,classification,1,True,match,True,True,
jtpa,National JTPA Study,Adult women,deepseek-v4.1-flash,2,sector_program,classification,0,False,match,False,False,
jtpa,National JTPA Study,Adult women,deepseek-v4.1-flash,2,randomization_period,design,November 1987 – September 1989,November 1987 - September 1989,match,"(1987, 11)-(1989, 9)","(1987, 11)-(1989, 9)",
jtpa,National JTPA Study,Adult women,deepseek-v4.1-flash,2,n_treatment,design,3631,3631,match,3631.0,3631.0,
jtpa,National JTPA Study,Adult women,deepseek-v4.1-flash,2,n_control,design,1723,1723,match,1723.0,1723.0,
jtpa,National JTPA Study,Adult women,deepseek-v4.1-flash,2,outcome_data_source_type,design,SSA earnings records,ssa,match,ssa,ssa,
jtpa,National JTPA Study,Adult women,deepseek-v4.1-flash,2,treatment_duration_months,design,3.8,3.5,match,3.8,3.5,
jtpa,National JTPA Study,Adult women,deepseek-v4.1-flash,2,program_takeup_impact,design,64.0,,abstained,64.0,,
jtpa,National JTPA Study,Adult women,deepseek-v4.1-flash,2,st_emp_impact,employment,2.9,2.9,match,2.9,2.9,
jtpa,National JTPA Study,Adult women,deepseek-v4.1-flash,2,st_emp_se,employment,1.2,,abstained,1.2,,
jtpa,National JTPA Study,Adult women,deepseek-v4.1-flash,2,st_emp_stars,employment,**,**,match,**,**,
jtpa,National JTPA Study,Adult women,deepseek-v4.1-flash,2,st_emp_control_mean,employment,77.4,77.4,match,77.4,77.4,
jtpa,National JTPA Study,Adult women,deepseek-v4.1-flash,2,mt_emp_impact,employment,3.1,2.6,match,3.1,2.6,
jtpa,National JTPA Study,Adult women,deepseek-v4.1-flash,2,mt_emp_se,employment,1.35,,abstained,1.35,,
jtpa,National JTPA Study,Adult women,deepseek-v4.1-flash,2,mt_emp_stars,employment,**,**,match,**,**,
jtpa,National JTPA Study,Adult women,deepseek-v4.1-flash,2,mt_emp_control_mean,employment,68.1,73.7,mismatch,68.1,73.7,
jtpa,National JTPA Study,Adult women,deepseek-v4.1-flash,2,lt_emp_impact,employment,2.13,1.3,mismatch,2.13,1.3,
jtpa,National JTPA Study,Adult women,deepseek-v4.1-flash,2,lt_emp_se,employment,,,both_null,,,
jtpa,National JTPA Study,Adult women,deepseek-v4.1-flash,2,lt_emp_stars,employment,,ns,match,ns,ns,
jtpa,National JTPA Study,Adult women,deepseek-v4.1-flash,2,lt_emp_control_mean,employment,67.7,67.4,match,67.7,67.4,
jtpa,National JTPA Study,Adult women,deepseek-v4.1-flash,2,st_earn_impact,earnings,379.0,379.0,match,379.0,379.0,"annualised (gold x1, model x1); raw match"
jtpa,National JTPA Study,Adult women,deepseek-v4.1-flash,2,st_earn_se,earnings,145.0,145.0,match,145.0,145.0,"annualised (gold x1, model x1); raw match"
jtpa,National JTPA Study,Adult women,deepseek-v4.1-flash,2,st_earn_stars,earnings,***,**,mismatch,***,**,
jtpa,National JTPA Study,Adult women,deepseek-v4.1-flash,2,st_earn_control_mean,earnings,4323.0,4323.0,match,4323.0,4323.0,"annualised (gold x1, model x1); raw match"
jtpa,National JTPA Study,Adult women,deepseek-v4.1-flash,2,mt_earn_impact,earnings,583.0,658.0,mismatch,583.0,658.0,"annualised (gold x1, model x1); raw mismatch"
jtpa,National JTPA Study,Adult women,deepseek-v4.1-flash,2,mt_earn_se,earnings,196.0,178.0,match,196.0,178.0,"annualised (gold x1, model x1); raw match"
jtpa,National JTPA Study,Adult women,deepseek-v4.1-flash,2,mt_earn_stars,earnings,***,**,mismatch,***,**,
jtpa,National JTPA Study,Adult women,deepseek-v4.1-flash,2,mt_earn_control_mean,earnings,5319.0,5047.0,mismatch,5319.0,5047.0,"annualised (gold x1, model x1); raw mismatch"
jtpa,National JTPA Study,Adult women,deepseek-v4.1-flash,2,lt_earn_impact,earnings,514.0,402.0,mismatch,514.0,402.0,"annualised (gold x1, model x1); raw mismatch"
jtpa,National JTPA Study,Adult women,deepseek-v4.1-flash,2,lt_earn_se,earnings,213.0,225.0,match,213.0,225.0,"annualised (gold x1, model x1); raw match"
jtpa,National JTPA Study,Adult women,deepseek-v4.1-flash,2,lt_earn_stars,earnings,**,ns,mismatch,**,ns,
jtpa,National JTPA Study,Adult women,deepseek-v4.1-flash,2,lt_earn_control_mean,earnings,5761.0,6154.0,mismatch,5761.0,6154.0,"annualised (gold x1, model x1); raw mismatch"
jtpa,National JTPA Study,Adult women,deepseek-v4.1-flash,2,cost_per_treated,cost,2147.0,2400.0,mismatch,2147.0,2400.0,
jtpa,National JTPA Study,Adult men,deepseek-v4.1-flash,2,training_role,classification,primary,primary,match,primary,primary,
jtpa,National JTPA Study,Adult men,deepseek-v4.1-flash,2,mandatory_voluntary,classification,voluntary,voluntary,match,voluntary,voluntary,
jtpa,National JTPA Study,Adult men,deepseek-v4.1-flash,2,funding_public_private,classification,public,public,match,public,public,
jtpa,National JTPA Study,Adult men,deepseek-v4.1-flash,2,admin_public_private,classification,mixed,mixed,match,mixed,mixed,
jtpa,National JTPA Study,Adult men,deepseek-v4.1-flash,2,has_classroom,classification,1,True,match,True,True,
jtpa,National JTPA Study,Adult men,deepseek-v4.1-flash,2,has_ojt,classification,1,True,match,True,True,
jtpa,National JTPA Study,Adult men,deepseek-v4.1-flash,2,has_jsa,classification,1,True,match,True,True,
jtpa,National JTPA Study,Adult men,deepseek-v4.1-flash,2,has_multiple_components,classification,1,True,match,True,True,
jtpa,National JTPA Study,Adult men,deepseek-v4.1-flash,2,sector_program,classification,0,False,match,False,False,
jtpa,National JTPA Study,Adult men,deepseek-v4.1-flash,2,randomization_period,design,November 1987 – September 1989,November 1987 - September 1989,match,"(1987, 11)-(1989, 9)","(1987, 11)-(1989, 9)",
jtpa,National JTPA Study,Adult men,deepseek-v4.1-flash,2,n_treatment,design,2874,2874,match,2874.0,2874.0,
jtpa,National JTPA Study,Adult men,deepseek-v4.1-flash,2,n_control,design,1435,1435,match,1435.0,1435.0,
jtpa,National JTPA Study,Adult men,deepseek-v4.1-flash,2,outcome_data_source_type,design,SSA earnings records,ssa,match,ssa,ssa,
jtpa,National JTPA Study,Adult men,deepseek-v4.1-flash,2,treatment_duration_months,design,2.8,3.5,match,2.8,3.5,
jtpa,National JTPA Study,Adult men,deepseek-v4.1-flash,2,program_takeup_impact,design,61.2,,abstained,61.2,,
jtpa,National JTPA Study,Adult men,deepseek-v4.1-flash,2,st_emp_impact,employment,0.3,0.3,match,0.3,0.3,
jtpa,National JTPA Study,Adult men,deepseek-v4.1-flash,2,st_emp_se,employment,1.1,,abstained,1.1,,
jtpa,National JTPA Study,Adult men,deepseek-v4.1-flash,2,st_emp_stars,employment,,ns,match,ns,ns,
jtpa,National JTPA Study,Adult men,deepseek-v4.1-flash,2,st_emp_control_mean,employment,86.4,86.4,match,86.4,86.4,
jtpa,National JTPA Study,Adult men,deepseek-v4.1-flash,2,mt_emp_impact,employment,2.4,0.6,mismatch,2.4,0.6,
jtpa,National JTPA Study,Adult men,deepseek-v4.1-flash,2,mt_emp_se,employment,1.4,,abstained,1.4,,
jtpa,National JTPA Study,Adult men,deepseek-v4.1-flash,2,mt_emp_stars,employment,*,ns,mismatch,*,ns,
jtpa,National JTPA Study,Adult men,deepseek-v4.1-flash,2,mt_emp_control_mean,employment,73.9,80.7,mismatch,73.9,80.7,
jtpa,National JTPA Study,Adult men,deepseek-v4.1-flash,2,lt_emp_impact,employment,2.43,1.2,mismatch,2.43,1.2,
jtpa,National JTPA Study,Adult men,deepseek-v4.1-flash,2,lt_emp_se,employment,,,both_null,,,
jtpa,National JTPA Study,Adult men,deepseek-v4.1-flash,2,lt_emp_stars,employment,,ns,match,ns,ns,
jtpa,National JTPA Study,Adult men,deepseek-v4.1-flash,2,lt_emp_control_mean,employment,71.7,71.1,match,71.7,71.1,
jtpa,National JTPA Study,Adult men,deepseek-v4.1-flash,2,st_earn_impact,earnings,491.0,491.0,match,491.0,491.0,"annualised (gold x1, model x1); raw match"
jtpa,National JTPA Study,Adult men,deepseek-v4.1-flash,2,st_earn_se,earnings,216.0,216.0,match,216.0,216.0,"annualised (gold x1, model x1); raw match"
jtpa,National JTPA Study,Adult men,deepseek-v4.1-flash,2,st_earn_stars,earnings,**,**,match,**,**,
jtpa,National JTPA Study,Adult men,deepseek-v4.1-flash,2,st_earn_control_mean,earnings,6410.0,6410.0,match,6410.0,6410.0,"annualised (gold x1, model x1); raw match"
jtpa,National JTPA Study,Adult men,deepseek-v4.1-flash,2,mt_earn_impact,earnings,573.0,538.0,mismatch,573.0,538.0,"annualised (gold x1, model x1); raw mismatch"
jtpa,National JTPA Study,Adult men,deepseek-v4.1-flash,2,mt_earn_se,earnings,279.0,254.0,match,279.0,254.0,"annualised (gold x1, model x1); raw match"
jtpa,National JTPA Study,Adult men,deepseek-v4.1-flash,2,mt_earn_stars,earnings,**,**,match,**,**,
jtpa,National JTPA Study,Adult men,deepseek-v4.1-flash,2,mt_earn_control_mean,earnings,7363.0,7254.0,match,7363.0,7254.0,"annualised (gold x1, model x1); raw match"
jtpa,National JTPA Study,Adult men,deepseek-v4.1-flash,2,lt_earn_impact,earnings,485.0,325.0,mismatch,485.0,325.0,"annualised (gold x1, model x1); raw mismatch"
jtpa,National JTPA Study,Adult men,deepseek-v4.1-flash,2,lt_earn_se,earnings,302.0,322.0,match,302.0,322.0,"annualised (gold x1, model x1); raw match"
jtpa,National JTPA Study,Adult men,deepseek-v4.1-flash,2,lt_earn_stars,earnings,,ns,match,ns,ns,
jtpa,National JTPA Study,Adult men,deepseek-v4.1-flash,2,lt_earn_control_mean,earnings,7805.0,8326.0,mismatch,7805.0,8326.0,"annualised (gold x1, model x1); raw mismatch"
jtpa,National JTPA Study,Adult men,deepseek-v4.1-flash,2,cost_per_treated,cost,1571.0,2400.0,mismatch,1571.0,2400.0,
jtpa,National JTPA Study,Female out-of-school youths,deepseek-v4.1-flash,2,training_role,classification,primary,primary,match,primary,primary,
jtpa,National JTPA Study,Female out-of-school youths,deepseek-v4.1-flash,2,mandatory_voluntary,classification,voluntary,voluntary,match,voluntary,voluntary,
jtpa,National JTPA Study,Female out-of-school youths,deepseek-v4.1-flash,2,funding_public_private,classification,public,public,match,public,public,
jtpa,National JTPA Study,Female out-of-school youths,deepseek-v4.1-flash,2,admin_public_private,classification,mixed,mixed,match,mixed,mixed,
jtpa,National JTPA Study,Female out-of-school youths,deepseek-v4.1-flash,2,has_classroom,classification,1,True,match,True,True,
jtpa,National JTPA Study,Female out-of-school youths,deepseek-v4.1-flash,2,has_ojt,classification,1,True,match,True,True,
jtpa,National JTPA Study,Female out-of-school youths,deepseek-v4.1-flash,2,has_jsa,classification,1,True,match,True,True,
jtpa,National JTPA Study,Female out-of-school youths,deepseek-v4.1-flash,2,has_multiple_components,classification,1,True,match,True,True,
jtpa,National JTPA Study,Female out-of-school youths,deepseek-v4.1-flash,2,sector_program,classification,0,False,match,False,False,
jtpa,National JTPA Study,Female out-of-school youths,deepseek-v4.1-flash,2,randomization_period,design,November 1987 – September 1989,November 1987 - September 1989,match,"(1987, 11)-(1989, 9)","(1987, 11)-(1989, 9)",
jtpa,National JTPA Study,Female out-of-school youths,deepseek-v4.1-flash,2,n_treatment,design,1593,1593,match,1593.0,1593.0,
jtpa,National JTPA Study,Female out-of-school youths,deepseek-v4.1-flash,2,n_control,design,707,707,match,707.0,707.0,
jtpa,National JTPA Study,Female out-of-school youths,deepseek-v4.1-flash,2,outcome_data_source_type,design,SSA earnings records,ssa,match,ssa,ssa,
jtpa,National JTPA Study,Female out-of-school youths,deepseek-v4.1-flash,2,treatment_duration_months,design,4.3,3.5,match,4.3,3.5,
jtpa,National JTPA Study,Female out-of-school youths,deepseek-v4.1-flash,2,program_takeup_impact,design,64.2,,abstained,64.2,,
jtpa,National JTPA Study,Female out-of-school youths,deepseek-v4.1-flash,2,st_emp_impact,employment,2.4,2.4,match,2.4,2.4,
jtpa,National JTPA Study,Female out-of-school youths,deepseek-v4.1-flash,2,st_emp_se,employment,1.8,,abstained,1.8,,
jtpa,National JTPA Study,Female out-of-school youths,deepseek-v4.1-flash,2,st_emp_stars,employment,,ns,match,ns,ns,
jtpa,National JTPA Study,Female out-of-school youths,deepseek-v4.1-flash,2,st_emp_control_mean,employment,79.6,79.6,match,79.6,79.6,
jtpa,National JTPA Study,Female out-of-school youths,deepseek-v4.1-flash,2,mt_emp_impact,employment,-1.3,1.5,mismatch,-1.3,1.5,
jtpa,National JTPA Study,Female out-of-school youths,deepseek-v4.1-flash,2,mt_emp_se,employment,1.96,,abstained,1.96,,
jtpa,National JTPA Study,Female out-of-school youths,deepseek-v4.1-flash,2,mt_emp_stars,employment,,ns,match,ns,ns,
jtpa,National JTPA Study,Female out-of-school youths,deepseek-v4.1-flash,2,mt_emp_control_mean,employment,75.1,78.2,match,75.1,78.2,
jtpa,National JTPA Study,Female out-of-school youths,deepseek-v4.1-flash,2,lt_emp_impact,employment,0.2,0.9,mismatch,0.2,0.9,
jtpa,National JTPA Study,Female out-of-school youths,deepseek-v4.1-flash,2,lt_emp_se,employment,,,both_null,,,
jtpa,National JTPA Study,Female out-of-school youths,deepseek-v4.1-flash,2,lt_emp_stars,employment,,ns,match,ns,ns,
jtpa,National JTPA Study,Female out-of-school youths,deepseek-v4.1-flash,2,lt_emp_control_mean,employment,72.9,73.0,match,72.9,73.0,
jtpa,National JTPA Study,Female out-of-school youths,deepseek-v4.1-flash,2,st_earn_impact,earnings,-50.0,-50.0,match,-50.0,-50.0,"annualised (gold x1, model x1); raw match"
jtpa,National JTPA Study,Female out-of-school youths,deepseek-v4.1-flash,2,st_earn_se,earnings,172.0,172.0,match,172.0,172.0,"annualised (gold x1, model x1); raw match"
jtpa,National JTPA Study,Female out-of-school youths,deepseek-v4.1-flash,2,st_earn_stars,earnings,,ns,match,ns,ns,
jtpa,National JTPA Study,Female out-of-school youths,deepseek-v4.1-flash,2,st_earn_control_mean,earnings,3389.0,3389.0,match,3389.0,3389.0,"annualised (gold x1, model x1); raw match"
jtpa,National JTPA Study,Female out-of-school youths,deepseek-v4.1-flash,2,mt_earn_impact,earnings,10.0,-80.0,mismatch,10.0,-80.0,"annualised (gold x1, model x1); raw mismatch"
jtpa,National JTPA Study,Female out-of-school youths,deepseek-v4.1-flash,2,mt_earn_se,earnings,240.0,209.0,mismatch,240.0,209.0,"annualised (gold x1, model x1); raw mismatch"
jtpa,National JTPA Study,Female out-of-school youths,deepseek-v4.1-flash,2,mt_earn_stars,earnings,,ns,match,ns,ns,
jtpa,National JTPA Study,Female out-of-school youths,deepseek-v4.1-flash,2,mt_earn_control_mean,earnings,4383.0,4125.0,mismatch,4383.0,4125.0,"annualised (gold x1, model x1); raw mismatch"
jtpa,National JTPA Study,Female out-of-school youths,deepseek-v4.1-flash,2,lt_earn_impact,earnings,186.0,224.0,mismatch,186.0,224.0,"annualised (gold x1, model x1); raw mismatch"
jtpa,National JTPA Study,Female out-of-school youths,deepseek-v4.1-flash,2,lt_earn_se,earnings,268.0,291.0,match,268.0,291.0,"annualised (gold x1, model x1); raw match"
jtpa,National JTPA Study,Female out-of-school youths,deepseek-v4.1-flash,2,lt_earn_stars,earnings,,ns,match,ns,ns,
jtpa,National JTPA Study,Female out-of-school youths,deepseek-v4.1-flash,2,lt_earn_control_mean,earnings,4734.0,5209.0,mismatch,4734.0,5209.0,"annualised (gold x1, model x1); raw mismatch"
jtpa,National JTPA Study,Female out-of-school youths,deepseek-v4.1-flash,2,cost_per_treated,cost,2717.0,2400.0,mismatch,2717.0,2400.0,
jtpa,National JTPA Study,Male out-of-school youths,deepseek-v4.1-flash,2,training_role,classification,primary,primary,match,primary,primary,
jtpa,National JTPA Study,Male out-of-school youths,deepseek-v4.1-flash,2,mandatory_voluntary,classification,voluntary,voluntary,match,voluntary,voluntary,
jtpa,National JTPA Study,Male out-of-school youths,deepseek-v4.1-flash,2,funding_public_private,classification,public,public,match,public,public,
jtpa,National JTPA Study,Male out-of-school youths,deepseek-v4.1-flash,2,admin_public_private,classification,mixed,mixed,match,mixed,mixed,
jtpa,National JTPA Study,Male out-of-school youths,deepseek-v4.1-flash,2,has_classroom,classification,1,True,match,True,True,
jtpa,National JTPA Study,Male out-of-school youths,deepseek-v4.1-flash,2,has_ojt,classification,1,True,match,True,True,
jtpa,National JTPA Study,Male out-of-school youths,deepseek-v4.1-flash,2,has_jsa,classification,1,True,match,True,True,
jtpa,National JTPA Study,Male out-of-school youths,deepseek-v4.1-flash,2,has_multiple_components,classification,1,True,match,True,True,
jtpa,National JTPA Study,Male out-of-school youths,deepseek-v4.1-flash,2,sector_program,classification,0,False,match,False,False,
jtpa,National JTPA Study,Male out-of-school youths,deepseek-v4.1-flash,2,randomization_period,design,November 1987 – September 1989,November 1987 - September 1989,match,"(1987, 11)-(1989, 9)","(1987, 11)-(1989, 9)",
jtpa,National JTPA Study,Male out-of-school youths,deepseek-v4.1-flash,2,n_treatment,design,1177,1177,match,1177.0,1177.0,
jtpa,National JTPA Study,Male out-of-school youths,deepseek-v4.1-flash,2,n_control,design,559,559,match,559.0,559.0,
jtpa,National JTPA Study,Male out-of-school youths,deepseek-v4.1-flash,2,outcome_data_source_type,design,SSA earnings records,ssa,match,ssa,ssa,
jtpa,National JTPA Study,Male out-of-school youths,deepseek-v4.1-flash,2,treatment_duration_months,design,3.2,3.5,match,3.2,3.5,
jtpa,National JTPA Study,Male out-of-school youths,deepseek-v4.1-flash,2,program_takeup_impact,design,68.0,,abstained,68.0,,
jtpa,National JTPA Study,Male out-of-school youths,deepseek-v4.1-flash,2,st_emp_impact,employment,-1.6,-1.6,match,-1.6,-1.6,
jtpa,National JTPA Study,Male out-of-school youths,deepseek-v4.1-flash,2,st_emp_se,employment,1.43,,abstained,1.43,,
jtpa,National JTPA Study,Male out-of-school youths,deepseek-v4.1-flash,2,st_emp_stars,employment,,ns,match,ns,ns,
jtpa,National JTPA Study,Male out-of-school youths,deepseek-v4.1-flash,2,st_emp_control_mean,employment,92.1,92.1,match,92.1,92.1,
jtpa,National JTPA Study,Male out-of-school youths,deepseek-v4.1-flash,2,mt_emp_impact,employment,-0.4,0.6,mismatch,-0.4,0.6,
jtpa,National JTPA Study,Male out-of-school youths,deepseek-v4.1-flash,2,mt_emp_se,employment,1.95,,abstained,1.95,,
jtpa,National JTPA Study,Male out-of-school youths,deepseek-v4.1-flash,2,mt_emp_stars,employment,,ns,match,ns,ns,
jtpa,National JTPA Study,Male out-of-school youths,deepseek-v4.1-flash,2,mt_emp_control_mean,employment,82.6,87.8,mismatch,82.6,87.8,
jtpa,National JTPA Study,Male out-of-school youths,deepseek-v4.1-flash,2,lt_emp_impact,employment,1.4,3.6,mismatch,1.4,3.6,
jtpa,National JTPA Study,Male out-of-school youths,deepseek-v4.1-flash,2,lt_emp_se,employment,,,both_null,,,
jtpa,National JTPA Study,Male out-of-school youths,deepseek-v4.1-flash,2,lt_emp_stars,employment,,ns,match,ns,ns,
jtpa,National JTPA Study,Male out-of-school youths,deepseek-v4.1-flash,2,lt_emp_control_mean,employment,79.8,77.5,match,79.8,77.5,
jtpa,National JTPA Study,Male out-of-school youths,deepseek-v4.1-flash,2,st_earn_impact,earnings,-180.0,-180.0,match,-180.0,-180.0,"annualised (gold x1, model x1); raw match"
jtpa,National JTPA Study,Male out-of-school youths,deepseek-v4.1-flash,2,st_earn_se,earnings,243.0,243.0,match,243.0,243.0,"annualised (gold x1, model x1); raw match"
jtpa,National JTPA Study,Male out-of-school youths,deepseek-v4.1-flash,2,st_earn_stars,earnings,,ns,match,ns,ns,
jtpa,National JTPA Study,Male out-of-school youths,deepseek-v4.1-flash,2,st_earn_control_mean,earnings,4792.0,4792.0,match,4792.0,4792.0,"annualised (gold x1, model x1); raw match"
jtpa,National JTPA Study,Male out-of-school youths,deepseek-v4.1-flash,2,mt_earn_impact,earnings,-367.0,-343.0,mismatch,-367.0,-343.0,"annualised (gold x1, model x1); raw mismatch"
jtpa,National JTPA Study,Male out-of-school youths,deepseek-v4.1-flash,2,mt_earn_se,earnings,338.0,297.0,mismatch,338.0,297.0,"annualised (gold x1, model x1); raw mismatch"
jtpa,National JTPA Study,Male out-of-school youths,deepseek-v4.1-flash,2,mt_earn_stars,earnings,,ns,match,ns,ns,
jtpa,National JTPA Study,Male out-of-school youths,deepseek-v4.1-flash,2,mt_earn_control_mean,earnings,6497.0,5963.0,mismatch,6497.0,5963.0,"annualised (gold x1, model x1); raw mismatch"
jtpa,National JTPA Study,Male out-of-school youths,deepseek-v4.1-flash,2,lt_earn_impact,earnings,224.0,776.0,mismatch,224.0,776.0,"annualised (gold x1, model x1); raw mismatch"
jtpa,National JTPA Study,Male out-of-school youths,deepseek-v4.1-flash,2,lt_earn_se,earnings,378.0,413.0,match,378.0,413.0,"annualised (gold x1, model x1); raw match"
jtpa,National JTPA Study,Male out-of-school youths,deepseek-v4.1-flash,2,lt_earn_stars,earnings,,ns,match,ns,ns,
jtpa,National JTPA Study,Male out-of-school youths,deepseek-v4.1-flash,2,lt_earn_control_mean,earnings,6567.0,6778.0,match,6567.0,6778.0,"annualised (gold x1, model x1); raw match"
jtpa,National JTPA Study,Male out-of-school youths,deepseek-v4.1-flash,2,cost_per_treated,cost,2767.0,2400.0,mismatch,2767.0,2400.0,
jtpa,National JTPA Study,Adult women,gemini-3.1-pro,1,training_role,classification,primary,primary,match,primary,primary,
jtpa,National JTPA Study,Adult women,gemini-3.1-pro,1,mandatory_voluntary,classification,voluntary,voluntary,match,voluntary,voluntary,
jtpa,National JTPA Study,Adult women,gemini-3.1-pro,1,funding_public_private,classification,public,public,match,public,public,
jtpa,National JTPA Study,Adult women,gemini-3.1-pro,1,admin_public_private,classification,mixed,public,mismatch,mixed,public,
jtpa,National JTPA Study,Adult women,gemini-3.1-pro,1,has_classroom,classification,1,True,match,True,True,
jtpa,National JTPA Study,Adult women,gemini-3.1-pro,1,has_ojt,classification,1,True,match,True,True,
jtpa,National JTPA Study,Adult women,gemini-3.1-pro,1,has_jsa,classification,1,True,match,True,True,
jtpa,National JTPA Study,Adult women,gemini-3.1-pro,1,has_multiple_components,classification,1,True,match,True,True,
jtpa,National JTPA Study,Adult women,gemini-3.1-pro,1,sector_program,classification,0,False,match,False,False,
jtpa,National JTPA Study,Adult women,gemini-3.1-pro,1,randomization_period,design,November 1987 – September 1989,November 1987 - September 1989,match,"(1987, 11)-(1989, 9)","(1987, 11)-(1989, 9)",
jtpa,National JTPA Study,Adult women,gemini-3.1-pro,1,n_treatment,design,3631,3631,match,3631.0,3631.0,
jtpa,National JTPA Study,Adult women,gemini-3.1-pro,1,n_control,design,1723,1723,match,1723.0,1723.0,
jtpa,National JTPA Study,Adult women,gemini-3.1-pro,1,outcome_data_source_type,design,SSA earnings records,ssa,match,ssa,ssa,
jtpa,National JTPA Study,Adult women,gemini-3.1-pro,1,treatment_duration_months,design,3.8,3.5,match,3.8,3.5,
jtpa,National JTPA Study,Adult women,gemini-3.1-pro,1,program_takeup_impact,design,64.0,,abstained,64.0,,
jtpa,National JTPA Study,Adult women,gemini-3.1-pro,1,st_emp_impact,employment,2.9,2.9,match,2.9,2.9,
jtpa,National JTPA Study,Adult women,gemini-3.1-pro,1,st_emp_se,employment,1.2,,abstained,1.2,,
jtpa,National JTPA Study,Adult women,gemini-3.1-pro,1,st_emp_stars,employment,**,**,match,**,**,
jtpa,National JTPA Study,Adult women,gemini-3.1-pro,1,st_emp_control_mean,employment,77.4,77.4,match,77.4,77.4,
jtpa,National JTPA Study,Adult women,gemini-3.1-pro,1,mt_emp_impact,employment,3.1,2.6,match,3.1,2.6,
jtpa,National JTPA Study,Adult women,gemini-3.1-pro,1,mt_emp_se,employment,1.35,,abstained,1.35,,
jtpa,National JTPA Study,Adult women,gemini-3.1-pro,1,mt_emp_stars,employment,**,**,match,**,**,
jtpa,National JTPA Study,Adult women,gemini-3.1-pro,1,mt_emp_control_mean,employment,68.1,73.7,mismatch,68.1,73.7,
jtpa,National JTPA Study,Adult women,gemini-3.1-pro,1,lt_emp_impact,employment,2.13,2.0,match,2.13,2.0,
jtpa,National JTPA Study,Adult women,gemini-3.1-pro,1,lt_emp_se,employment,,,both_null,,,
jtpa,National JTPA Study,Adult women,gemini-3.1-pro,1,lt_emp_stars,employment,,ns,match,ns,ns,
jtpa,National JTPA Study,Adult women,gemini-3.1-pro,1,lt_emp_control_mean,employment,67.7,67.7,match,67.7,67.7,
jtpa,National JTPA Study,Adult women,gemini-3.1-pro,1,st_earn_impact,earnings,379.0,379.0,match,379.0,379.0,"annualised (gold x1, model x1); raw match"
jtpa,National JTPA Study,Adult women,gemini-3.1-pro,1,st_earn_se,earnings,145.0,145.0,match,145.0,145.0,"annualised (gold x1, model x1); raw match"
jtpa,National JTPA Study,Adult women,gemini-3.1-pro,1,st_earn_stars,earnings,***,**,mismatch,***,**,
jtpa,National JTPA Study,Adult women,gemini-3.1-pro,1,st_earn_control_mean,earnings,4323.0,4323.0,match,4323.0,4323.0,"annualised (gold x1, model x1); raw match"
jtpa,National JTPA Study,Adult women,gemini-3.1-pro,1,mt_earn_impact,earnings,583.0,658.0,mismatch,583.0,658.0,"annualised (gold x1, model x1); raw mismatch"
jtpa,National JTPA Study,Adult women,gemini-3.1-pro,1,mt_earn_se,earnings,196.0,178.0,match,196.0,178.0,"annualised (gold x1, model x1); raw match"
jtpa,National JTPA Study,Adult women,gemini-3.1-pro,1,mt_earn_stars,earnings,***,**,mismatch,***,**,
jtpa,National JTPA Study,Adult women,gemini-3.1-pro,1,mt_earn_control_mean,earnings,5319.0,5047.0,mismatch,5319.0,5047.0,"annualised (gold x1, model x1); raw mismatch"
jtpa,National JTPA Study,Adult women,gemini-3.1-pro,1,lt_earn_impact,earnings,514.0,556.0,mismatch,514.0,556.0,"annualised (gold x1, model x1); raw mismatch"
jtpa,National JTPA Study,Adult women,gemini-3.1-pro,1,lt_earn_se,earnings,213.0,218.0,match,213.0,218.0,"annualised (gold x1, model x1); raw match"
jtpa,National JTPA Study,Adult women,gemini-3.1-pro,1,lt_earn_stars,earnings,**,**,match,**,**,
jtpa,National JTPA Study,Adult women,gemini-3.1-pro,1,lt_earn_control_mean,earnings,5761.0,5811.0,match,5761.0,5811.0,"annualised (gold x1, model x1); raw match"
jtpa,National JTPA Study,Adult women,gemini-3.1-pro,1,cost_per_treated,cost,2147.0,2400.0,mismatch,2147.0,2400.0,
jtpa,National JTPA Study,Adult men,gemini-3.1-pro,1,training_role,classification,primary,primary,match,primary,primary,
jtpa,National JTPA Study,Adult men,gemini-3.1-pro,1,mandatory_voluntary,classification,voluntary,voluntary,match,voluntary,voluntary,
jtpa,National JTPA Study,Adult men,gemini-3.1-pro,1,funding_public_private,classification,public,public,match,public,public,
jtpa,National JTPA Study,Adult men,gemini-3.1-pro,1,admin_public_private,classification,mixed,public,mismatch,mixed,public,
jtpa,National JTPA Study,Adult men,gemini-3.1-pro,1,has_classroom,classification,1,True,match,True,True,
jtpa,National JTPA Study,Adult men,gemini-3.1-pro,1,has_ojt,classification,1,True,match,True,True,
jtpa,National JTPA Study,Adult men,gemini-3.1-pro,1,has_jsa,classification,1,True,match,True,True,
jtpa,National JTPA Study,Adult men,gemini-3.1-pro,1,has_multiple_components,classification,1,True,match,True,True,
jtpa,National JTPA Study,Adult men,gemini-3.1-pro,1,sector_program,classification,0,False,match,False,False,
jtpa,National JTPA Study,Adult men,gemini-3.1-pro,1,randomization_period,design,November 1987 – September 1989,November 1987 - September 1989,match,"(1987, 11)-(1989, 9)","(1987, 11)-(1989, 9)",
jtpa,National JTPA Study,Adult men,gemini-3.1-pro,1,n_treatment,design,2874,2874,match,2874.0,2874.0,
jtpa,National JTPA Study,Adult men,gemini-3.1-pro,1,n_control,design,1435,1435,match,1435.0,1435.0,
jtpa,National JTPA Study,Adult men,gemini-3.1-pro,1,outcome_data_source_type,design,SSA earnings records,ssa,match,ssa,ssa,
jtpa,National JTPA Study,Adult men,gemini-3.1-pro,1,treatment_duration_months,design,2.8,3.5,match,2.8,3.5,
jtpa,National JTPA Study,Adult men,gemini-3.1-pro,1,program_takeup_impact,design,61.2,,abstained,61.2,,
jtpa,National JTPA Study,Adult men,gemini-3.1-pro,1,st_emp_impact,employment,0.3,0.3,match,0.3,0.3,
jtpa,National JTPA Study,Adult men,gemini-3.1-pro,1,st_emp_se,employment,1.1,,abstained,1.1,,
jtpa,National JTPA Study,Adult men,gemini-3.1-pro,1,st_emp_stars,employment,,ns,match,ns,ns,
jtpa,National JTPA Study,Adult men,gemini-3.1-pro,1,st_emp_control_mean,employment,86.4,86.4,match,86.4,86.4,
jtpa,National JTPA Study,Adult men,gemini-3.1-pro,1,mt_emp_impact,employment,2.4,0.6,mismatch,2.4,0.6,
jtpa,National JTPA Study,Adult men,gemini-3.1-pro,1,mt_emp_se,employment,1.4,,abstained,1.4,,
jtpa,National JTPA Study,Adult men,gemini-3.1-pro,1,mt_emp_stars,employment,*,ns,mismatch,*,ns,
jtpa,National JTPA Study,Adult men,gemini-3.1-pro,1,mt_emp_control_mean,employment,73.9,80.7,mismatch,73.9,80.7,
jtpa,National JTPA Study,Adult men,gemini-3.1-pro,1,lt_emp_impact,employment,2.43,3.7,mismatch,2.43,3.7,
jtpa,National JTPA Study,Adult men,gemini-3.1-pro,1,lt_emp_se,employment,,,both_null,,,
jtpa,National JTPA Study,Adult men,gemini-3.1-pro,1,lt_emp_stars,employment,,**,mismatch,ns,**,
jtpa,National JTPA Study,Adult men,gemini-3.1-pro,1,lt_emp_control_mean,employment,71.7,70.0,match,71.7,70.0,
jtpa,National JTPA Study,Adult men,gemini-3.1-pro,1,st_earn_impact,earnings,491.0,491.0,match,491.0,491.0,"annualised (gold x1, model x1); raw match"
jtpa,National JTPA Study,Adult men,gemini-3.1-pro,1,st_earn_se,earnings,216.0,216.0,match,216.0,216.0,"annualised (gold x1, model x1); raw match"
jtpa,National JTPA Study,Adult men,gemini-3.1-pro,1,st_earn_stars,earnings,**,**,match,**,**,
jtpa,National JTPA Study,Adult men,gemini-3.1-pro,1,st_earn_control_mean,earnings,6410.0,6410.0,match,6410.0,6410.0,"annualised (gold x1, model x1); raw match"
jtpa,National JTPA Study,Adult men,gemini-3.1-pro,1,mt_earn_impact,earnings,573.0,538.0,mismatch,573.0,538.0,"annualised (gold x1, model x1); raw mismatch"
jtpa,National JTPA Study,Adult men,gemini-3.1-pro,1,mt_earn_se,earnings,279.0,254.0,match,279.0,254.0,"annualised (gold x1, model x1); raw match"
jtpa,National JTPA Study,Adult men,gemini-3.1-pro,1,mt_earn_stars,earnings,**,**,match,**,**,
jtpa,National JTPA Study,Adult men,gemini-3.1-pro,1,mt_earn_control_mean,earnings,7363.0,7254.0,match,7363.0,7254.0,"annualised (gold x1, model x1); raw match"
jtpa,National JTPA Study,Adult men,gemini-3.1-pro,1,lt_earn_impact,earnings,485.0,557.0,mismatch,485.0,557.0,"annualised (gold x1, model x1); raw mismatch"
jtpa,National JTPA Study,Adult men,gemini-3.1-pro,1,lt_earn_se,earnings,302.0,302.0,match,302.0,302.0,"annualised (gold x1, model x1); raw match"
jtpa,National JTPA Study,Adult men,gemini-3.1-pro,1,lt_earn_stars,earnings,,ns,match,ns,ns,
jtpa,National JTPA Study,Adult men,gemini-3.1-pro,1,lt_earn_control_mean,earnings,7805.0,7725.0,match,7805.0,7725.0,"annualised (gold x1, model x1); raw match"
jtpa,National JTPA Study,Adult men,gemini-3.1-pro,1,cost_per_treated,cost,1571.0,2400.0,mismatch,1571.0,2400.0,
jtpa,National JTPA Study,Female out-of-school youths,gemini-3.1-pro,1,training_role,classification,primary,primary,match,primary,primary,
jtpa,National JTPA Study,Female out-of-school youths,gemini-3.1-pro,1,mandatory_voluntary,classification,voluntary,voluntary,match,voluntary,voluntary,
jtpa,National JTPA Study,Female out-of-school youths,gemini-3.1-pro,1,funding_public_private,classification,public,public,match,public,public,
jtpa,National JTPA Study,Female out-of-school youths,gemini-3.1-pro,1,admin_public_private,classification,mixed,public,mismatch,mixed,public,
jtpa,National JTPA Study,Female out-of-school youths,gemini-3.1-pro,1,has_classroom,classification,1,True,match,True,True,
jtpa,National JTPA Study,Female out-of-school youths,gemini-3.1-pro,1,has_ojt,classification,1,True,match,True,True,
jtpa,National JTPA Study,Female out-of-school youths,gemini-3.1-pro,1,has_jsa,classification,1,True,match,True,True,
jtpa,National JTPA Study,Female out-of-school youths,gemini-3.1-pro,1,has_multiple_components,classification,1,True,match,True,True,
jtpa,National JTPA Study,Female out-of-school youths,gemini-3.1-pro,1,sector_program,classification,0,False,match,False,False,
jtpa,National JTPA Study,Female out-of-school youths,gemini-3.1-pro,1,randomization_period,design,November 1987 – September 1989,November 1987 - September 1989,match,"(1987, 11)-(1989, 9)","(1987, 11)-(1989, 9)",
jtpa,National JTPA Study,Female out-of-school youths,gemini-3.1-pro,1,n_treatment,design,1593,1593,match,1593.0,1593.0,
jtpa,National JTPA Study,Female out-of-school youths,gemini-3.1-pro,1,n_control,design,707,707,match,707.0,707.0,
jtpa,National JTPA Study,Female out-of-school youths,gemini-3.1-pro,1,outcome_data_source_type,design,SSA earnings records,ssa,match,ssa,ssa,
jtpa,National JTPA Study,Female out-of-school youths,gemini-3.1-pro,1,treatment_duration_months,design,4.3,3.5,match,4.3,3.5,
jtpa,National JTPA Study,Female out-of-school youths,gemini-3.1-pro,1,program_takeup_impact,design,64.2,,abstained,64.2,,
jtpa,National JTPA Study,Female out-of-school youths,gemini-3.1-pro,1,st_emp_impact,employment,2.4,2.4,match,2.4,2.4,
jtpa,National JTPA Study,Female out-of-school youths,gemini-3.1-pro,1,st_emp_se,employment,1.8,,abstained,1.8,,
jtpa,National JTPA Study,Female out-of-school youths,gemini-3.1-pro,1,st_emp_stars,employment,,ns,match,ns,ns,
jtpa,National JTPA Study,Female out-of-school youths,gemini-3.1-pro,1,st_emp_control_mean,employment,79.6,79.6,match,79.6,79.6,
jtpa,National JTPA Study,Female out-of-school youths,gemini-3.1-pro,1,mt_emp_impact,employment,-1.3,1.5,mismatch,-1.3,1.5,
jtpa,National JTPA Study,Female out-of-school youths,gemini-3.1-pro,1,mt_emp_se,employment,1.96,,abstained,1.96,,
jtpa,National JTPA Study,Female out-of-school youths,gemini-3.1-pro,1,mt_emp_stars,employment,,ns,match,ns,ns,
jtpa,National JTPA Study,Female out-of-school youths,gemini-3.1-pro,1,mt_emp_control_mean,employment,75.1,78.2,match,75.1,78.2,
jtpa,National JTPA Study,Female out-of-school youths,gemini-3.1-pro,1,lt_emp_impact,employment,0.2,1.0,mismatch,0.2,1.0,
jtpa,National JTPA Study,Female out-of-school youths,gemini-3.1-pro,1,lt_emp_se,employment,,,both_null,,,
jtpa,National JTPA Study,Female out-of-school youths,gemini-3.1-pro,1,lt_emp_stars,employment,,ns,match,ns,ns,
jtpa,National JTPA Study,Female out-of-school youths,gemini-3.1-pro,1,lt_emp_control_mean,employment,72.9,70.7,match,72.9,70.7,
jtpa,National JTPA Study,Female out-of-school youths,gemini-3.1-pro,1,st_earn_impact,earnings,-50.0,-50.0,match,-50.0,-50.0,"annualised (gold x1, model x1); raw match"
jtpa,National JTPA Study,Female out-of-school youths,gemini-3.1-pro,1,st_earn_se,earnings,172.0,172.0,match,172.0,172.0,"annualised (gold x1, model x1); raw match"
jtpa,National JTPA Study,Female out-of-school youths,gemini-3.1-pro,1,st_earn_stars,earnings,,ns,match,ns,ns,
jtpa,National JTPA Study,Female out-of-school youths,gemini-3.1-pro,1,st_earn_control_mean,earnings,3389.0,3389.0,match,3389.0,3389.0,"annualised (gold x1, model x1); raw match"
jtpa,National JTPA Study,Female out-of-school youths,gemini-3.1-pro,1,mt_earn_impact,earnings,10.0,-80.0,mismatch,10.0,-80.0,"annualised (gold x1, model x1); raw mismatch"
jtpa,National JTPA Study,Female out-of-school youths,gemini-3.1-pro,1,mt_earn_se,earnings,240.0,209.0,mismatch,240.0,209.0,"annualised (gold x1, model x1); raw mismatch"
jtpa,National JTPA Study,Female out-of-school youths,gemini-3.1-pro,1,mt_earn_stars,earnings,,ns,match,ns,ns,
jtpa,National JTPA Study,Female out-of-school youths,gemini-3.1-pro,1,mt_earn_control_mean,earnings,4383.0,4125.0,mismatch,4383.0,4125.0,"annualised (gold x1, model x1); raw mismatch"
jtpa,National JTPA Study,Female out-of-school youths,gemini-3.1-pro,1,lt_earn_impact,earnings,186.0,324.0,mismatch,186.0,324.0,"annualised (gold x1, model x1); raw mismatch"
jtpa,National JTPA Study,Female out-of-school youths,gemini-3.1-pro,1,lt_earn_se,earnings,268.0,270.0,match,268.0,270.0,"annualised (gold x1, model x1); raw match"
jtpa,National JTPA Study,Female out-of-school youths,gemini-3.1-pro,1,lt_earn_stars,earnings,,ns,match,ns,ns,
jtpa,National JTPA Study,Female out-of-school youths,gemini-3.1-pro,1,lt_earn_control_mean,earnings,4734.0,4610.0,match,4734.0,4610.0,"annualised (gold x1, model x1); raw match"
jtpa,National JTPA Study,Female out-of-school youths,gemini-3.1-pro,1,cost_per_treated,cost,2717.0,2400.0,mismatch,2717.0,2400.0,
jtpa,National JTPA Study,Male out-of-school youths,gemini-3.1-pro,1,training_role,classification,primary,primary,match,primary,primary,
jtpa,National JTPA Study,Male out-of-school youths,gemini-3.1-pro,1,mandatory_voluntary,classification,voluntary,voluntary,match,voluntary,voluntary,
jtpa,National JTPA Study,Male out-of-school youths,gemini-3.1-pro,1,funding_public_private,classification,public,public,match,public,public,
jtpa,National JTPA Study,Male out-of-school youths,gemini-3.1-pro,1,admin_public_private,classification,mixed,public,mismatch,mixed,public,
jtpa,National JTPA Study,Male out-of-school youths,gemini-3.1-pro,1,has_classroom,classification,1,True,match,True,True,
jtpa,National JTPA Study,Male out-of-school youths,gemini-3.1-pro,1,has_ojt,classification,1,True,match,True,True,
jtpa,National JTPA Study,Male out-of-school youths,gemini-3.1-pro,1,has_jsa,classification,1,True,match,True,True,
jtpa,National JTPA Study,Male out-of-school youths,gemini-3.1-pro,1,has_multiple_components,classification,1,True,match,True,True,
jtpa,National JTPA Study,Male out-of-school youths,gemini-3.1-pro,1,sector_program,classification,0,False,match,False,False,
jtpa,National JTPA Study,Male out-of-school youths,gemini-3.1-pro,1,randomization_period,design,November 1987 – September 1989,November 1987 - September 1989,match,"(1987, 11)-(1989, 9)","(1987, 11)-(1989, 9)",
jtpa,National JTPA Study,Male out-of-school youths,gemini-3.1-pro,1,n_treatment,design,1177,1177,match,1177.0,1177.0,
jtpa,National JTPA Study,Male out-of-school youths,gemini-3.1-pro,1,n_control,design,559,559,match,559.0,559.0,
jtpa,National JTPA Study,Male out-of-school youths,gemini-3.1-pro,1,outcome_data_source_type,design,SSA earnings records,ssa,match,ssa,ssa,
jtpa,National JTPA Study,Male out-of-school youths,gemini-3.1-pro,1,treatment_duration_months,design,3.2,3.5,match,3.2,3.5,
jtpa,National JTPA Study,Male out-of-school youths,gemini-3.1-pro,1,program_takeup_impact,design,68.0,,abstained,68.0,,
jtpa,National JTPA Study,Male out-of-school youths,gemini-3.1-pro,1,st_emp_impact,employment,-1.6,-1.6,match,-1.6,-1.6,
jtpa,National JTPA Study,Male out-of-school youths,gemini-3.1-pro,1,st_emp_se,employment,1.43,,abstained,1.43,,
jtpa,National JTPA Study,Male out-of-school youths,gemini-3.1-pro,1,st_emp_stars,employment,,ns,match,ns,ns,
jtpa,National JTPA Study,Male out-of-school youths,gemini-3.1-pro,1,st_emp_control_mean,employment,92.1,92.1,match,92.1,92.1,
jtpa,National JTPA Study,Male out-of-school youths,gemini-3.1-pro,1,mt_emp_impact,employment,-0.4,0.6,mismatch,-0.4,0.6,
jtpa,National JTPA Study,Male out-of-school youths,gemini-3.1-pro,1,mt_emp_se,employment,1.95,,abstained,1.95,,
jtpa,National JTPA Study,Male out-of-school youths,gemini-3.1-pro,1,mt_emp_stars,employment,,ns,match,ns,ns,
jtpa,National JTPA Study,Male out-of-school youths,gemini-3.1-pro,1,mt_emp_control_mean,employment,82.6,87.8,mismatch,82.6,87.8,
jtpa,National JTPA Study,Male out-of-school youths,gemini-3.1-pro,1,lt_emp_impact,employment,1.4,1.0,match,1.4,1.0,
jtpa,National JTPA Study,Male out-of-school youths,gemini-3.1-pro,1,lt_emp_se,employment,,,both_null,,,
jtpa,National JTPA Study,Male out-of-school youths,gemini-3.1-pro,1,lt_emp_stars,employment,,ns,match,ns,ns,
jtpa,National JTPA Study,Male out-of-school youths,gemini-3.1-pro,1,lt_emp_control_mean,employment,79.8,79.4,match,79.8,79.4,
jtpa,National JTPA Study,Male out-of-school youths,gemini-3.1-pro,1,st_earn_impact,earnings,-180.0,-180.0,match,-180.0,-180.0,"annualised (gold x1, model x1); raw match"
jtpa,National JTPA Study,Male out-of-school youths,gemini-3.1-pro,1,st_earn_se,earnings,243.0,243.0,match,243.0,243.0,"annualised (gold x1, model x1); raw match"
jtpa,National JTPA Study,Male out-of-school youths,gemini-3.1-pro,1,st_earn_stars,earnings,,ns,match,ns,ns,
jtpa,National JTPA Study,Male out-of-school youths,gemini-3.1-pro,1,st_earn_control_mean,earnings,4792.0,4792.0,match,4792.0,4792.0,"annualised (gold x1, model x1); raw match"
jtpa,National JTPA Study,Male out-of-school youths,gemini-3.1-pro,1,mt_earn_impact,earnings,-367.0,-343.0,mismatch,-367.0,-343.0,"annualised (gold x1, model x1); raw mismatch"
jtpa,National JTPA Study,Male out-of-school youths,gemini-3.1-pro,1,mt_earn_se,earnings,338.0,297.0,mismatch,338.0,297.0,"annualised (gold x1, model x1); raw mismatch"
jtpa,National JTPA Study,Male out-of-school youths,gemini-3.1-pro,1,mt_earn_stars,earnings,,ns,match,ns,ns,
jtpa,National JTPA Study,Male out-of-school youths,gemini-3.1-pro,1,mt_earn_control_mean,earnings,6497.0,5963.0,mismatch,6497.0,5963.0,"annualised (gold x1, model x1); raw mismatch"
jtpa,National JTPA Study,Male out-of-school youths,gemini-3.1-pro,1,lt_earn_impact,earnings,224.0,262.0,mismatch,224.0,262.0,"annualised (gold x1, model x1); raw mismatch"
jtpa,National JTPA Study,Male out-of-school youths,gemini-3.1-pro,1,lt_earn_se,earnings,378.0,378.0,match,378.0,378.0,"annualised (gold x1, model x1); raw match"
jtpa,National JTPA Study,Male out-of-school youths,gemini-3.1-pro,1,lt_earn_stars,earnings,,ns,match,ns,ns,
jtpa,National JTPA Study,Male out-of-school youths,gemini-3.1-pro,1,lt_earn_control_mean,earnings,6567.0,6425.0,match,6567.0,6425.0,"annualised (gold x1, model x1); raw match"
jtpa,National JTPA Study,Male out-of-school youths,gemini-3.1-pro,1,cost_per_treated,cost,2767.0,2400.0,mismatch,2767.0,2400.0,
jtpa,National JTPA Study,Adult women,gemini-3.1-pro,2,training_role,classification,primary,primary,match,primary,primary,
jtpa,National JTPA Study,Adult women,gemini-3.1-pro,2,mandatory_voluntary,classification,voluntary,voluntary,match,voluntary,voluntary,
jtpa,National JTPA Study,Adult women,gemini-3.1-pro,2,funding_public_private,classification,public,public,match,public,public,
jtpa,National JTPA Study,Adult women,gemini-3.1-pro,2,admin_public_private,classification,mixed,public,mismatch,mixed,public,
jtpa,National JTPA Study,Adult women,gemini-3.1-pro,2,has_classroom,classification,1,True,match,True,True,
jtpa,National JTPA Study,Adult women,gemini-3.1-pro,2,has_ojt,classification,1,True,match,True,True,
jtpa,National JTPA Study,Adult women,gemini-3.1-pro,2,has_jsa,classification,1,True,match,True,True,
jtpa,National JTPA Study,Adult women,gemini-3.1-pro,2,has_multiple_components,classification,1,True,match,True,True,
jtpa,National JTPA Study,Adult women,gemini-3.1-pro,2,sector_program,classification,0,False,match,False,False,
jtpa,National JTPA Study,Adult women,gemini-3.1-pro,2,randomization_period,design,November 1987 – September 1989,November 1987 - September 1989,match,"(1987, 11)-(1989, 9)","(1987, 11)-(1989, 9)",
jtpa,National JTPA Study,Adult women,gemini-3.1-pro,2,n_treatment,design,3631,3631,match,3631.0,3631.0,
jtpa,National JTPA Study,Adult women,gemini-3.1-pro,2,n_control,design,1723,1723,match,1723.0,1723.0,
jtpa,National JTPA Study,Adult women,gemini-3.1-pro,2,outcome_data_source_type,design,SSA earnings records,ssa,match,ssa,ssa,
jtpa,National JTPA Study,Adult women,gemini-3.1-pro,2,treatment_duration_months,design,3.8,3.5,match,3.8,3.5,
jtpa,National JTPA Study,Adult women,gemini-3.1-pro,2,program_takeup_impact,design,64.0,,abstained,64.0,,
jtpa,National JTPA Study,Adult women,gemini-3.1-pro,2,st_emp_impact,employment,2.9,2.9,match,2.9,2.9,
jtpa,National JTPA Study,Adult women,gemini-3.1-pro,2,st_emp_se,employment,1.2,,abstained,1.2,,
jtpa,National JTPA Study,Adult women,gemini-3.1-pro,2,st_emp_stars,employment,**,**,match,**,**,
jtpa,National JTPA Study,Adult women,gemini-3.1-pro,2,st_emp_control_mean,employment,77.4,77.4,match,77.4,77.4,
jtpa,National JTPA Study,Adult women,gemini-3.1-pro,2,mt_emp_impact,employment,3.1,2.6,match,3.1,2.6,
jtpa,National JTPA Study,Adult women,gemini-3.1-pro,2,mt_emp_se,employment,1.35,,abstained,1.35,,
jtpa,National JTPA Study,Adult women,gemini-3.1-pro,2,mt_emp_stars,employment,**,**,match,**,**,
jtpa,National JTPA Study,Adult women,gemini-3.1-pro,2,mt_emp_control_mean,employment,68.1,73.7,mismatch,68.1,73.7,
jtpa,National JTPA Study,Adult women,gemini-3.1-pro,2,lt_emp_impact,employment,2.13,2.0,match,2.13,2.0,
jtpa,National JTPA Study,Adult women,gemini-3.1-pro,2,lt_emp_se,employment,,,both_null,,,
jtpa,National JTPA Study,Adult women,gemini-3.1-pro,2,lt_emp_stars,employment,,ns,match,ns,ns,
jtpa,National JTPA Study,Adult women,gemini-3.1-pro,2,lt_emp_control_mean,employment,67.7,67.7,match,67.7,67.7,
jtpa,National JTPA Study,Adult women,gemini-3.1-pro,2,st_earn_impact,earnings,379.0,379.0,match,379.0,379.0,"annualised (gold x1, model x1); raw match"
jtpa,National JTPA Study,Adult women,gemini-3.1-pro,2,st_earn_se,earnings,145.0,145.0,match,145.0,145.0,"annualised (gold x1, model x1); raw match"
jtpa,National JTPA Study,Adult women,gemini-3.1-pro,2,st_earn_stars,earnings,***,**,mismatch,***,**,
jtpa,National JTPA Study,Adult women,gemini-3.1-pro,2,st_earn_control_mean,earnings,4323.0,4323.0,match,4323.0,4323.0,"annualised (gold x1, model x1); raw match"
jtpa,National JTPA Study,Adult women,gemini-3.1-pro,2,mt_earn_impact,earnings,583.0,658.0,mismatch,583.0,658.0,"annualised (gold x1, model x1); raw mismatch"
jtpa,National JTPA Study,Adult women,gemini-3.1-pro,2,mt_earn_se,earnings,196.0,178.0,match,196.0,178.0,"annualised (gold x1, model x1); raw match"
jtpa,National JTPA Study,Adult women,gemini-3.1-pro,2,mt_earn_stars,earnings,***,**,mismatch,***,**,
jtpa,National JTPA Study,Adult women,gemini-3.1-pro,2,mt_earn_control_mean,earnings,5319.0,5047.0,mismatch,5319.0,5047.0,"annualised (gold x1, model x1); raw mismatch"
jtpa,National JTPA Study,Adult women,gemini-3.1-pro,2,lt_earn_impact,earnings,514.0,556.0,mismatch,514.0,556.0,"annualised (gold x1, model x1); raw mismatch"
jtpa,National JTPA Study,Adult women,gemini-3.1-pro,2,lt_earn_se,earnings,213.0,218.0,match,213.0,218.0,"annualised (gold x1, model x1); raw match"
jtpa,National JTPA Study,Adult women,gemini-3.1-pro,2,lt_earn_stars,earnings,**,**,match,**,**,
jtpa,National JTPA Study,Adult women,gemini-3.1-pro,2,lt_earn_control_mean,earnings,5761.0,5811.0,match,5761.0,5811.0,"annualised (gold x1, model x1); raw match"
jtpa,National JTPA Study,Adult women,gemini-3.1-pro,2,cost_per_treated,cost,2147.0,2400.0,mismatch,2147.0,2400.0,
jtpa,National JTPA Study,Adult men,gemini-3.1-pro,2,training_role,classification,primary,primary,match,primary,primary,
jtpa,National JTPA Study,Adult men,gemini-3.1-pro,2,mandatory_voluntary,classification,voluntary,voluntary,match,voluntary,voluntary,
jtpa,National JTPA Study,Adult men,gemini-3.1-pro,2,funding_public_private,classification,public,public,match,public,public,
jtpa,National JTPA Study,Adult men,gemini-3.1-pro,2,admin_public_private,classification,mixed,public,mismatch,mixed,public,
jtpa,National JTPA Study,Adult men,gemini-3.1-pro,2,has_classroom,classification,1,True,match,True,True,
jtpa,National JTPA Study,Adult men,gemini-3.1-pro,2,has_ojt,classification,1,True,match,True,True,
jtpa,National JTPA Study,Adult men,gemini-3.1-pro,2,has_jsa,classification,1,True,match,True,True,
jtpa,National JTPA Study,Adult men,gemini-3.1-pro,2,has_multiple_components,classification,1,True,match,True,True,
jtpa,National JTPA Study,Adult men,gemini-3.1-pro,2,sector_program,classification,0,False,match,False,False,
jtpa,National JTPA Study,Adult men,gemini-3.1-pro,2,randomization_period,design,November 1987 – September 1989,November 1987 - September 1989,match,"(1987, 11)-(1989, 9)","(1987, 11)-(1989, 9)",
jtpa,National JTPA Study,Adult men,gemini-3.1-pro,2,n_treatment,design,2874,2874,match,2874.0,2874.0,
jtpa,National JTPA Study,Adult men,gemini-3.1-pro,2,n_control,design,1435,1435,match,1435.0,1435.0,
jtpa,National JTPA Study,Adult men,gemini-3.1-pro,2,outcome_data_source_type,design,SSA earnings records,ssa,match,ssa,ssa,
jtpa,National JTPA Study,Adult men,gemini-3.1-pro,2,treatment_duration_months,design,2.8,3.5,match,2.8,3.5,
jtpa,National JTPA Study,Adult men,gemini-3.1-pro,2,program_takeup_impact,design,61.2,,abstained,61.2,,
jtpa,National JTPA Study,Adult men,gemini-3.1-pro,2,st_emp_impact,employment,0.3,0.3,match,0.3,0.3,
jtpa,National JTPA Study,Adult men,gemini-3.1-pro,2,st_emp_se,employment,1.1,,abstained,1.1,,
jtpa,National JTPA Study,Adult men,gemini-3.1-pro,2,st_emp_stars,employment,,ns,match,ns,ns,
jtpa,National JTPA Study,Adult men,gemini-3.1-pro,2,st_emp_control_mean,employment,86.4,86.4,match,86.4,86.4,
jtpa,National JTPA Study,Adult men,gemini-3.1-pro,2,mt_emp_impact,employment,2.4,0.6,mismatch,2.4,0.6,
jtpa,National JTPA Study,Adult men,gemini-3.1-pro,2,mt_emp_se,employment,1.4,,abstained,1.4,,
jtpa,National JTPA Study,Adult men,gemini-3.1-pro,2,mt_emp_stars,employment,*,ns,mismatch,*,ns,
jtpa,National JTPA Study,Adult men,gemini-3.1-pro,2,mt_emp_control_mean,employment,73.9,80.7,mismatch,73.9,80.7,
jtpa,National JTPA Study,Adult men,gemini-3.1-pro,2,lt_emp_impact,employment,2.43,3.7,mismatch,2.43,3.7,
jtpa,National JTPA Study,Adult men,gemini-3.1-pro,2,lt_emp_se,employment,,,both_null,,,
jtpa,National JTPA Study,Adult men,gemini-3.1-pro,2,lt_emp_stars,employment,,**,mismatch,ns,**,
jtpa,National JTPA Study,Adult men,gemini-3.1-pro,2,lt_emp_control_mean,employment,71.7,70.0,match,71.7,70.0,
jtpa,National JTPA Study,Adult men,gemini-3.1-pro,2,st_earn_impact,earnings,491.0,491.0,match,491.0,491.0,"annualised (gold x1, model x1); raw match"
jtpa,National JTPA Study,Adult men,gemini-3.1-pro,2,st_earn_se,earnings,216.0,216.0,match,216.0,216.0,"annualised (gold x1, model x1); raw match"
jtpa,National JTPA Study,Adult men,gemini-3.1-pro,2,st_earn_stars,earnings,**,**,match,**,**,
jtpa,National JTPA Study,Adult men,gemini-3.1-pro,2,st_earn_control_mean,earnings,6410.0,6410.0,match,6410.0,6410.0,"annualised (gold x1, model x1); raw match"
jtpa,National JTPA Study,Adult men,gemini-3.1-pro,2,mt_earn_impact,earnings,573.0,538.0,mismatch,573.0,538.0,"annualised (gold x1, model x1); raw mismatch"
jtpa,National JTPA Study,Adult men,gemini-3.1-pro,2,mt_earn_se,earnings,279.0,254.0,match,279.0,254.0,"annualised (gold x1, model x1); raw match"
jtpa,National JTPA Study,Adult men,gemini-3.1-pro,2,mt_earn_stars,earnings,**,**,match,**,**,
jtpa,National JTPA Study,Adult men,gemini-3.1-pro,2,mt_earn_control_mean,earnings,7363.0,7254.0,match,7363.0,7254.0,"annualised (gold x1, model x1); raw match"
jtpa,National JTPA Study,Adult men,gemini-3.1-pro,2,lt_earn_impact,earnings,485.0,557.0,mismatch,485.0,557.0,"annualised (gold x1, model x1); raw mismatch"
jtpa,National JTPA Study,Adult men,gemini-3.1-pro,2,lt_earn_se,earnings,302.0,302.0,match,302.0,302.0,"annualised (gold x1, model x1); raw match"
jtpa,National JTPA Study,Adult men,gemini-3.1-pro,2,lt_earn_stars,earnings,,ns,match,ns,ns,
jtpa,National JTPA Study,Adult men,gemini-3.1-pro,2,lt_earn_control_mean,earnings,7805.0,7725.0,match,7805.0,7725.0,"annualised (gold x1, model x1); raw match"
jtpa,National JTPA Study,Adult men,gemini-3.1-pro,2,cost_per_treated,cost,1571.0,2400.0,mismatch,1571.0,2400.0,
jtpa,National JTPA Study,Female out-of-school youths,gemini-3.1-pro,2,training_role,classification,primary,primary,match,primary,primary,
jtpa,National JTPA Study,Female out-of-school youths,gemini-3.1-pro,2,mandatory_voluntary,classification,voluntary,voluntary,match,voluntary,voluntary,
jtpa,National JTPA Study,Female out-of-school youths,gemini-3.1-pro,2,funding_public_private,classification,public,public,match,public,public,
jtpa,National JTPA Study,Female out-of-school youths,gemini-3.1-pro,2,admin_public_private,classification,mixed,public,mismatch,mixed,public,
jtpa,National JTPA Study,Female out-of-school youths,gemini-3.1-pro,2,has_classroom,classification,1,True,match,True,True,
jtpa,National JTPA Study,Female out-of-school youths,gemini-3.1-pro,2,has_ojt,classification,1,True,match,True,True,
jtpa,National JTPA Study,Female out-of-school youths,gemini-3.1-pro,2,has_jsa,classification,1,True,match,True,True,
jtpa,National JTPA Study,Female out-of-school youths,gemini-3.1-pro,2,has_multiple_components,classification,1,True,match,True,True,
jtpa,National JTPA Study,Female out-of-school youths,gemini-3.1-pro,2,sector_program,classification,0,False,match,False,False,
jtpa,National JTPA Study,Female out-of-school youths,gemini-3.1-pro,2,randomization_period,design,November 1987 – September 1989,November 1987 - September 1989,match,"(1987, 11)-(1989, 9)","(1987, 11)-(1989, 9)",
jtpa,National JTPA Study,Female out-of-school youths,gemini-3.1-pro,2,n_treatment,design,1593,1593,match,1593.0,1593.0,
jtpa,National JTPA Study,Female out-of-school youths,gemini-3.1-pro,2,n_control,design,707,707,match,707.0,707.0,
jtpa,National JTPA Study,Female out-of-school youths,gemini-3.1-pro,2,outcome_data_source_type,design,SSA earnings records,ssa,match,ssa,ssa,
jtpa,National JTPA Study,Female out-of-school youths,gemini-3.1-pro,2,treatment_duration_months,design,4.3,3.5,match,4.3,3.5,
jtpa,National JTPA Study,Female out-of-school youths,gemini-3.1-pro,2,program_takeup_impact,design,64.2,,abstained,64.2,,
jtpa,National JTPA Study,Female out-of-school youths,gemini-3.1-pro,2,st_emp_impact,employment,2.4,2.4,match,2.4,2.4,
jtpa,National JTPA Study,Female out-of-school youths,gemini-3.1-pro,2,st_emp_se,employment,1.8,,abstained,1.8,,
jtpa,National JTPA Study,Female out-of-school youths,gemini-3.1-pro,2,st_emp_stars,employment,,ns,match,ns,ns,
jtpa,National JTPA Study,Female out-of-school youths,gemini-3.1-pro,2,st_emp_control_mean,employment,79.6,79.6,match,79.6,79.6,
jtpa,National JTPA Study,Female out-of-school youths,gemini-3.1-pro,2,mt_emp_impact,employment,-1.3,1.5,mismatch,-1.3,1.5,
jtpa,National JTPA Study,Female out-of-school youths,gemini-3.1-pro,2,mt_emp_se,employment,1.96,,abstained,1.96,,
jtpa,National JTPA Study,Female out-of-school youths,gemini-3.1-pro,2,mt_emp_stars,employment,,ns,match,ns,ns,
jtpa,National JTPA Study,Female out-of-school youths,gemini-3.1-pro,2,mt_emp_control_mean,employment,75.1,78.2,match,75.1,78.2,
jtpa,National JTPA Study,Female out-of-school youths,gemini-3.1-pro,2,lt_emp_impact,employment,0.2,1.0,mismatch,0.2,1.0,
jtpa,National JTPA Study,Female out-of-school youths,gemini-3.1-pro,2,lt_emp_se,employment,,,both_null,,,
jtpa,National JTPA Study,Female out-of-school youths,gemini-3.1-pro,2,lt_emp_stars,employment,,ns,match,ns,ns,
jtpa,National JTPA Study,Female out-of-school youths,gemini-3.1-pro,2,lt_emp_control_mean,employment,72.9,70.7,match,72.9,70.7,
jtpa,National JTPA Study,Female out-of-school youths,gemini-3.1-pro,2,st_earn_impact,earnings,-50.0,-50.0,match,-50.0,-50.0,"annualised (gold x1, model x1); raw match"
jtpa,National JTPA Study,Female out-of-school youths,gemini-3.1-pro,2,st_earn_se,earnings,172.0,172.0,match,172.0,172.0,"annualised (gold x1, model x1); raw match"
jtpa,National JTPA Study,Female out-of-school youths,gemini-3.1-pro,2,st_earn_stars,earnings,,ns,match,ns,ns,
jtpa,National JTPA Study,Female out-of-school youths,gemini-3.1-pro,2,st_earn_control_mean,earnings,3389.0,3389.0,match,3389.0,3389.0,"annualised (gold x1, model x1); raw match"
jtpa,National JTPA Study,Female out-of-school youths,gemini-3.1-pro,2,mt_earn_impact,earnings,10.0,-80.0,mismatch,10.0,-80.0,"annualised (gold x1, model x1); raw mismatch"
jtpa,National JTPA Study,Female out-of-school youths,gemini-3.1-pro,2,mt_earn_se,earnings,240.0,209.0,mismatch,240.0,209.0,"annualised (gold x1, model x1); raw mismatch"
jtpa,National JTPA Study,Female out-of-school youths,gemini-3.1-pro,2,mt_earn_stars,earnings,,ns,match,ns,ns,
jtpa,National JTPA Study,Female out-of-school youths,gemini-3.1-pro,2,mt_earn_control_mean,earnings,4383.0,4125.0,mismatch,4383.0,4125.0,"annualised (gold x1, model x1); raw mismatch"
jtpa,National JTPA Study,Female out-of-school youths,gemini-3.1-pro,2,lt_earn_impact,earnings,186.0,324.0,mismatch,186.0,324.0,"annualised (gold x1, model x1); raw mismatch"
jtpa,National JTPA Study,Female out-of-school youths,gemini-3.1-pro,2,lt_earn_se,earnings,268.0,270.0,match,268.0,270.0,"annualised (gold x1, model x1); raw match"
jtpa,National JTPA Study,Female out-of-school youths,gemini-3.1-pro,2,lt_earn_stars,earnings,,ns,match,ns,ns,
jtpa,National JTPA Study,Female out-of-school youths,gemini-3.1-pro,2,lt_earn_control_mean,earnings,4734.0,4610.0,match,4734.0,4610.0,"annualised (gold x1, model x1); raw match"
jtpa,National JTPA Study,Female out-of-school youths,gemini-3.1-pro,2,cost_per_treated,cost,2717.0,2400.0,mismatch,2717.0,2400.0,
jtpa,National JTPA Study,Male out-of-school youths,gemini-3.1-pro,2,training_role,classification,primary,primary,match,primary,primary,
jtpa,National JTPA Study,Male out-of-school youths,gemini-3.1-pro,2,mandatory_voluntary,classification,voluntary,voluntary,match,voluntary,voluntary,
jtpa,National JTPA Study,Male out-of-school youths,gemini-3.1-pro,2,funding_public_private,classification,public,public,match,public,public,
jtpa,National JTPA Study,Male out-of-school youths,gemini-3.1-pro,2,admin_public_private,classification,mixed,public,mismatch,mixed,public,
jtpa,National JTPA Study,Male out-of-school youths,gemini-3.1-pro,2,has_classroom,classification,1,True,match,True,True,
jtpa,National JTPA Study,Male out-of-school youths,gemini-3.1-pro,2,has_ojt,classification,1,True,match,True,True,
jtpa,National JTPA Study,Male out-of-school youths,gemini-3.1-pro,2,has_jsa,classification,1,True,match,True,True,
jtpa,National JTPA Study,Male out-of-school youths,gemini-3.1-pro,2,has_multiple_components,classification,1,True,match,True,True,
jtpa,National JTPA Study,Male out-of-school youths,gemini-3.1-pro,2,sector_program,classification,0,False,match,False,False,
jtpa,National JTPA Study,Male out-of-school youths,gemini-3.1-pro,2,randomization_period,design,November 1987 – September 1989,November 1987 - September 1989,match,"(1987, 11)-(1989, 9)","(1987, 11)-(1989, 9)",
jtpa,National JTPA Study,Male out-of-school youths,gemini-3.1-pro,2,n_treatment,design,1177,1177,match,1177.0,1177.0,
jtpa,National JTPA Study,Male out-of-school youths,gemini-3.1-pro,2,n_control,design,559,559,match,559.0,559.0,
jtpa,National JTPA Study,Male out-of-school youths,gemini-3.1-pro,2,outcome_data_source_type,design,SSA earnings records,ssa,match,ssa,ssa,
jtpa,National JTPA Study,Male out-of-school youths,gemini-3.1-pro,2,treatment_duration_months,design,3.2,3.5,match,3.2,3.5,
jtpa,National JTPA Study,Male out-of-school youths,gemini-3.1-pro,2,program_takeup_impact,design,68.0,,abstained,68.0,,
jtpa,National JTPA Study,Male out-of-school youths,gemini-3.1-pro,2,st_emp_impact,employment,-1.6,-1.6,match,-1.6,-1.6,
jtpa,National JTPA Study,Male out-of-school youths,gemini-3.1-pro,2,st_emp_se,employment,1.43,,abstained,1.43,,
jtpa,National JTPA Study,Male out-of-school youths,gemini-3.1-pro,2,st_emp_stars,employment,,ns,match,ns,ns,
jtpa,National JTPA Study,Male out-of-school youths,gemini-3.1-pro,2,st_emp_control_mean,employment,92.1,92.1,match,92.1,92.1,
jtpa,National JTPA Study,Male out-of-school youths,gemini-3.1-pro,2,mt_emp_impact,employment,-0.4,0.6,mismatch,-0.4,0.6,
jtpa,National JTPA Study,Male out-of-school youths,gemini-3.1-pro,2,mt_emp_se,employment,1.95,,abstained,1.95,,
jtpa,National JTPA Study,Male out-of-school youths,gemini-3.1-pro,2,mt_emp_stars,employment,,ns,match,ns,ns,
jtpa,National JTPA Study,Male out-of-school youths,gemini-3.1-pro,2,mt_emp_control_mean,employment,82.6,87.8,mismatch,82.6,87.8,
jtpa,National JTPA Study,Male out-of-school youths,gemini-3.1-pro,2,lt_emp_impact,employment,1.4,1.0,match,1.4,1.0,
jtpa,National JTPA Study,Male out-of-school youths,gemini-3.1-pro,2,lt_emp_se,employment,,,both_null,,,
jtpa,National JTPA Study,Male out-of-school youths,gemini-3.1-pro,2,lt_emp_stars,employment,,ns,match,ns,ns,
jtpa,National JTPA Study,Male out-of-school youths,gemini-3.1-pro,2,lt_emp_control_mean,employment,79.8,79.4,match,79.8,79.4,
jtpa,National JTPA Study,Male out-of-school youths,gemini-3.1-pro,2,st_earn_impact,earnings,-180.0,-180.0,match,-180.0,-180.0,"annualised (gold x1, model x1); raw match"
jtpa,National JTPA Study,Male out-of-school youths,gemini-3.1-pro,2,st_earn_se,earnings,243.0,243.0,match,243.0,243.0,"annualised (gold x1, model x1); raw match"
jtpa,National JTPA Study,Male out-of-school youths,gemini-3.1-pro,2,st_earn_stars,earnings,,ns,match,ns,ns,
jtpa,National JTPA Study,Male out-of-school youths,gemini-3.1-pro,2,st_earn_control_mean,earnings,4792.0,4792.0,match,4792.0,4792.0,"annualised (gold x1, model x1); raw match"
jtpa,National JTPA Study,Male out-of-school youths,gemini-3.1-pro,2,mt_earn_impact,earnings,-367.0,-343.0,mismatch,-367.0,-343.0,"annualised (gold x1, model x1); raw mismatch"
jtpa,National JTPA Study,Male out-of-school youths,gemini-3.1-pro,2,mt_earn_se,earnings,338.0,297.0,mismatch,338.0,297.0,"annualised (gold x1, model x1); raw mismatch"
jtpa,National JTPA Study,Male out-of-school youths,gemini-3.1-pro,2,mt_earn_stars,earnings,,ns,match,ns,ns,
jtpa,National JTPA Study,Male out-of-school youths,gemini-3.1-pro,2,mt_earn_control_mean,earnings,6497.0,5963.0,mismatch,6497.0,5963.0,"annualised (gold x1, model x1); raw mismatch"
jtpa,National JTPA Study,Male out-of-school youths,gemini-3.1-pro,2,lt_earn_impact,earnings,224.0,262.0,mismatch,224.0,262.0,"annualised (gold x1, model x1); raw mismatch"
jtpa,National JTPA Study,Male out-of-school youths,gemini-3.1-pro,2,lt_earn_se,earnings,378.0,378.0,match,378.0,378.0,"annualised (gold x1, model x1); raw match"
jtpa,National JTPA Study,Male out-of-school youths,gemini-3.1-pro,2,lt_earn_stars,earnings,,ns,match,ns,ns,
jtpa,National JTPA Study,Male out-of-school youths,gemini-3.1-pro,2,lt_earn_control_mean,earnings,6567.0,6425.0,match,6567.0,6425.0,"annualised (gold x1, model x1); raw match"
jtpa,National JTPA Study,Male out-of-school youths,gemini-3.1-pro,2,cost_per_treated,cost,2767.0,2400.0,mismatch,2767.0,2400.0,
jtpa,National JTPA Study,Adult women,gemini-3.8-flash,1,training_role,classification,primary,primary,match,primary,primary,
jtpa,National JTPA Study,Adult women,gemini-3.8-flash,1,mandatory_voluntary,classification,voluntary,voluntary,match,voluntary,voluntary,
jtpa,National JTPA Study,Adult women,gemini-3.8-flash,1,funding_public_private,classification,public,public,match,public,public,
jtpa,National JTPA Study,Adult women,gemini-3.8-flash,1,admin_public_private,classification,mixed,mixed,match,mixed,mixed,
jtpa,National JTPA Study,Adult women,gemini-3.8-flash,1,has_classroom,classification,1,True,match,True,True,
jtpa,National JTPA Study,Adult women,gemini-3.8-flash,1,has_ojt,classification,1,True,match,True,True,
jtpa,National JTPA Study,Adult women,gemini-3.8-flash,1,has_jsa,classification,1,True,match,True,True,
jtpa,National JTPA Study,Adult women,gemini-3.8-flash,1,has_multiple_components,classification,1,True,match,True,True,
jtpa,National JTPA Study,Adult women,gemini-3.8-flash,1,sector_program,classification,0,False,match,False,False,
jtpa,National JTPA Study,Adult women,gemini-3.8-flash,1,randomization_period,design,November 1987 – September 1989,November 1987 - December 1988,mismatch,"(1987, 11)-(1989, 9)","(1987, 11)-(1988, 12)",
jtpa,National JTPA Study,Adult women,gemini-3.8-flash,1,n_treatment,design,3631,3631,match,3631.0,3631.0,
jtpa,National JTPA Study,Adult women,gemini-3.8-flash,1,n_control,design,1723,1723,match,1723.0,1723.0,
jtpa,National JTPA Study,Adult women,gemini-3.8-flash,1,outcome_data_source_type,design,SSA earnings records,ssa,match,ssa,ssa,
jtpa,National JTPA Study,Adult women,gemini-3.8-flash,1,treatment_duration_months,design,3.8,3.5,match,3.8,3.5,
jtpa,National JTPA Study,Adult women,gemini-3.8-flash,1,program_takeup_impact,design,64.0,,abstained,64.0,,
jtpa,National JTPA Study,Adult women,gemini-3.8-flash,1,st_emp_impact,employment,2.9,2.9,match,2.9,2.9,
jtpa,National JTPA Study,Adult women,gemini-3.8-flash,1,st_emp_se,employment,1.2,,abstained,1.2,,
jtpa,National JTPA Study,Adult women,gemini-3.8-flash,1,st_emp_stars,employment,**,**,match,**,**,
jtpa,National JTPA Study,Adult women,gemini-3.8-flash,1,st_emp_control_mean,employment,77.4,77.4,match,77.4,77.4,
jtpa,National JTPA Study,Adult women,gemini-3.8-flash,1,mt_emp_impact,employment,3.1,2.6,match,3.1,2.6,
jtpa,National JTPA Study,Adult women,gemini-3.8-flash,1,mt_emp_se,employment,1.35,,abstained,1.35,,
jtpa,National JTPA Study,Adult women,gemini-3.8-flash,1,mt_emp_stars,employment,**,**,match,**,**,
jtpa,National JTPA Study,Adult women,gemini-3.8-flash,1,mt_emp_control_mean,employment,68.1,73.7,mismatch,68.1,73.7,
jtpa,National JTPA Study,Adult women,gemini-3.8-flash,1,lt_emp_impact,employment,2.13,2.0,match,2.13,2.0,
jtpa,National JTPA Study,Adult women,gemini-3.8-flash,1,lt_emp_se,employment,,,both_null,,,
jtpa,National JTPA Study,Adult women,gemini-3.8-flash,1,lt_emp_stars,employment,,ns,match,ns,ns,
jtpa,National JTPA Study,Adult women,gemini-3.8-flash,1,lt_emp_control_mean,employment,67.7,67.7,match,67.7,67.7,
jtpa,National JTPA Study,Adult women,gemini-3.8-flash,1,st_earn_impact,earnings,379.0,379.0,match,379.0,379.0,"annualised (gold x1, model x1); raw match"
jtpa,National JTPA Study,Adult women,gemini-3.8-flash,1,st_earn_se,earnings,145.0,145.0,match,145.0,145.0,"annualised (gold x1, model x1); raw match"
jtpa,National JTPA Study,Adult women,gemini-3.8-flash,1,st_earn_stars,earnings,***,**,mismatch,***,**,
jtpa,National JTPA Study,Adult women,gemini-3.8-flash,1,st_earn_control_mean,earnings,4323.0,4323.0,match,4323.0,4323.0,"annualised (gold x1, model x1); raw match"
jtpa,National JTPA Study,Adult women,gemini-3.8-flash,1,mt_earn_impact,earnings,583.0,658.0,mismatch,583.0,658.0,"annualised (gold x1, model x1); raw mismatch"
jtpa,National JTPA Study,Adult women,gemini-3.8-flash,1,mt_earn_se,earnings,196.0,178.0,match,196.0,178.0,"annualised (gold x1, model x1); raw match"
jtpa,National JTPA Study,Adult women,gemini-3.8-flash,1,mt_earn_stars,earnings,***,**,mismatch,***,**,
jtpa,National JTPA Study,Adult women,gemini-3.8-flash,1,mt_earn_control_mean,earnings,5319.0,5047.0,mismatch,5319.0,5047.0,"annualised (gold x1, model x1); raw mismatch"
jtpa,National JTPA Study,Adult women,gemini-3.8-flash,1,lt_earn_impact,earnings,514.0,556.0,mismatch,514.0,556.0,"annualised (gold x1, model x1); raw mismatch"
jtpa,National JTPA Study,Adult women,gemini-3.8-flash,1,lt_earn_se,earnings,213.0,218.0,match,213.0,218.0,"annualised (gold x1, model x1); raw match"
jtpa,National JTPA Study,Adult women,gemini-3.8-flash,1,lt_earn_stars,earnings,**,**,match,**,**,
jtpa,National JTPA Study,Adult women,gemini-3.8-flash,1,lt_earn_control_mean,earnings,5761.0,5811.0,match,5761.0,5811.0,"annualised (gold x1, model x1); raw match"
jtpa,National JTPA Study,Adult women,gemini-3.8-flash,1,cost_per_treated,cost,2147.0,2400.0,mismatch,2147.0,2400.0,
jtpa,National JTPA Study,Adult men,gemini-3.8-flash,1,training_role,classification,primary,primary,match,primary,primary,
jtpa,National JTPA Study,Adult men,gemini-3.8-flash,1,mandatory_voluntary,classification,voluntary,voluntary,match,voluntary,voluntary,
jtpa,National JTPA Study,Adult men,gemini-3.8-flash,1,funding_public_private,classification,public,public,match,public,public,
jtpa,National JTPA Study,Adult men,gemini-3.8-flash,1,admin_public_private,classification,mixed,mixed,match,mixed,mixed,
jtpa,National JTPA Study,Adult men,gemini-3.8-flash,1,has_classroom,classification,1,True,match,True,True,
jtpa,National JTPA Study,Adult men,gemini-3.8-flash,1,has_ojt,classification,1,True,match,True,True,
jtpa,National JTPA Study,Adult men,gemini-3.8-flash,1,has_jsa,classification,1,True,match,True,True,
jtpa,National JTPA Study,Adult men,gemini-3.8-flash,1,has_multiple_components,classification,1,True,match,True,True,
jtpa,National JTPA Study,Adult men,gemini-3.8-flash,1,sector_program,classification,0,False,match,False,False,
jtpa,National JTPA Study,Adult men,gemini-3.8-flash,1,randomization_period,design,November 1987 – September 1989,November 1987 - December 1988,mismatch,"(1987, 11)-(1989, 9)","(1987, 11)-(1988, 12)",
jtpa,National JTPA Study,Adult men,gemini-3.8-flash,1,n_treatment,design,2874,2874,match,2874.0,2874.0,
jtpa,National JTPA Study,Adult men,gemini-3.8-flash,1,n_control,design,1435,1435,match,1435.0,1435.0,
jtpa,National JTPA Study,Adult men,gemini-3.8-flash,1,outcome_data_source_type,design,SSA earnings records,ssa,match,ssa,ssa,
jtpa,National JTPA Study,Adult men,gemini-3.8-flash,1,treatment_duration_months,design,2.8,3.5,match,2.8,3.5,
jtpa,National JTPA Study,Adult men,gemini-3.8-flash,1,program_takeup_impact,design,61.2,,abstained,61.2,,
jtpa,National JTPA Study,Adult men,gemini-3.8-flash,1,st_emp_impact,employment,0.3,0.3,match,0.3,0.3,
jtpa,National JTPA Study,Adult men,gemini-3.8-flash,1,st_emp_se,employment,1.1,,abstained,1.1,,
jtpa,National JTPA Study,Adult men,gemini-3.8-flash,1,st_emp_stars,employment,,ns,match,ns,ns,
jtpa,National JTPA Study,Adult men,gemini-3.8-flash,1,st_emp_control_mean,employment,86.4,86.4,match,86.4,86.4,
jtpa,National JTPA Study,Adult men,gemini-3.8-flash,1,mt_emp_impact,employment,2.4,0.6,mismatch,2.4,0.6,
jtpa,National JTPA Study,Adult men,gemini-3.8-flash,1,mt_emp_se,employment,1.4,,abstained,1.4,,
jtpa,National JTPA Study,Adult men,gemini-3.8-flash,1,mt_emp_stars,employment,*,ns,mismatch,*,ns,
jtpa,National JTPA Study,Adult men,gemini-3.8-flash,1,mt_emp_control_mean,employment,73.9,80.7,mismatch,73.9,80.7,
jtpa,National JTPA Study,Adult men,gemini-3.8-flash,1,lt_emp_impact,employment,2.43,3.7,mismatch,2.43,3.7,
jtpa,National JTPA Study,Adult men,gemini-3.8-flash,1,lt_emp_se,employment,,,both_null,,,
jtpa,National JTPA Study,Adult men,gemini-3.8-flash,1,lt_emp_stars,employment,,**,mismatch,ns,**,
jtpa,National JTPA Study,Adult men,gemini-3.8-flash,1,lt_emp_control_mean,employment,71.7,70.0,match,71.7,70.0,
jtpa,National JTPA Study,Adult men,gemini-3.8-flash,1,st_earn_impact,earnings,491.0,491.0,match,491.0,491.0,"annualised (gold x1, model x1); raw match"
jtpa,National JTPA Study,Adult men,gemini-3.8-flash,1,st_earn_se,earnings,216.0,216.0,match,216.0,216.0,"annualised (gold x1, model x1); raw match"
jtpa,National JTPA Study,Adult men,gemini-3.8-flash,1,st_earn_stars,earnings,**,**,match,**,**,
jtpa,National JTPA Study,Adult men,gemini-3.8-flash,1,st_earn_control_mean,earnings,6410.0,6410.0,match,6410.0,6410.0,"annualised (gold x1, model x1); raw match"
jtpa,National JTPA Study,Adult men,gemini-3.8-flash,1,mt_earn_impact,earnings,573.0,538.0,mismatch,573.0,538.0,"annualised (gold x1, model x1); raw mismatch"
jtpa,National JTPA Study,Adult men,gemini-3.8-flash,1,mt_earn_se,earnings,279.0,254.0,match,279.0,254.0,"annualised (gold x1, model x1); raw match"
jtpa,National JTPA Study,Adult men,gemini-3.8-flash,1,mt_earn_stars,earnings,**,**,match,**,**,
jtpa,National JTPA Study,Adult men,gemini-3.8-flash,1,mt_earn_control_mean,earnings,7363.0,7254.0,match,7363.0,7254.0,"annualised (gold x1, model x1); raw match"
jtpa,National JTPA Study,Adult men,gemini-3.8-flash,1,lt_earn_impact,earnings,485.0,557.0,mismatch,485.0,557.0,"annualised (gold x1, model x1); raw mismatch"
jtpa,National JTPA Study,Adult men,gemini-3.8-flash,1,lt_earn_se,earnings,302.0,302.0,match,302.0,302.0,"annualised (gold x1, model x1); raw match"
jtpa,National JTPA Study,Adult men,gemini-3.8-flash,1,lt_earn_stars,earnings,,ns,match,ns,ns,
jtpa,National JTPA Study,Adult men,gemini-3.8-flash,1,lt_earn_control_mean,earnings,7805.0,7725.0,match,7805.0,7725.0,"annualised (gold x1, model x1); raw match"
jtpa,National JTPA Study,Adult men,gemini-3.8-flash,1,cost_per_treated,cost,1571.0,2400.0,mismatch,1571.0,2400.0,
jtpa,National JTPA Study,Female out-of-school youths,gemini-3.8-flash,1,training_role,classification,primary,primary,match,primary,primary,
jtpa,National JTPA Study,Female out-of-school youths,gemini-3.8-flash,1,mandatory_voluntary,classification,voluntary,voluntary,match,voluntary,voluntary,
jtpa,National JTPA Study,Female out-of-school youths,gemini-3.8-flash,1,funding_public_private,classification,public,public,match,public,public,
jtpa,National JTPA Study,Female out-of-school youths,gemini-3.8-flash,1,admin_public_private,classification,mixed,mixed,match,mixed,mixed,
jtpa,National JTPA Study,Female out-of-school youths,gemini-3.8-flash,1,has_classroom,classification,1,True,match,True,True,
jtpa,National JTPA Study,Female out-of-school youths,gemini-3.8-flash,1,has_ojt,classification,1,True,match,True,True,
jtpa,National JTPA Study,Female out-of-school youths,gemini-3.8-flash,1,has_jsa,classification,1,True,match,True,True,
jtpa,National JTPA Study,Female out-of-school youths,gemini-3.8-flash,1,has_multiple_components,classification,1,True,match,True,True,
jtpa,National JTPA Study,Female out-of-school youths,gemini-3.8-flash,1,sector_program,classification,0,False,match,False,False,
jtpa,National JTPA Study,Female out-of-school youths,gemini-3.8-flash,1,randomization_period,design,November 1987 – September 1989,November 1987 - December 1988,mismatch,"(1987, 11)-(1989, 9)","(1987, 11)-(1988, 12)",
jtpa,National JTPA Study,Female out-of-school youths,gemini-3.8-flash,1,n_treatment,design,1593,1593,match,1593.0,1593.0,
jtpa,National JTPA Study,Female out-of-school youths,gemini-3.8-flash,1,n_control,design,707,707,match,707.0,707.0,
jtpa,National JTPA Study,Female out-of-school youths,gemini-3.8-flash,1,outcome_data_source_type,design,SSA earnings records,ssa,match,ssa,ssa,
jtpa,National JTPA Study,Female out-of-school youths,gemini-3.8-flash,1,treatment_duration_months,design,4.3,3.5,match,4.3,3.5,
jtpa,National JTPA Study,Female out-of-school youths,gemini-3.8-flash,1,program_takeup_impact,design,64.2,,abstained,64.2,,
jtpa,National JTPA Study,Female out-of-school youths,gemini-3.8-flash,1,st_emp_impact,employment,2.4,2.4,match,2.4,2.4,
jtpa,National JTPA Study,Female out-of-school youths,gemini-3.8-flash,1,st_emp_se,employment,1.8,,abstained,1.8,,
jtpa,National JTPA Study,Female out-of-school youths,gemini-3.8-flash,1,st_emp_stars,employment,,ns,match,ns,ns,
jtpa,National JTPA Study,Female out-of-school youths,gemini-3.8-flash,1,st_emp_control_mean,employment,79.6,79.6,match,79.6,79.6,
jtpa,National JTPA Study,Female out-of-school youths,gemini-3.8-flash,1,mt_emp_impact,employment,-1.3,1.5,mismatch,-1.3,1.5,
jtpa,National JTPA Study,Female out-of-school youths,gemini-3.8-flash,1,mt_emp_se,employment,1.96,,abstained,1.96,,
jtpa,National JTPA Study,Female out-of-school youths,gemini-3.8-flash,1,mt_emp_stars,employment,,ns,match,ns,ns,
jtpa,National JTPA Study,Female out-of-school youths,gemini-3.8-flash,1,mt_emp_control_mean,employment,75.1,78.2,match,75.1,78.2,
jtpa,National JTPA Study,Female out-of-school youths,gemini-3.8-flash,1,lt_emp_impact,employment,0.2,1.0,mismatch,0.2,1.0,
jtpa,National JTPA Study,Female out-of-school youths,gemini-3.8-flash,1,lt_emp_se,employment,,,both_null,,,
jtpa,National JTPA Study,Female out-of-school youths,gemini-3.8-flash,1,lt_emp_stars,employment,,ns,match,ns,ns,
jtpa,National JTPA Study,Female out-of-school youths,gemini-3.8-flash,1,lt_emp_control_mean,employment,72.9,70.7,match,72.9,70.7,
jtpa,National JTPA Study,Female out-of-school youths,gemini-3.8-flash,1,st_earn_impact,earnings,-50.0,-50.0,match,-50.0,-50.0,"annualised (gold x1, model x1); raw match"
jtpa,National JTPA Study,Female out-of-school youths,gemini-3.8-flash,1,st_earn_se,earnings,172.0,172.0,match,172.0,172.0,"annualised (gold x1, model x1); raw match"
jtpa,National JTPA Study,Female out-of-school youths,gemini-3.8-flash,1,st_earn_stars,earnings,,ns,match,ns,ns,
jtpa,National JTPA Study,Female out-of-school youths,gemini-3.8-flash,1,st_earn_control_mean,earnings,3389.0,3389.0,match,3389.0,3389.0,"annualised (gold x1, model x1); raw match"
jtpa,National JTPA Study,Female out-of-school youths,gemini-3.8-flash,1,mt_earn_impact,earnings,10.0,-80.0,mismatch,10.0,-80.0,"annualised (gold x1, model x1); raw mismatch"
jtpa,National JTPA Study,Female out-of-school youths,gemini-3.8-flash,1,mt_earn_se,earnings,240.0,209.0,mismatch,240.0,209.0,"annualised (gold x1, model x1); raw mismatch"
jtpa,National JTPA Study,Female out-of-school youths,gemini-3.8-flash,1,mt_earn_stars,earnings,,ns,match,ns,ns,
jtpa,National JTPA Study,Female out-of-school youths,gemini-3.8-flash,1,mt_earn_control_mean,earnings,4383.0,4125.0,mismatch,4383.0,4125.0,"annualised (gold x1, model x1); raw mismatch"
jtpa,National JTPA Study,Female out-of-school youths,gemini-3.8-flash,1,lt_earn_impact,earnings,186.0,324.0,mismatch,186.0,324.0,"annualised (gold x1, model x1); raw mismatch"
jtpa,National JTPA Study,Female out-of-school youths,gemini-3.8-flash,1,lt_earn_se,earnings,268.0,270.0,match,268.0,270.0,"annualised (gold x1, model x1); raw match"
jtpa,National JTPA Study,Female out-of-school youths,gemini-3.8-flash,1,lt_earn_stars,earnings,,ns,match,ns,ns,
jtpa,National JTPA Study,Female out-of-school youths,gemini-3.8-flash,1,lt_earn_control_mean,earnings,4734.0,4610.0,match,4734.0,4610.0,"annualised (gold x1, model x1); raw match"
jtpa,National JTPA Study,Female out-of-school youths,gemini-3.8-flash,1,cost_per_treated,cost,2717.0,2400.0,mismatch,2717.0,2400.0,
jtpa,National JTPA Study,Male out-of-school youths,gemini-3.8-flash,1,training_role,classification,primary,primary,match,primary,primary,
jtpa,National JTPA Study,Male out-of-school youths,gemini-3.8-flash,1,mandatory_voluntary,classification,voluntary,voluntary,match,voluntary,voluntary,
jtpa,National JTPA Study,Male out-of-school youths,gemini-3.8-flash,1,funding_public_private,classification,public,public,match,public,public,
jtpa,National JTPA Study,Male out-of-school youths,gemini-3.8-flash,1,admin_public_private,classification,mixed,mixed,match,mixed,mixed,
jtpa,National JTPA Study,Male out-of-school youths,gemini-3.8-flash,1,has_classroom,classification,1,True,match,True,True,
jtpa,National JTPA Study,Male out-of-school youths,gemini-3.8-flash,1,has_ojt,classification,1,True,match,True,True,
jtpa,National JTPA Study,Male out-of-school youths,gemini-3.8-flash,1,has_jsa,classification,1,True,match,True,True,
jtpa,National JTPA Study,Male out-of-school youths,gemini-3.8-flash,1,has_multiple_components,classification,1,True,match,True,True,
jtpa,National JTPA Study,Male out-of-school youths,gemini-3.8-flash,1,sector_program,classification,0,False,match,False,False,
jtpa,National JTPA Study,Male out-of-school youths,gemini-3.8-flash,1,randomization_period,design,November 1987 – September 1989,November 1987 - December 1988,mismatch,"(1987, 11)-(1989, 9)","(1987, 11)-(1988, 12)",
jtpa,National JTPA Study,Male out-of-school youths,gemini-3.8-flash,1,n_treatment,design,1177,1177,match,1177.0,1177.0,
jtpa,National JTPA Study,Male out-of-school youths,gemini-3.8-flash,1,n_control,design,559,559,match,559.0,559.0,
jtpa,National JTPA Study,Male out-of-school youths,gemini-3.8-flash,1,outcome_data_source_type,design,SSA earnings records,ssa,match,ssa,ssa,
jtpa,National JTPA Study,Male out-of-school youths,gemini-3.8-flash,1,treatment_duration_months,design,3.2,3.5,match,3.2,3.5,
jtpa,National JTPA Study,Male out-of-school youths,gemini-3.8-flash,1,program_takeup_impact,design,68.0,,abstained,68.0,,
jtpa,National JTPA Study,Male out-of-school youths,gemini-3.8-flash,1,st_emp_impact,employment,-1.6,-1.6,match,-1.6,-1.6,
jtpa,National JTPA Study,Male out-of-school youths,gemini-3.8-flash,1,st_emp_se,employment,1.43,,abstained,1.43,,
jtpa,National JTPA Study,Male out-of-school youths,gemini-3.8-flash,1,st_emp_stars,employment,,ns,match,ns,ns,
jtpa,National JTPA Study,Male out-of-school youths,gemini-3.8-flash,1,st_emp_control_mean,employment,92.1,92.1,match,92.1,92.1,
jtpa,National JTPA Study,Male out-of-school youths,gemini-3.8-flash,1,mt_emp_impact,employment,-0.4,0.6,mismatch,-0.4,0.6,
jtpa,National JTPA Study,Male out-of-school youths,gemini-3.8-flash,1,mt_emp_se,employment,1.95,,abstained,1.95,,
jtpa,National JTPA Study,Male out-of-school youths,gemini-3.8-flash,1,mt_emp_stars,employment,,ns,match,ns,ns,
jtpa,National JTPA Study,Male out-of-school youths,gemini-3.8-flash,1,mt_emp_control_mean,employment,82.6,87.8,mismatch,82.6,87.8,
jtpa,National JTPA Study,Male out-of-school youths,gemini-3.8-flash,1,lt_emp_impact,employment,1.4,1.0,match,1.4,1.0,
jtpa,National JTPA Study,Male out-of-school youths,gemini-3.8-flash,1,lt_emp_se,employment,,,both_null,,,
jtpa,National JTPA Study,Male out-of-school youths,gemini-3.8-flash,1,lt_emp_stars,employment,,ns,match,ns,ns,
jtpa,National JTPA Study,Male out-of-school youths,gemini-3.8-flash,1,lt_emp_control_mean,employment,79.8,79.4,match,79.8,79.4,
jtpa,National JTPA Study,Male out-of-school youths,gemini-3.8-flash,1,st_earn_impact,earnings,-180.0,-180.0,match,-180.0,-180.0,"annualised (gold x1, model x1); raw match"
jtpa,National JTPA Study,Male out-of-school youths,gemini-3.8-flash,1,st_earn_se,earnings,243.0,243.0,match,243.0,243.0,"annualised (gold x1, model x1); raw match"
jtpa,National JTPA Study,Male out-of-school youths,gemini-3.8-flash,1,st_earn_stars,earnings,,ns,match,ns,ns,
jtpa,National JTPA Study,Male out-of-school youths,gemini-3.8-flash,1,st_earn_control_mean,earnings,4792.0,4792.0,match,4792.0,4792.0,"annualised (gold x1, model x1); raw match"
jtpa,National JTPA Study,Male out-of-school youths,gemini-3.8-flash,1,mt_earn_impact,earnings,-367.0,-343.0,mismatch,-367.0,-343.0,"annualised (gold x1, model x1); raw mismatch"
jtpa,National JTPA Study,Male out-of-school youths,gemini-3.8-flash,1,mt_earn_se,earnings,338.0,297.0,mismatch,338.0,297.0,"annualised (gold x1, model x1); raw mismatch"
jtpa,National JTPA Study,Male out-of-school youths,gemini-3.8-flash,1,mt_earn_stars,earnings,,ns,match,ns,ns,
jtpa,National JTPA Study,Male out-of-school youths,gemini-3.8-flash,1,mt_earn_control_mean,earnings,6497.0,5963.0,mismatch,6497.0,5963.0,"annualised (gold x1, model x1); raw mismatch"
jtpa,National JTPA Study,Male out-of-school youths,gemini-3.8-flash,1,lt_earn_impact,earnings,224.0,262.0,mismatch,224.0,262.0,"annualised (gold x1, model x1); raw mismatch"
jtpa,National JTPA Study,Male out-of-school youths,gemini-3.8-flash,1,lt_earn_se,earnings,378.0,378.0,match,378.0,378.0,"annualised (gold x1, model x1); raw match"
jtpa,National JTPA Study,Male out-of-school youths,gemini-3.8-flash,1,lt_earn_stars,earnings,,ns,match,ns,ns,
jtpa,National JTPA Study,Male out-of-school youths,gemini-3.8-flash,1,lt_earn_control_mean,earnings,6567.0,6425.0,match,6567.0,6425.0,"annualised (gold x1, model x1); raw match"
jtpa,National JTPA Study,Male out-of-school youths,gemini-3.8-flash,1,cost_per_treated,cost,2767.0,2400.0,mismatch,2767.0,2400.0,
jtpa,National JTPA Study,Adult women,gpt-5.6-terra,1,training_role,classification,primary,primary,match,primary,primary,
jtpa,National JTPA Study,Adult women,gpt-5.6-terra,1,mandatory_voluntary,classification,voluntary,voluntary,match,voluntary,voluntary,
jtpa,National JTPA Study,Adult women,gpt-5.6-terra,1,funding_public_private,classification,public,public,match,public,public,
jtpa,National JTPA Study,Adult women,gpt-5.6-terra,1,admin_public_private,classification,mixed,mixed,match,mixed,mixed,
jtpa,National JTPA Study,Adult women,gpt-5.6-terra,1,has_classroom,classification,1,True,match,True,True,
jtpa,National JTPA Study,Adult women,gpt-5.6-terra,1,has_ojt,classification,1,False,mismatch,True,False,
jtpa,National JTPA Study,Adult women,gpt-5.6-terra,1,has_jsa,classification,1,True,match,True,True,
jtpa,National JTPA Study,Adult women,gpt-5.6-terra,1,has_multiple_components,classification,1,True,match,True,True,
jtpa,National JTPA Study,Adult women,gpt-5.6-terra,1,sector_program,classification,0,False,match,False,False,
jtpa,National JTPA Study,Adult women,gpt-5.6-terra,1,randomization_period,design,November 1987 – September 1989,November 1987 - September 1989,match,"(1987, 11)-(1989, 9)","(1987, 11)-(1989, 9)",
jtpa,National JTPA Study,Adult women,gpt-5.6-terra,1,n_treatment,design,3631,3631,match,3631.0,3631.0,
jtpa,National JTPA Study,Adult women,gpt-5.6-terra,1,n_control,design,1723,1723,match,1723.0,1723.0,
jtpa,National JTPA Study,Adult women,gpt-5.6-terra,1,outcome_data_source_type,design,SSA earnings records,ssa,match,ssa,ssa,
jtpa,National JTPA Study,Adult women,gpt-5.6-terra,1,treatment_duration_months,design,3.8,3.5,match,3.8,3.5,
jtpa,National JTPA Study,Adult women,gpt-5.6-terra,1,program_takeup_impact,design,64.0,,abstained,64.0,,
jtpa,National JTPA Study,Adult women,gpt-5.6-terra,1,st_emp_impact,employment,2.9,2.9,match,2.9,2.9,
jtpa,National JTPA Study,Adult women,gpt-5.6-terra,1,st_emp_se,employment,1.2,,abstained,1.2,,
jtpa,National JTPA Study,Adult women,gpt-5.6-terra,1,st_emp_stars,employment,**,**,match,**,**,
jtpa,National JTPA Study,Adult women,gpt-5.6-terra,1,st_emp_control_mean,employment,77.4,77.4,match,77.4,77.4,
jtpa,National JTPA Study,Adult women,gpt-5.6-terra,1,mt_emp_impact,employment,3.1,2.6,match,3.1,2.6,
jtpa,National JTPA Study,Adult women,gpt-5.6-terra,1,mt_emp_se,employment,1.35,,abstained,1.35,,
jtpa,National JTPA Study,Adult women,gpt-5.6-terra,1,mt_emp_stars,employment,**,**,match,**,**,
jtpa,National JTPA Study,Adult women,gpt-5.6-terra,1,mt_emp_control_mean,employment,68.1,73.7,mismatch,68.1,73.7,
jtpa,National JTPA Study,Adult women,gpt-5.6-terra,1,lt_emp_impact,employment,2.13,2.0,match,2.13,2.0,
jtpa,National JTPA Study,Adult women,gpt-5.6-terra,1,lt_emp_se,employment,,,both_null,,,
jtpa,National JTPA Study,Adult women,gpt-5.6-terra,1,lt_emp_stars,employment,,ns,match,ns,ns,
jtpa,National JTPA Study,Adult women,gpt-5.6-terra,1,lt_emp_control_mean,employment,67.7,67.7,match,67.7,67.7,
jtpa,National JTPA Study,Adult women,gpt-5.6-terra,1,st_earn_impact,earnings,379.0,379.0,match,379.0,379.0,"annualised (gold x1, model x1); raw match"
jtpa,National JTPA Study,Adult women,gpt-5.6-terra,1,st_earn_se,earnings,145.0,145.0,match,145.0,145.0,"annualised (gold x1, model x1); raw match"
jtpa,National JTPA Study,Adult women,gpt-5.6-terra,1,st_earn_stars,earnings,***,**,mismatch,***,**,
jtpa,National JTPA Study,Adult women,gpt-5.6-terra,1,st_earn_control_mean,earnings,4323.0,4323.0,match,4323.0,4323.0,"annualised (gold x1, model x1); raw match"
jtpa,National JTPA Study,Adult women,gpt-5.6-terra,1,mt_earn_impact,earnings,583.0,658.0,mismatch,583.0,658.0,"annualised (gold x1, model x1); raw mismatch"
jtpa,National JTPA Study,Adult women,gpt-5.6-terra,1,mt_earn_se,earnings,196.0,178.0,match,196.0,178.0,"annualised (gold x1, model x1); raw match"
jtpa,National JTPA Study,Adult women,gpt-5.6-terra,1,mt_earn_stars,earnings,***,**,mismatch,***,**,
jtpa,National JTPA Study,Adult women,gpt-5.6-terra,1,mt_earn_control_mean,earnings,5319.0,5047.0,mismatch,5319.0,5047.0,"annualised (gold x1, model x1); raw mismatch"
jtpa,National JTPA Study,Adult women,gpt-5.6-terra,1,lt_earn_impact,earnings,514.0,556.0,mismatch,514.0,556.0,"annualised (gold x1, model x1); raw mismatch"
jtpa,National JTPA Study,Adult women,gpt-5.6-terra,1,lt_earn_se,earnings,213.0,218.0,match,213.0,218.0,"annualised (gold x1, model x1); raw match"
jtpa,National JTPA Study,Adult women,gpt-5.6-terra,1,lt_earn_stars,earnings,**,**,match,**,**,
jtpa,National JTPA Study,Adult women,gpt-5.6-terra,1,lt_earn_control_mean,earnings,5761.0,5811.0,match,5761.0,5811.0,"annualised (gold x1, model x1); raw match"
jtpa,National JTPA Study,Adult women,gpt-5.6-terra,1,cost_per_treated,cost,2147.0,2400.0,mismatch,2147.0,2400.0,
jtpa,National JTPA Study,Adult men,gpt-5.6-terra,1,training_role,classification,primary,primary,match,primary,primary,
jtpa,National JTPA Study,Adult men,gpt-5.6-terra,1,mandatory_voluntary,classification,voluntary,voluntary,match,voluntary,voluntary,
jtpa,National JTPA Study,Adult men,gpt-5.6-terra,1,funding_public_private,classification,public,public,match,public,public,
jtpa,National JTPA Study,Adult men,gpt-5.6-terra,1,admin_public_private,classification,mixed,mixed,match,mixed,mixed,
jtpa,National JTPA Study,Adult men,gpt-5.6-terra,1,has_classroom,classification,1,True,match,True,True,
jtpa,National JTPA Study,Adult men,gpt-5.6-terra,1,has_ojt,classification,1,False,mismatch,True,False,
jtpa,National JTPA Study,Adult men,gpt-5.6-terra,1,has_jsa,classification,1,True,match,True,True,
jtpa,National JTPA Study,Adult men,gpt-5.6-terra,1,has_multiple_components,classification,1,True,match,True,True,
jtpa,National JTPA Study,Adult men,gpt-5.6-terra,1,sector_program,classification,0,False,match,False,False,
jtpa,National JTPA Study,Adult men,gpt-5.6-terra,1,randomization_period,design,November 1987 – September 1989,November 1987 - September 1989,match,"(1987, 11)-(1989, 9)","(1987, 11)-(1989, 9)",
jtpa,National JTPA Study,Adult men,gpt-5.6-terra,1,n_treatment,design,2874,2874,match,2874.0,2874.0,
jtpa,National JTPA Study,Adult men,gpt-5.6-terra,1,n_control,design,1435,1435,match,1435.0,1435.0,
jtpa,National JTPA Study,Adult men,gpt-5.6-terra,1,outcome_data_source_type,design,SSA earnings records,ssa,match,ssa,ssa,
jtpa,National JTPA Study,Adult men,gpt-5.6-terra,1,treatment_duration_months,design,2.8,3.5,match,2.8,3.5,
jtpa,National JTPA Study,Adult men,gpt-5.6-terra,1,program_takeup_impact,design,61.2,,abstained,61.2,,
jtpa,National JTPA Study,Adult men,gpt-5.6-terra,1,st_emp_impact,employment,0.3,0.3,match,0.3,0.3,
jtpa,National JTPA Study,Adult men,gpt-5.6-terra,1,st_emp_se,employment,1.1,,abstained,1.1,,
jtpa,National JTPA Study,Adult men,gpt-5.6-terra,1,st_emp_stars,employment,,ns,match,ns,ns,
jtpa,National JTPA Study,Adult men,gpt-5.6-terra,1,st_emp_control_mean,employment,86.4,86.4,match,86.4,86.4,
jtpa,National JTPA Study,Adult men,gpt-5.6-terra,1,mt_emp_impact,employment,2.4,0.6,mismatch,2.4,0.6,
jtpa,National JTPA Study,Adult men,gpt-5.6-terra,1,mt_emp_se,employment,1.4,,abstained,1.4,,
jtpa,National JTPA Study,Adult men,gpt-5.6-terra,1,mt_emp_stars,employment,*,ns,mismatch,*,ns,
jtpa,National JTPA Study,Adult men,gpt-5.6-terra,1,mt_emp_control_mean,employment,73.9,80.7,mismatch,73.9,80.7,
jtpa,National JTPA Study,Adult men,gpt-5.6-terra,1,lt_emp_impact,employment,2.43,3.7,mismatch,2.43,3.7,
jtpa,National JTPA Study,Adult men,gpt-5.6-terra,1,lt_emp_se,employment,,,both_null,,,
jtpa,National JTPA Study,Adult men,gpt-5.6-terra,1,lt_emp_stars,employment,,**,mismatch,ns,**,
jtpa,National JTPA Study,Adult men,gpt-5.6-terra,1,lt_emp_control_mean,employment,71.7,70.0,match,71.7,70.0,
jtpa,National JTPA Study,Adult men,gpt-5.6-terra,1,st_earn_impact,earnings,491.0,491.0,match,491.0,491.0,"annualised (gold x1, model x1); raw match"
jtpa,National JTPA Study,Adult men,gpt-5.6-terra,1,st_earn_se,earnings,216.0,216.0,match,216.0,216.0,"annualised (gold x1, model x1); raw match"
jtpa,National JTPA Study,Adult men,gpt-5.6-terra,1,st_earn_stars,earnings,**,**,match,**,**,
jtpa,National JTPA Study,Adult men,gpt-5.6-terra,1,st_earn_control_mean,earnings,6410.0,6410.0,match,6410.0,6410.0,"annualised (gold x1, model x1); raw match"
jtpa,National JTPA Study,Adult men,gpt-5.6-terra,1,mt_earn_impact,earnings,573.0,538.0,mismatch,573.0,538.0,"annualised (gold x1, model x1); raw mismatch"
jtpa,National JTPA Study,Adult men,gpt-5.6-terra,1,mt_earn_se,earnings,279.0,254.0,match,279.0,254.0,"annualised (gold x1, model x1); raw match"
jtpa,National JTPA Study,Adult men,gpt-5.6-terra,1,mt_earn_stars,earnings,**,**,match,**,**,
jtpa,National JTPA Study,Adult men,gpt-5.6-terra,1,mt_earn_control_mean,earnings,7363.0,7254.0,match,7363.0,7254.0,"annualised (gold x1, model x1); raw match"
jtpa,National JTPA Study,Adult men,gpt-5.6-terra,1,lt_earn_impact,earnings,485.0,557.0,mismatch,485.0,557.0,"annualised (gold x1, model x1); raw mismatch"
jtpa,National JTPA Study,Adult men,gpt-5.6-terra,1,lt_earn_se,earnings,302.0,302.0,match,302.0,302.0,"annualised (gold x1, model x1); raw match"
jtpa,National JTPA Study,Adult men,gpt-5.6-terra,1,lt_earn_stars,earnings,,ns,match,ns,ns,
jtpa,National JTPA Study,Adult men,gpt-5.6-terra,1,lt_earn_control_mean,earnings,7805.0,7725.0,match,7805.0,7725.0,"annualised (gold x1, model x1); raw match"
jtpa,National JTPA Study,Adult men,gpt-5.6-terra,1,cost_per_treated,cost,1571.0,2400.0,mismatch,1571.0,2400.0,
jtpa,National JTPA Study,Female out-of-school youths,gpt-5.6-terra,1,training_role,classification,primary,primary,match,primary,primary,
jtpa,National JTPA Study,Female out-of-school youths,gpt-5.6-terra,1,mandatory_voluntary,classification,voluntary,voluntary,match,voluntary,voluntary,
jtpa,National JTPA Study,Female out-of-school youths,gpt-5.6-terra,1,funding_public_private,classification,public,public,match,public,public,
jtpa,National JTPA Study,Female out-of-school youths,gpt-5.6-terra,1,admin_public_private,classification,mixed,mixed,match,mixed,mixed,
jtpa,National JTPA Study,Female out-of-school youths,gpt-5.6-terra,1,has_classroom,classification,1,True,match,True,True,
jtpa,National JTPA Study,Female out-of-school youths,gpt-5.6-terra,1,has_ojt,classification,1,False,mismatch,True,False,
jtpa,National JTPA Study,Female out-of-school youths,gpt-5.6-terra,1,has_jsa,classification,1,True,match,True,True,
jtpa,National JTPA Study,Female out-of-school youths,gpt-5.6-terra,1,has_multiple_components,classification,1,True,match,True,True,
jtpa,National JTPA Study,Female out-of-school youths,gpt-5.6-terra,1,sector_program,classification,0,False,match,False,False,
jtpa,National JTPA Study,Female out-of-school youths,gpt-5.6-terra,1,randomization_period,design,November 1987 – September 1989,November 1987 - September 1989,match,"(1987, 11)-(1989, 9)","(1987, 11)-(1989, 9)",
jtpa,National JTPA Study,Female out-of-school youths,gpt-5.6-terra,1,n_treatment,design,1593,1593,match,1593.0,1593.0,
jtpa,National JTPA Study,Female out-of-school youths,gpt-5.6-terra,1,n_control,design,707,707,match,707.0,707.0,
jtpa,National JTPA Study,Female out-of-school youths,gpt-5.6-terra,1,outcome_data_source_type,design,SSA earnings records,ssa,match,ssa,ssa,
jtpa,National JTPA Study,Female out-of-school youths,gpt-5.6-terra,1,treatment_duration_months,design,4.3,3.5,match,4.3,3.5,
jtpa,National JTPA Study,Female out-of-school youths,gpt-5.6-terra,1,program_takeup_impact,design,64.2,,abstained,64.2,,
jtpa,National JTPA Study,Female out-of-school youths,gpt-5.6-terra,1,st_emp_impact,employment,2.4,2.4,match,2.4,2.4,
jtpa,National JTPA Study,Female out-of-school youths,gpt-5.6-terra,1,st_emp_se,employment,1.8,,abstained,1.8,,
jtpa,National JTPA Study,Female out-of-school youths,gpt-5.6-terra,1,st_emp_stars,employment,,ns,match,ns,ns,
jtpa,National JTPA Study,Female out-of-school youths,gpt-5.6-terra,1,st_emp_control_mean,employment,79.6,79.6,match,79.6,79.6,
jtpa,National JTPA Study,Female out-of-school youths,gpt-5.6-terra,1,mt_emp_impact,employment,-1.3,1.5,mismatch,-1.3,1.5,
jtpa,National JTPA Study,Female out-of-school youths,gpt-5.6-terra,1,mt_emp_se,employment,1.96,,abstained,1.96,,
jtpa,National JTPA Study,Female out-of-school youths,gpt-5.6-terra,1,mt_emp_stars,employment,,ns,match,ns,ns,
jtpa,National JTPA Study,Female out-of-school youths,gpt-5.6-terra,1,mt_emp_control_mean,employment,75.1,78.2,match,75.1,78.2,
jtpa,National JTPA Study,Female out-of-school youths,gpt-5.6-terra,1,lt_emp_impact,employment,0.2,1.0,mismatch,0.2,1.0,
jtpa,National JTPA Study,Female out-of-school youths,gpt-5.6-terra,1,lt_emp_se,employment,,,both_null,,,
jtpa,National JTPA Study,Female out-of-school youths,gpt-5.6-terra,1,lt_emp_stars,employment,,ns,match,ns,ns,
jtpa,National JTPA Study,Female out-of-school youths,gpt-5.6-terra,1,lt_emp_control_mean,employment,72.9,70.7,match,72.9,70.7,
jtpa,National JTPA Study,Female out-of-school youths,gpt-5.6-terra,1,st_earn_impact,earnings,-50.0,-50.0,match,-50.0,-50.0,"annualised (gold x1, model x1); raw match"
jtpa,National JTPA Study,Female out-of-school youths,gpt-5.6-terra,1,st_earn_se,earnings,172.0,172.0,match,172.0,172.0,"annualised (gold x1, model x1); raw match"
jtpa,National JTPA Study,Female out-of-school youths,gpt-5.6-terra,1,st_earn_stars,earnings,,ns,match,ns,ns,
jtpa,National JTPA Study,Female out-of-school youths,gpt-5.6-terra,1,st_earn_control_mean,earnings,3389.0,3389.0,match,3389.0,3389.0,"annualised (gold x1, model x1); raw match"
jtpa,National JTPA Study,Female out-of-school youths,gpt-5.6-terra,1,mt_earn_impact,earnings,10.0,-80.0,mismatch,10.0,-80.0,"annualised (gold x1, model x1); raw mismatch"
jtpa,National JTPA Study,Female out-of-school youths,gpt-5.6-terra,1,mt_earn_se,earnings,240.0,209.0,mismatch,240.0,209.0,"annualised (gold x1, model x1); raw mismatch"
jtpa,National JTPA Study,Female out-of-school youths,gpt-5.6-terra,1,mt_earn_stars,earnings,,ns,match,ns,ns,
jtpa,National JTPA Study,Female out-of-school youths,gpt-5.6-terra,1,mt_earn_control_mean,earnings,4383.0,4125.0,mismatch,4383.0,4125.0,"annualised (gold x1, model x1); raw mismatch"
jtpa,National JTPA Study,Female out-of-school youths,gpt-5.6-terra,1,lt_earn_impact,earnings,186.0,324.0,mismatch,186.0,324.0,"annualised (gold x1, model x1); raw mismatch"
jtpa,National JTPA Study,Female out-of-school youths,gpt-5.6-terra,1,lt_earn_se,earnings,268.0,270.0,match,268.0,270.0,"annualised (gold x1, model x1); raw match"
jtpa,National JTPA Study,Female out-of-school youths,gpt-5.6-terra,1,lt_earn_stars,earnings,,ns,match,ns,ns,
jtpa,National JTPA Study,Female out-of-school youths,gpt-5.6-terra,1,lt_earn_control_mean,earnings,4734.0,4610.0,match,4734.0,4610.0,"annualised (gold x1, model x1); raw match"
jtpa,National JTPA Study,Female out-of-school youths,gpt-5.6-terra,1,cost_per_treated,cost,2717.0,2400.0,mismatch,2717.0,2400.0,
jtpa,National JTPA Study,Male out-of-school youths,gpt-5.6-terra,1,training_role,classification,primary,primary,match,primary,primary,
jtpa,National JTPA Study,Male out-of-school youths,gpt-5.6-terra,1,mandatory_voluntary,classification,voluntary,voluntary,match,voluntary,voluntary,
jtpa,National JTPA Study,Male out-of-school youths,gpt-5.6-terra,1,funding_public_private,classification,public,public,match,public,public,
jtpa,National JTPA Study,Male out-of-school youths,gpt-5.6-terra,1,admin_public_private,classification,mixed,mixed,match,mixed,mixed,
jtpa,National JTPA Study,Male out-of-school youths,gpt-5.6-terra,1,has_classroom,classification,1,True,match,True,True,
jtpa,National JTPA Study,Male out-of-school youths,gpt-5.6-terra,1,has_ojt,classification,1,False,mismatch,True,False,
jtpa,National JTPA Study,Male out-of-school youths,gpt-5.6-terra,1,has_jsa,classification,1,True,match,True,True,
jtpa,National JTPA Study,Male out-of-school youths,gpt-5.6-terra,1,has_multiple_components,classification,1,True,match,True,True,
jtpa,National JTPA Study,Male out-of-school youths,gpt-5.6-terra,1,sector_program,classification,0,False,match,False,False,
jtpa,National JTPA Study,Male out-of-school youths,gpt-5.6-terra,1,randomization_period,design,November 1987 – September 1989,November 1987 - September 1989,match,"(1987, 11)-(1989, 9)","(1987, 11)-(1989, 9)",
jtpa,National JTPA Study,Male out-of-school youths,gpt-5.6-terra,1,n_treatment,design,1177,1177,match,1177.0,1177.0,
jtpa,National JTPA Study,Male out-of-school youths,gpt-5.6-terra,1,n_control,design,559,559,match,559.0,559.0,
jtpa,National JTPA Study,Male out-of-school youths,gpt-5.6-terra,1,outcome_data_source_type,design,SSA earnings records,ssa,match,ssa,ssa,
jtpa,National JTPA Study,Male out-of-school youths,gpt-5.6-terra,1,treatment_duration_months,design,3.2,3.5,match,3.2,3.5,
jtpa,National JTPA Study,Male out-of-school youths,gpt-5.6-terra,1,program_takeup_impact,design,68.0,,abstained,68.0,,
jtpa,National JTPA Study,Male out-of-school youths,gpt-5.6-terra,1,st_emp_impact,employment,-1.6,-1.6,match,-1.6,-1.6,
jtpa,National JTPA Study,Male out-of-school youths,gpt-5.6-terra,1,st_emp_se,employment,1.43,,abstained,1.43,,
jtpa,National JTPA Study,Male out-of-school youths,gpt-5.6-terra,1,st_emp_stars,employment,,ns,match,ns,ns,
jtpa,National JTPA Study,Male out-of-school youths,gpt-5.6-terra,1,st_emp_control_mean,employment,92.1,92.1,match,92.1,92.1,
jtpa,National JTPA Study,Male out-of-school youths,gpt-5.6-terra,1,mt_emp_impact,employment,-0.4,0.6,mismatch,-0.4,0.6,
jtpa,National JTPA Study,Male out-of-school youths,gpt-5.6-terra,1,mt_emp_se,employment,1.95,,abstained,1.95,,
jtpa,National JTPA Study,Male out-of-school youths,gpt-5.6-terra,1,mt_emp_stars,employment,,ns,match,ns,ns,
jtpa,National JTPA Study,Male out-of-school youths,gpt-5.6-terra,1,mt_emp_control_mean,employment,82.6,87.8,mismatch,82.6,87.8,
jtpa,National JTPA Study,Male out-of-school youths,gpt-5.6-terra,1,lt_emp_impact,employment,1.4,1.0,match,1.4,1.0,
jtpa,National JTPA Study,Male out-of-school youths,gpt-5.6-terra,1,lt_emp_se,employment,,,both_null,,,
jtpa,National JTPA Study,Male out-of-school youths,gpt-5.6-terra,1,lt_emp_stars,employment,,ns,match,ns,ns,
jtpa,National JTPA Study,Male out-of-school youths,gpt-5.6-terra,1,lt_emp_control_mean,employment,79.8,79.4,match,79.8,79.4,
jtpa,National JTPA Study,Male out-of-school youths,gpt-5.6-terra,1,st_earn_impact,earnings,-180.0,-180.0,match,-180.0,-180.0,"annualised (gold x1, model x1); raw match"
jtpa,National JTPA Study,Male out-of-school youths,gpt-5.6-terra,1,st_earn_se,earnings,243.0,243.0,match,243.0,243.0,"annualised (gold x1, model x1); raw match"
jtpa,National JTPA Study,Male out-of-school youths,gpt-5.6-terra,1,st_earn_stars,earnings,,ns,match,ns,ns,
jtpa,National JTPA Study,Male out-of-school youths,gpt-5.6-terra,1,st_earn_control_mean,earnings,4792.0,4792.0,match,4792.0,4792.0,"annualised (gold x1, model x1); raw match"
jtpa,National JTPA Study,Male out-of-school youths,gpt-5.6-terra,1,mt_earn_impact,earnings,-367.0,-343.0,mismatch,-367.0,-343.0,"annualised (gold x1, model x1); raw mismatch"
jtpa,National JTPA Study,Male out-of-school youths,gpt-5.6-terra,1,mt_earn_se,earnings,338.0,297.0,mismatch,338.0,297.0,"annualised (gold x1, model x1); raw mismatch"
jtpa,National JTPA Study,Male out-of-school youths,gpt-5.6-terra,1,mt_earn_stars,earnings,,ns,match,ns,ns,
jtpa,National JTPA Study,Male out-of-school youths,gpt-5.6-terra,1,mt_earn_control_mean,earnings,6497.0,5963.0,mismatch,6497.0,5963.0,"annualised (gold x1, model x1); raw mismatch"
jtpa,National JTPA Study,Male out-of-school youths,gpt-5.6-terra,1,lt_earn_impact,earnings,224.0,262.0,mismatch,224.0,262.0,"annualised (gold x1, model x1); raw mismatch"
jtpa,National JTPA Study,Male out-of-school youths,gpt-5.6-terra,1,lt_earn_se,earnings,378.0,378.0,match,378.0,378.0,"annualised (gold x1, model x1); raw match"
jtpa,National JTPA Study,Male out-of-school youths,gpt-5.6-terra,1,lt_earn_stars,earnings,,ns,match,ns,ns,
jtpa,National JTPA Study,Male out-of-school youths,gpt-5.6-terra,1,lt_earn_control_mean,earnings,6567.0,6425.0,match,6567.0,6425.0,"annualised (gold x1, model x1); raw match"
jtpa,National JTPA Study,Male out-of-school youths,gpt-5.6-terra,1,cost_per_treated,cost,2767.0,2400.0,mismatch,2767.0,2400.0,
jtpa,National JTPA Study,Adult women,gpt-5.6-terra,2,training_role,classification,primary,primary,match,primary,primary,
jtpa,National JTPA Study,Adult women,gpt-5.6-terra,2,mandatory_voluntary,classification,voluntary,voluntary,match,voluntary,voluntary,
jtpa,National JTPA Study,Adult women,gpt-5.6-terra,2,funding_public_private,classification,public,public,match,public,public,
jtpa,National JTPA Study,Adult women,gpt-5.6-terra,2,admin_public_private,classification,mixed,mixed,match,mixed,mixed,
jtpa,National JTPA Study,Adult women,gpt-5.6-terra,2,has_classroom,classification,1,True,match,True,True,
jtpa,National JTPA Study,Adult women,gpt-5.6-terra,2,has_ojt,classification,1,False,mismatch,True,False,
jtpa,National JTPA Study,Adult women,gpt-5.6-terra,2,has_jsa,classification,1,True,match,True,True,
jtpa,National JTPA Study,Adult women,gpt-5.6-terra,2,has_multiple_components,classification,1,True,match,True,True,
jtpa,National JTPA Study,Adult women,gpt-5.6-terra,2,sector_program,classification,0,False,match,False,False,
jtpa,National JTPA Study,Adult women,gpt-5.6-terra,2,randomization_period,design,November 1987 – September 1989,November 1987 - September 1989,match,"(1987, 11)-(1989, 9)","(1987, 11)-(1989, 9)",
jtpa,National JTPA Study,Adult women,gpt-5.6-terra,2,n_treatment,design,3631,,abstained,3631.0,,
jtpa,National JTPA Study,Adult women,gpt-5.6-terra,2,n_control,design,1723,,abstained,1723.0,,
jtpa,National JTPA Study,Adult women,gpt-5.6-terra,2,outcome_data_source_type,design,SSA earnings records,ssa,match,ssa,ssa,
jtpa,National JTPA Study,Adult women,gpt-5.6-terra,2,treatment_duration_months,design,3.8,3.5,match,3.8,3.5,
jtpa,National JTPA Study,Adult women,gpt-5.6-terra,2,program_takeup_impact,design,64.0,,abstained,64.0,,
jtpa,National JTPA Study,Adult women,gpt-5.6-terra,2,st_emp_impact,employment,2.9,2.9,match,2.9,2.9,
jtpa,National JTPA Study,Adult women,gpt-5.6-terra,2,st_emp_se,employment,1.2,,abstained,1.2,,
jtpa,National JTPA Study,Adult women,gpt-5.6-terra,2,st_emp_stars,employment,**,**,match,**,**,
jtpa,National JTPA Study,Adult women,gpt-5.6-terra,2,st_emp_control_mean,employment,77.4,77.4,match,77.4,77.4,
jtpa,National JTPA Study,Adult women,gpt-5.6-terra,2,mt_emp_impact,employment,3.1,2.6,match,3.1,2.6,
jtpa,National JTPA Study,Adult women,gpt-5.6-terra,2,mt_emp_se,employment,1.35,,abstained,1.35,,
jtpa,National JTPA Study,Adult women,gpt-5.6-terra,2,mt_emp_stars,employment,**,**,match,**,**,
jtpa,National JTPA Study,Adult women,gpt-5.6-terra,2,mt_emp_control_mean,employment,68.1,73.7,mismatch,68.1,73.7,
jtpa,National JTPA Study,Adult women,gpt-5.6-terra,2,lt_emp_impact,employment,2.13,2.0,match,2.13,2.0,
jtpa,National JTPA Study,Adult women,gpt-5.6-terra,2,lt_emp_se,employment,,,both_null,,,
jtpa,National JTPA Study,Adult women,gpt-5.6-terra,2,lt_emp_stars,employment,,ns,match,ns,ns,
jtpa,National JTPA Study,Adult women,gpt-5.6-terra,2,lt_emp_control_mean,employment,67.7,67.7,match,67.7,67.7,
jtpa,National JTPA Study,Adult women,gpt-5.6-terra,2,st_earn_impact,earnings,379.0,379.0,match,379.0,379.0,"annualised (gold x1, model x1); raw match"
jtpa,National JTPA Study,Adult women,gpt-5.6-terra,2,st_earn_se,earnings,145.0,145.0,match,145.0,145.0,"annualised (gold x1, model x1); raw match"
jtpa,National JTPA Study,Adult women,gpt-5.6-terra,2,st_earn_stars,earnings,***,**,mismatch,***,**,
jtpa,National JTPA Study,Adult women,gpt-5.6-terra,2,st_earn_control_mean,earnings,4323.0,4323.0,match,4323.0,4323.0,"annualised (gold x1, model x1); raw match"
jtpa,National JTPA Study,Adult women,gpt-5.6-terra,2,mt_earn_impact,earnings,583.0,658.0,mismatch,583.0,658.0,"annualised (gold x1, model x1); raw mismatch"
jtpa,National JTPA Study,Adult women,gpt-5.6-terra,2,mt_earn_se,earnings,196.0,178.0,match,196.0,178.0,"annualised (gold x1, model x1); raw match"
jtpa,National JTPA Study,Adult women,gpt-5.6-terra,2,mt_earn_stars,earnings,***,**,mismatch,***,**,
jtpa,National JTPA Study,Adult women,gpt-5.6-terra,2,mt_earn_control_mean,earnings,5319.0,5047.0,mismatch,5319.0,5047.0,"annualised (gold x1, model x1); raw mismatch"
jtpa,National JTPA Study,Adult women,gpt-5.6-terra,2,lt_earn_impact,earnings,514.0,556.0,mismatch,514.0,556.0,"annualised (gold x1, model x1); raw mismatch"
jtpa,National JTPA Study,Adult women,gpt-5.6-terra,2,lt_earn_se,earnings,213.0,218.0,match,213.0,218.0,"annualised (gold x1, model x1); raw match"
jtpa,National JTPA Study,Adult women,gpt-5.6-terra,2,lt_earn_stars,earnings,**,**,match,**,**,
jtpa,National JTPA Study,Adult women,gpt-5.6-terra,2,lt_earn_control_mean,earnings,5761.0,5811.0,match,5761.0,5811.0,"annualised (gold x1, model x1); raw match"
jtpa,National JTPA Study,Adult women,gpt-5.6-terra,2,cost_per_treated,cost,2147.0,2400.0,mismatch,2147.0,2400.0,
jtpa,National JTPA Study,Adult men,gpt-5.6-terra,2,training_role,classification,primary,primary,match,primary,primary,
jtpa,National JTPA Study,Adult men,gpt-5.6-terra,2,mandatory_voluntary,classification,voluntary,voluntary,match,voluntary,voluntary,
jtpa,National JTPA Study,Adult men,gpt-5.6-terra,2,funding_public_private,classification,public,public,match,public,public,
jtpa,National JTPA Study,Adult men,gpt-5.6-terra,2,admin_public_private,classification,mixed,mixed,match,mixed,mixed,
jtpa,National JTPA Study,Adult men,gpt-5.6-terra,2,has_classroom,classification,1,True,match,True,True,
jtpa,National JTPA Study,Adult men,gpt-5.6-terra,2,has_ojt,classification,1,False,mismatch,True,False,
jtpa,National JTPA Study,Adult men,gpt-5.6-terra,2,has_jsa,classification,1,True,match,True,True,
jtpa,National JTPA Study,Adult men,gpt-5.6-terra,2,has_multiple_components,classification,1,True,match,True,True,
jtpa,National JTPA Study,Adult men,gpt-5.6-terra,2,sector_program,classification,0,False,match,False,False,
jtpa,National JTPA Study,Adult men,gpt-5.6-terra,2,randomization_period,design,November 1987 – September 1989,November 1987 - September 1989,match,"(1987, 11)-(1989, 9)","(1987, 11)-(1989, 9)",
jtpa,National JTPA Study,Adult men,gpt-5.6-terra,2,n_treatment,design,2874,,abstained,2874.0,,
jtpa,National JTPA Study,Adult men,gpt-5.6-terra,2,n_control,design,1435,,abstained,1435.0,,
jtpa,National JTPA Study,Adult men,gpt-5.6-terra,2,outcome_data_source_type,design,SSA earnings records,ssa,match,ssa,ssa,
jtpa,National JTPA Study,Adult men,gpt-5.6-terra,2,treatment_duration_months,design,2.8,3.5,match,2.8,3.5,
jtpa,National JTPA Study,Adult men,gpt-5.6-terra,2,program_takeup_impact,design,61.2,,abstained,61.2,,
jtpa,National JTPA Study,Adult men,gpt-5.6-terra,2,st_emp_impact,employment,0.3,0.3,match,0.3,0.3,
jtpa,National JTPA Study,Adult men,gpt-5.6-terra,2,st_emp_se,employment,1.1,,abstained,1.1,,
jtpa,National JTPA Study,Adult men,gpt-5.6-terra,2,st_emp_stars,employment,,ns,match,ns,ns,
jtpa,National JTPA Study,Adult men,gpt-5.6-terra,2,st_emp_control_mean,employment,86.4,86.4,match,86.4,86.4,
jtpa,National JTPA Study,Adult men,gpt-5.6-terra,2,mt_emp_impact,employment,2.4,0.6,mismatch,2.4,0.6,
jtpa,National JTPA Study,Adult men,gpt-5.6-terra,2,mt_emp_se,employment,1.4,,abstained,1.4,,
jtpa,National JTPA Study,Adult men,gpt-5.6-terra,2,mt_emp_stars,employment,*,ns,mismatch,*,ns,
jtpa,National JTPA Study,Adult men,gpt-5.6-terra,2,mt_emp_control_mean,employment,73.9,80.7,mismatch,73.9,80.7,
jtpa,National JTPA Study,Adult men,gpt-5.6-terra,2,lt_emp_impact,employment,2.43,3.7,mismatch,2.43,3.7,
jtpa,National JTPA Study,Adult men,gpt-5.6-terra,2,lt_emp_se,employment,,,both_null,,,
jtpa,National JTPA Study,Adult men,gpt-5.6-terra,2,lt_emp_stars,employment,,**,mismatch,ns,**,
jtpa,National JTPA Study,Adult men,gpt-5.6-terra,2,lt_emp_control_mean,employment,71.7,70.0,match,71.7,70.0,
jtpa,National JTPA Study,Adult men,gpt-5.6-terra,2,st_earn_impact,earnings,491.0,491.0,match,491.0,491.0,"annualised (gold x1, model x1); raw match"
jtpa,National JTPA Study,Adult men,gpt-5.6-terra,2,st_earn_se,earnings,216.0,216.0,match,216.0,216.0,"annualised (gold x1, model x1); raw match"
jtpa,National JTPA Study,Adult men,gpt-5.6-terra,2,st_earn_stars,earnings,**,**,match,**,**,
jtpa,National JTPA Study,Adult men,gpt-5.6-terra,2,st_earn_control_mean,earnings,6410.0,6410.0,match,6410.0,6410.0,"annualised (gold x1, model x1); raw match"
jtpa,National JTPA Study,Adult men,gpt-5.6-terra,2,mt_earn_impact,earnings,573.0,538.0,mismatch,573.0,538.0,"annualised (gold x1, model x1); raw mismatch"
jtpa,National JTPA Study,Adult men,gpt-5.6-terra,2,mt_earn_se,earnings,279.0,254.0,match,279.0,254.0,"annualised (gold x1, model x1); raw match"
jtpa,National JTPA Study,Adult men,gpt-5.6-terra,2,mt_earn_stars,earnings,**,**,match,**,**,
jtpa,National JTPA Study,Adult men,gpt-5.6-terra,2,mt_earn_control_mean,earnings,7363.0,7254.0,match,7363.0,7254.0,"annualised (gold x1, model x1); raw match"
jtpa,National JTPA Study,Adult men,gpt-5.6-terra,2,lt_earn_impact,earnings,485.0,557.0,mismatch,485.0,557.0,"annualised (gold x1, model x1); raw mismatch"
jtpa,National JTPA Study,Adult men,gpt-5.6-terra,2,lt_earn_se,earnings,302.0,302.0,match,302.0,302.0,"annualised (gold x1, model x1); raw match"
jtpa,National JTPA Study,Adult men,gpt-5.6-terra,2,lt_earn_stars,earnings,,ns,match,ns,ns,
jtpa,National JTPA Study,Adult men,gpt-5.6-terra,2,lt_earn_control_mean,earnings,7805.0,7725.0,match,7805.0,7725.0,"annualised (gold x1, model x1); raw match"
jtpa,National JTPA Study,Adult men,gpt-5.6-terra,2,cost_per_treated,cost,1571.0,2400.0,mismatch,1571.0,2400.0,
jtpa,National JTPA Study,Female out-of-school youths,gpt-5.6-terra,2,training_role,classification,primary,primary,match,primary,primary,
jtpa,National JTPA Study,Female out-of-school youths,gpt-5.6-terra,2,mandatory_voluntary,classification,voluntary,voluntary,match,voluntary,voluntary,
jtpa,National JTPA Study,Female out-of-school youths,gpt-5.6-terra,2,funding_public_private,classification,public,public,match,public,public,
jtpa,National JTPA Study,Female out-of-school youths,gpt-5.6-terra,2,admin_public_private,classification,mixed,mixed,match,mixed,mixed,
jtpa,National JTPA Study,Female out-of-school youths,gpt-5.6-terra,2,has_classroom,classification,1,True,match,True,True,
jtpa,National JTPA Study,Female out-of-school youths,gpt-5.6-terra,2,has_ojt,classification,1,False,mismatch,True,False,
jtpa,National JTPA Study,Female out-of-school youths,gpt-5.6-terra,2,has_jsa,classification,1,True,match,True,True,
jtpa,National JTPA Study,Female out-of-school youths,gpt-5.6-terra,2,has_multiple_components,classification,1,True,match,True,True,
jtpa,National JTPA Study,Female out-of-school youths,gpt-5.6-terra,2,sector_program,classification,0,False,match,False,False,
jtpa,National JTPA Study,Female out-of-school youths,gpt-5.6-terra,2,randomization_period,design,November 1987 – September 1989,November 1987 - September 1989,match,"(1987, 11)-(1989, 9)","(1987, 11)-(1989, 9)",
jtpa,National JTPA Study,Female out-of-school youths,gpt-5.6-terra,2,n_treatment,design,1593,,abstained,1593.0,,
jtpa,National JTPA Study,Female out-of-school youths,gpt-5.6-terra,2,n_control,design,707,,abstained,707.0,,
jtpa,National JTPA Study,Female out-of-school youths,gpt-5.6-terra,2,outcome_data_source_type,design,SSA earnings records,ssa,match,ssa,ssa,
jtpa,National JTPA Study,Female out-of-school youths,gpt-5.6-terra,2,treatment_duration_months,design,4.3,3.5,match,4.3,3.5,
jtpa,National JTPA Study,Female out-of-school youths,gpt-5.6-terra,2,program_takeup_impact,design,64.2,,abstained,64.2,,
jtpa,National JTPA Study,Female out-of-school youths,gpt-5.6-terra,2,st_emp_impact,employment,2.4,2.4,match,2.4,2.4,
jtpa,National JTPA Study,Female out-of-school youths,gpt-5.6-terra,2,st_emp_se,employment,1.8,,abstained,1.8,,
jtpa,National JTPA Study,Female out-of-school youths,gpt-5.6-terra,2,st_emp_stars,employment,,ns,match,ns,ns,
jtpa,National JTPA Study,Female out-of-school youths,gpt-5.6-terra,2,st_emp_control_mean,employment,79.6,79.6,match,79.6,79.6,
jtpa,National JTPA Study,Female out-of-school youths,gpt-5.6-terra,2,mt_emp_impact,employment,-1.3,1.5,mismatch,-1.3,1.5,
jtpa,National JTPA Study,Female out-of-school youths,gpt-5.6-terra,2,mt_emp_se,employment,1.96,,abstained,1.96,,
jtpa,National JTPA Study,Female out-of-school youths,gpt-5.6-terra,2,mt_emp_stars,employment,,ns,match,ns,ns,
jtpa,National JTPA Study,Female out-of-school youths,gpt-5.6-terra,2,mt_emp_control_mean,employment,75.1,78.2,match,75.1,78.2,
jtpa,National JTPA Study,Female out-of-school youths,gpt-5.6-terra,2,lt_emp_impact,employment,0.2,1.0,mismatch,0.2,1.0,
jtpa,National JTPA Study,Female out-of-school youths,gpt-5.6-terra,2,lt_emp_se,employment,,,both_null,,,
jtpa,National JTPA Study,Female out-of-school youths,gpt-5.6-terra,2,lt_emp_stars,employment,,ns,match,ns,ns,
jtpa,National JTPA Study,Female out-of-school youths,gpt-5.6-terra,2,lt_emp_control_mean,employment,72.9,70.7,match,72.9,70.7,
jtpa,National JTPA Study,Female out-of-school youths,gpt-5.6-terra,2,st_earn_impact,earnings,-50.0,-50.0,match,-50.0,-50.0,"annualised (gold x1, model x1); raw match"
jtpa,National JTPA Study,Female out-of-school youths,gpt-5.6-terra,2,st_earn_se,earnings,172.0,172.0,match,172.0,172.0,"annualised (gold x1, model x1); raw match"
jtpa,National JTPA Study,Female out-of-school youths,gpt-5.6-terra,2,st_earn_stars,earnings,,ns,match,ns,ns,
jtpa,National JTPA Study,Female out-of-school youths,gpt-5.6-terra,2,st_earn_control_mean,earnings,3389.0,3389.0,match,3389.0,3389.0,"annualised (gold x1, model x1); raw match"
jtpa,National JTPA Study,Female out-of-school youths,gpt-5.6-terra,2,mt_earn_impact,earnings,10.0,-80.0,mismatch,10.0,-80.0,"annualised (gold x1, model x1); raw mismatch"
jtpa,National JTPA Study,Female out-of-school youths,gpt-5.6-terra,2,mt_earn_se,earnings,240.0,209.0,mismatch,240.0,209.0,"annualised (gold x1, model x1); raw mismatch"
jtpa,National JTPA Study,Female out-of-school youths,gpt-5.6-terra,2,mt_earn_stars,earnings,,ns,match,ns,ns,
jtpa,National JTPA Study,Female out-of-school youths,gpt-5.6-terra,2,mt_earn_control_mean,earnings,4383.0,4125.0,mismatch,4383.0,4125.0,"annualised (gold x1, model x1); raw mismatch"
jtpa,National JTPA Study,Female out-of-school youths,gpt-5.6-terra,2,lt_earn_impact,earnings,186.0,324.0,mismatch,186.0,324.0,"annualised (gold x1, model x1); raw mismatch"
jtpa,National JTPA Study,Female out-of-school youths,gpt-5.6-terra,2,lt_earn_se,earnings,268.0,270.0,match,268.0,270.0,"annualised (gold x1, model x1); raw match"
jtpa,National JTPA Study,Female out-of-school youths,gpt-5.6-terra,2,lt_earn_stars,earnings,,ns,match,ns,ns,
jtpa,National JTPA Study,Female out-of-school youths,gpt-5.6-terra,2,lt_earn_control_mean,earnings,4734.0,4610.0,match,4734.0,4610.0,"annualised (gold x1, model x1); raw match"
jtpa,National JTPA Study,Female out-of-school youths,gpt-5.6-terra,2,cost_per_treated,cost,2717.0,2400.0,mismatch,2717.0,2400.0,
jtpa,National JTPA Study,Male out-of-school youths,gpt-5.6-terra,2,training_role,classification,primary,primary,match,primary,primary,
jtpa,National JTPA Study,Male out-of-school youths,gpt-5.6-terra,2,mandatory_voluntary,classification,voluntary,voluntary,match,voluntary,voluntary,
jtpa,National JTPA Study,Male out-of-school youths,gpt-5.6-terra,2,funding_public_private,classification,public,public,match,public,public,
jtpa,National JTPA Study,Male out-of-school youths,gpt-5.6-terra,2,admin_public_private,classification,mixed,mixed,match,mixed,mixed,
jtpa,National JTPA Study,Male out-of-school youths,gpt-5.6-terra,2,has_classroom,classification,1,True,match,True,True,
jtpa,National JTPA Study,Male out-of-school youths,gpt-5.6-terra,2,has_ojt,classification,1,False,mismatch,True,False,
jtpa,National JTPA Study,Male out-of-school youths,gpt-5.6-terra,2,has_jsa,classification,1,True,match,True,True,
jtpa,National JTPA Study,Male out-of-school youths,gpt-5.6-terra,2,has_multiple_components,classification,1,True,match,True,True,
jtpa,National JTPA Study,Male out-of-school youths,gpt-5.6-terra,2,sector_program,classification,0,False,match,False,False,
jtpa,National JTPA Study,Male out-of-school youths,gpt-5.6-terra,2,randomization_period,design,November 1987 – September 1989,November 1987 - September 1989,match,"(1987, 11)-(1989, 9)","(1987, 11)-(1989, 9)",
jtpa,National JTPA Study,Male out-of-school youths,gpt-5.6-terra,2,n_treatment,design,1177,,abstained,1177.0,,
jtpa,National JTPA Study,Male out-of-school youths,gpt-5.6-terra,2,n_control,design,559,,abstained,559.0,,
jtpa,National JTPA Study,Male out-of-school youths,gpt-5.6-terra,2,outcome_data_source_type,design,SSA earnings records,ssa,match,ssa,ssa,
jtpa,National JTPA Study,Male out-of-school youths,gpt-5.6-terra,2,treatment_duration_months,design,3.2,3.5,match,3.2,3.5,
jtpa,National JTPA Study,Male out-of-school youths,gpt-5.6-terra,2,program_takeup_impact,design,68.0,,abstained,68.0,,
jtpa,National JTPA Study,Male out-of-school youths,gpt-5.6-terra,2,st_emp_impact,employment,-1.6,-1.6,match,-1.6,-1.6,
jtpa,National JTPA Study,Male out-of-school youths,gpt-5.6-terra,2,st_emp_se,employment,1.43,,abstained,1.43,,
jtpa,National JTPA Study,Male out-of-school youths,gpt-5.6-terra,2,st_emp_stars,employment,,ns,match,ns,ns,
jtpa,National JTPA Study,Male out-of-school youths,gpt-5.6-terra,2,st_emp_control_mean,employment,92.1,92.1,match,92.1,92.1,
jtpa,National JTPA Study,Male out-of-school youths,gpt-5.6-terra,2,mt_emp_impact,employment,-0.4,0.6,mismatch,-0.4,0.6,
jtpa,National JTPA Study,Male out-of-school youths,gpt-5.6-terra,2,mt_emp_se,employment,1.95,,abstained,1.95,,
jtpa,National JTPA Study,Male out-of-school youths,gpt-5.6-terra,2,mt_emp_stars,employment,,ns,match,ns,ns,
jtpa,National JTPA Study,Male out-of-school youths,gpt-5.6-terra,2,mt_emp_control_mean,employment,82.6,87.8,mismatch,82.6,87.8,
jtpa,National JTPA Study,Male out-of-school youths,gpt-5.6-terra,2,lt_emp_impact,employment,1.4,1.0,match,1.4,1.0,
jtpa,National JTPA Study,Male out-of-school youths,gpt-5.6-terra,2,lt_emp_se,employment,,,both_null,,,
jtpa,National JTPA Study,Male out-of-school youths,gpt-5.6-terra,2,lt_emp_stars,employment,,ns,match,ns,ns,
jtpa,National JTPA Study,Male out-of-school youths,gpt-5.6-terra,2,lt_emp_control_mean,employment,79.8,79.4,match,79.8,79.4,
jtpa,National JTPA Study,Male out-of-school youths,gpt-5.6-terra,2,st_earn_impact,earnings,-180.0,-180.0,match,-180.0,-180.0,"annualised (gold x1, model x1); raw match"
jtpa,National JTPA Study,Male out-of-school youths,gpt-5.6-terra,2,st_earn_se,earnings,243.0,243.0,match,243.0,243.0,"annualised (gold x1, model x1); raw match"
jtpa,National JTPA Study,Male out-of-school youths,gpt-5.6-terra,2,st_earn_stars,earnings,,ns,match,ns,ns,
jtpa,National JTPA Study,Male out-of-school youths,gpt-5.6-terra,2,st_earn_control_mean,earnings,4792.0,4792.0,match,4792.0,4792.0,"annualised (gold x1, model x1); raw match"
jtpa,National JTPA Study,Male out-of-school youths,gpt-5.6-terra,2,mt_earn_impact,earnings,-367.0,-343.0,mismatch,-367.0,-343.0,"annualised (gold x1, model x1); raw mismatch"
jtpa,National JTPA Study,Male out-of-school youths,gpt-5.6-terra,2,mt_earn_se,earnings,338.0,297.0,mismatch,338.0,297.0,"annualised (gold x1, model x1); raw mismatch"
jtpa,National JTPA Study,Male out-of-school youths,gpt-5.6-terra,2,mt_earn_stars,earnings,,ns,match,ns,ns,
jtpa,National JTPA Study,Male out-of-school youths,gpt-5.6-terra,2,mt_earn_control_mean,earnings,6497.0,5963.0,mismatch,6497.0,5963.0,"annualised (gold x1, model x1); raw mismatch"
jtpa,National JTPA Study,Male out-of-school youths,gpt-5.6-terra,2,lt_earn_impact,earnings,224.0,262.0,mismatch,224.0,262.0,"annualised (gold x1, model x1); raw mismatch"
jtpa,National JTPA Study,Male out-of-school youths,gpt-5.6-terra,2,lt_earn_se,earnings,378.0,378.0,match,378.0,378.0,"annualised (gold x1, model x1); raw match"
jtpa,National JTPA Study,Male out-of-school youths,gpt-5.6-terra,2,lt_earn_stars,earnings,,ns,match,ns,ns,
jtpa,National JTPA Study,Male out-of-school youths,gpt-5.6-terra,2,lt_earn_control_mean,earnings,6567.0,6425.0,match,6567.0,6425.0,"annualised (gold x1, model x1); raw match"
jtpa,National JTPA Study,Male out-of-school youths,gpt-5.6-terra,2,cost_per_treated,cost,2767.0,2400.0,mismatch,2767.0,2400.0,
nsw,National Supported Work Demonstration,Ex-addicts,deepseek-v4.1-flash,1,training_role,classification,primary,primary,match,primary,primary,
nsw,National Supported Work Demonstration,Ex-addicts,deepseek-v4.1-flash,1,mandatory_voluntary,classification,voluntary,voluntary,match,voluntary,voluntary,
nsw,National Supported Work Demonstration,Ex-addicts,deepseek-v4.1-flash,1,funding_public_private,classification,public,public,match,public,public,
nsw,National Supported Work Demonstration,Ex-addicts,deepseek-v4.1-flash,1,admin_public_private,classification,private,private,match,private,private,
nsw,National Supported Work Demonstration,Ex-addicts,deepseek-v4.1-flash,1,has_classroom,classification,0,False,match,False,False,
nsw,National Supported Work Demonstration,Ex-addicts,deepseek-v4.1-flash,1,has_ojt,classification,1,True,match,True,True,
nsw,National Supported Work Demonstration,Ex-addicts,deepseek-v4.1-flash,1,has_jsa,classification,1,True,match,True,True,
nsw,National Supported Work Demonstration,Ex-addicts,deepseek-v4.1-flash,1,has_multiple_components,classification,1,True,match,True,True,
nsw,National Supported Work Demonstration,Ex-addicts,deepseek-v4.1-flash,1,sector_program,classification,0,False,match,False,False,
nsw,National Supported Work Demonstration,Ex-addicts,deepseek-v4.1-flash,1,randomization_period,design,February 1976 – March 1979,March 1975 - July 1977,mismatch,"(1976, 2)-(1979, 3)","(1975, 3)-(1977, 7)",
nsw,National Supported Work Demonstration,Ex-addicts,deepseek-v4.1-flash,1,n_treatment,design,726,,abstained,726.0,,
nsw,National Supported Work Demonstration,Ex-addicts,deepseek-v4.1-flash,1,n_control,design,707,,abstained,707.0,,
nsw,National Supported Work Demonstration,Ex-addicts,deepseek-v4.1-flash,1,outcome_data_source_type,design,self-report (survey),survey,match,survey,survey,
nsw,National Supported Work Demonstration,Ex-addicts,deepseek-v4.1-flash,1,treatment_duration_months,design,6.8,6.8,match,6.8,6.8,
nsw,National Supported Work Demonstration,Ex-addicts,deepseek-v4.1-flash,1,program_takeup_impact,design,83.9,94.9,mismatch,83.9,94.9,
nsw,National Supported Work Demonstration,Ex-addicts,deepseek-v4.1-flash,1,st_emp_impact,employment,10.8,44.8,mismatch,10.8,44.8,
nsw,National Supported Work Demonstration,Ex-addicts,deepseek-v4.1-flash,1,st_emp_se,employment,,,both_null,,,
nsw,National Supported Work Demonstration,Ex-addicts,deepseek-v4.1-flash,1,st_emp_stars,employment,**,**,match,**,**,
nsw,National Supported Work Demonstration,Ex-addicts,deepseek-v4.1-flash,1,st_emp_control_mean,employment,53.1,50.2,mismatch,53.1,50.2,
nsw,National Supported Work Demonstration,Ex-addicts,deepseek-v4.1-flash,1,mt_emp_impact,employment,3.5,10.8,mismatch,3.5,10.8,
nsw,National Supported Work Demonstration,Ex-addicts,deepseek-v4.1-flash,1,mt_emp_se,employment,,,both_null,,,
nsw,National Supported Work Demonstration,Ex-addicts,deepseek-v4.1-flash,1,mt_emp_stars,employment,,**,mismatch,ns,**,
nsw,National Supported Work Demonstration,Ex-addicts,deepseek-v4.1-flash,1,mt_emp_control_mean,employment,53.0,53.1,match,53.0,53.1,
nsw,National Supported Work Demonstration,Ex-addicts,deepseek-v4.1-flash,1,lt_emp_impact,employment,10.1,10.1,match,10.1,10.1,
nsw,National Supported Work Demonstration,Ex-addicts,deepseek-v4.1-flash,1,lt_emp_se,employment,,,both_null,,,
nsw,National Supported Work Demonstration,Ex-addicts,deepseek-v4.1-flash,1,lt_emp_stars,employment,*,*,match,*,*,
nsw,National Supported Work Demonstration,Ex-addicts,deepseek-v4.1-flash,1,lt_emp_control_mean,employment,53.9,53.9,match,53.9,53.9,
nsw,National Supported Work Demonstration,Ex-addicts,deepseek-v4.1-flash,1,st_earn_impact,earnings,39.2,201.44,mismatch,470.4,2417.28,"annualised (gold x12, model x12); raw mismatch"
nsw,National Supported Work Demonstration,Ex-addicts,deepseek-v4.1-flash,1,st_earn_se,earnings,,,both_null,,,
nsw,National Supported Work Demonstration,Ex-addicts,deepseek-v4.1-flash,1,st_earn_stars,earnings,*,**,mismatch,*,**,
nsw,National Supported Work Demonstration,Ex-addicts,deepseek-v4.1-flash,1,st_earn_control_mean,earnings,220.42,159.79,mismatch,2645.04,1917.48,"annualised (gold x12, model x12); raw mismatch"
nsw,National Supported Work Demonstration,Ex-addicts,deepseek-v4.1-flash,1,mt_earn_impact,earnings,16.42,39.2,mismatch,197.04,470.4,"annualised (gold x12, model x12); raw mismatch"
nsw,National Supported Work Demonstration,Ex-addicts,deepseek-v4.1-flash,1,mt_earn_se,earnings,,,both_null,,,
nsw,National Supported Work Demonstration,Ex-addicts,deepseek-v4.1-flash,1,mt_earn_stars,earnings,,*,mismatch,ns,*,
nsw,National Supported Work Demonstration,Ex-addicts,deepseek-v4.1-flash,1,mt_earn_control_mean,earnings,261.33,220.42,mismatch,3135.96,2645.04,"annualised (gold x12, model x12); raw mismatch"
nsw,National Supported Work Demonstration,Ex-addicts,deepseek-v4.1-flash,1,lt_earn_impact,earnings,101.73,101.73,match,1220.76,1220.76,"annualised (gold x12, model x12); raw match"
nsw,National Supported Work Demonstration,Ex-addicts,deepseek-v4.1-flash,1,lt_earn_se,earnings,,,both_null,,,
nsw,National Supported Work Demonstration,Ex-addicts,deepseek-v4.1-flash,1,lt_earn_stars,earnings,**,**,match,**,**,
nsw,National Supported Work Demonstration,Ex-addicts,deepseek-v4.1-flash,1,lt_earn_control_mean,earnings,224.36,224.36,match,2692.32,2692.32,"annualised (gold x12, model x12); raw match"
nsw,National Supported Work Demonstration,Ex-addicts,deepseek-v4.1-flash,1,cost_per_treated,cost,5740.0,5825.0,match,5740.0,5825.0,
nsw,National Supported Work Demonstration,Ex-offenders,deepseek-v4.1-flash,1,training_role,classification,primary,primary,match,primary,primary,
nsw,National Supported Work Demonstration,Ex-offenders,deepseek-v4.1-flash,1,mandatory_voluntary,classification,voluntary,voluntary,match,voluntary,voluntary,
nsw,National Supported Work Demonstration,Ex-offenders,deepseek-v4.1-flash,1,funding_public_private,classification,public,public,match,public,public,
nsw,National Supported Work Demonstration,Ex-offenders,deepseek-v4.1-flash,1,admin_public_private,classification,private,private,match,private,private,
nsw,National Supported Work Demonstration,Ex-offenders,deepseek-v4.1-flash,1,has_classroom,classification,0,False,match,False,False,
nsw,National Supported Work Demonstration,Ex-offenders,deepseek-v4.1-flash,1,has_ojt,classification,1,True,match,True,True,
nsw,National Supported Work Demonstration,Ex-offenders,deepseek-v4.1-flash,1,has_jsa,classification,1,True,match,True,True,
nsw,National Supported Work Demonstration,Ex-offenders,deepseek-v4.1-flash,1,has_multiple_components,classification,1,True,match,True,True,
nsw,National Supported Work Demonstration,Ex-offenders,deepseek-v4.1-flash,1,sector_program,classification,0,False,match,False,False,
nsw,National Supported Work Demonstration,Ex-offenders,deepseek-v4.1-flash,1,randomization_period,design,February 1976 – March 1979,March 1975 - July 1977,mismatch,"(1976, 2)-(1979, 3)","(1975, 3)-(1977, 7)",
nsw,National Supported Work Demonstration,Ex-offenders,deepseek-v4.1-flash,1,n_treatment,design,1117,,abstained,1117.0,,
nsw,National Supported Work Demonstration,Ex-offenders,deepseek-v4.1-flash,1,n_control,design,1194,,abstained,1194.0,,
nsw,National Supported Work Demonstration,Ex-offenders,deepseek-v4.1-flash,1,outcome_data_source_type,design,self-report (survey),survey,match,survey,survey,
nsw,National Supported Work Demonstration,Ex-offenders,deepseek-v4.1-flash,1,treatment_duration_months,design,5.2,5.2,match,5.2,5.2,
nsw,National Supported Work Demonstration,Ex-offenders,deepseek-v4.1-flash,1,program_takeup_impact,design,80.3,97.7,mismatch,80.3,97.7,
nsw,National Supported Work Demonstration,Ex-offenders,deepseek-v4.1-flash,1,st_emp_impact,employment,6.8,37.2,mismatch,6.8,37.2,
nsw,National Supported Work Demonstration,Ex-offenders,deepseek-v4.1-flash,1,st_emp_se,employment,,,both_null,,,
nsw,National Supported Work Demonstration,Ex-offenders,deepseek-v4.1-flash,1,st_emp_stars,employment,**,**,match,**,**,
nsw,National Supported Work Demonstration,Ex-offenders,deepseek-v4.1-flash,1,st_emp_control_mean,employment,59.2,58.7,match,59.2,58.7,
nsw,National Supported Work Demonstration,Ex-offenders,deepseek-v4.1-flash,1,mt_emp_impact,employment,3.2,6.8,mismatch,3.2,6.8,
nsw,National Supported Work Demonstration,Ex-offenders,deepseek-v4.1-flash,1,mt_emp_se,employment,,,both_null,,,
nsw,National Supported Work Demonstration,Ex-offenders,deepseek-v4.1-flash,1,mt_emp_stars,employment,,**,mismatch,ns,**,
nsw,National Supported Work Demonstration,Ex-offenders,deepseek-v4.1-flash,1,mt_emp_control_mean,employment,53.3,59.2,mismatch,53.3,59.2,
nsw,National Supported Work Demonstration,Ex-offenders,deepseek-v4.1-flash,1,lt_emp_impact,employment,1.2,1.2,match,1.2,1.2,
nsw,National Supported Work Demonstration,Ex-offenders,deepseek-v4.1-flash,1,lt_emp_se,employment,,,both_null,,,
nsw,National Supported Work Demonstration,Ex-offenders,deepseek-v4.1-flash,1,lt_emp_stars,employment,,ns,match,ns,ns,
nsw,National Supported Work Demonstration,Ex-offenders,deepseek-v4.1-flash,1,lt_emp_control_mean,employment,57.8,57.8,match,57.8,57.8,
nsw,National Supported Work Demonstration,Ex-offenders,deepseek-v4.1-flash,1,st_earn_impact,earnings,25.16,200.36,mismatch,301.92,2404.32,"annualised (gold x12, model x12); raw mismatch"
nsw,National Supported Work Demonstration,Ex-offenders,deepseek-v4.1-flash,1,st_earn_se,earnings,,,both_null,,,
nsw,National Supported Work Demonstration,Ex-offenders,deepseek-v4.1-flash,1,st_earn_stars,earnings,,**,mismatch,ns,**,
nsw,National Supported Work Demonstration,Ex-offenders,deepseek-v4.1-flash,1,st_earn_control_mean,earnings,260.83,178.38,mismatch,3129.96,2140.56,"annualised (gold x12, model x12); raw mismatch"
nsw,National Supported Work Demonstration,Ex-offenders,deepseek-v4.1-flash,1,mt_earn_impact,earnings,14.99,25.16,mismatch,179.88,301.92,"annualised (gold x12, model x12); raw mismatch"
nsw,National Supported Work Demonstration,Ex-offenders,deepseek-v4.1-flash,1,mt_earn_se,earnings,,,both_null,,,
nsw,National Supported Work Demonstration,Ex-offenders,deepseek-v4.1-flash,1,mt_earn_stars,earnings,,ns,match,ns,ns,
nsw,National Supported Work Demonstration,Ex-offenders,deepseek-v4.1-flash,1,mt_earn_control_mean,earnings,254.15,260.83,match,3049.8,3129.96,"annualised (gold x12, model x12); raw match"
nsw,National Supported Work Demonstration,Ex-offenders,deepseek-v4.1-flash,1,lt_earn_impact,earnings,62.6,62.6,match,751.2,751.2,"annualised (gold x12, model x12); raw match"
nsw,National Supported Work Demonstration,Ex-offenders,deepseek-v4.1-flash,1,lt_earn_se,earnings,,,both_null,,,
nsw,National Supported Work Demonstration,Ex-offenders,deepseek-v4.1-flash,1,lt_earn_stars,earnings,,ns,match,ns,ns,
nsw,National Supported Work Demonstration,Ex-offenders,deepseek-v4.1-flash,1,lt_earn_control_mean,earnings,304.2,304.2,match,3650.4,3650.4,"annualised (gold x12, model x12); raw match"
nsw,National Supported Work Demonstration,Ex-offenders,deepseek-v4.1-flash,1,cost_per_treated,cost,4455.0,4455.0,match,4455.0,4455.0,
nsw,National Supported Work Demonstration,Women on AFDC long-term,deepseek-v4.1-flash,1,training_role,classification,primary,primary,match,primary,primary,
nsw,National Supported Work Demonstration,Women on AFDC long-term,deepseek-v4.1-flash,1,mandatory_voluntary,classification,voluntary,voluntary,match,voluntary,voluntary,
nsw,National Supported Work Demonstration,Women on AFDC long-term,deepseek-v4.1-flash,1,funding_public_private,classification,public,public,match,public,public,
nsw,National Supported Work Demonstration,Women on AFDC long-term,deepseek-v4.1-flash,1,admin_public_private,classification,private,private,match,private,private,
nsw,National Supported Work Demonstration,Women on AFDC long-term,deepseek-v4.1-flash,1,has_classroom,classification,0,False,match,False,False,
nsw,National Supported Work Demonstration,Women on AFDC long-term,deepseek-v4.1-flash,1,has_ojt,classification,1,True,match,True,True,
nsw,National Supported Work Demonstration,Women on AFDC long-term,deepseek-v4.1-flash,1,has_jsa,classification,1,True,match,True,True,
nsw,National Supported Work Demonstration,Women on AFDC long-term,deepseek-v4.1-flash,1,has_multiple_components,classification,1,True,match,True,True,
nsw,National Supported Work Demonstration,Women on AFDC long-term,deepseek-v4.1-flash,1,sector_program,classification,0,False,match,False,False,
nsw,National Supported Work Demonstration,Women on AFDC long-term,deepseek-v4.1-flash,1,randomization_period,design,February 1976 – March 1979,January 1976 - July 1977,mismatch,"(1976, 2)-(1979, 3)","(1976, 1)-(1977, 7)",
nsw,National Supported Work Demonstration,Women on AFDC long-term,deepseek-v4.1-flash,1,n_treatment,design,804,,abstained,804.0,,
nsw,National Supported Work Demonstration,Women on AFDC long-term,deepseek-v4.1-flash,1,n_control,design,816,,abstained,816.0,,
nsw,National Supported Work Demonstration,Women on AFDC long-term,deepseek-v4.1-flash,1,outcome_data_source_type,design,administrative (SSA earnings records via Couch 1992) for earnings; self-report survey (via MDRC 1980) for employment,survey,mismatch,mixed,survey,
nsw,National Supported Work Demonstration,Women on AFDC long-term,deepseek-v4.1-flash,1,treatment_duration_months,design,9.5,9.5,match,9.5,9.5,
nsw,National Supported Work Demonstration,Women on AFDC long-term,deepseek-v4.1-flash,1,program_takeup_impact,design,89.8,97.1,mismatch,89.8,97.1,
nsw,National Supported Work Demonstration,Women on AFDC long-term,deepseek-v4.1-flash,1,st_emp_impact,employment,37.1,59.8,mismatch,37.1,59.8,
nsw,National Supported Work Demonstration,Women on AFDC long-term,deepseek-v4.1-flash,1,st_emp_se,employment,,,both_null,,,
nsw,National Supported Work Demonstration,Women on AFDC long-term,deepseek-v4.1-flash,1,st_emp_stars,employment,**,**,match,**,**,
nsw,National Supported Work Demonstration,Women on AFDC long-term,deepseek-v4.1-flash,1,st_emp_control_mean,employment,39.4,36.5,mismatch,39.4,36.5,
nsw,National Supported Work Demonstration,Women on AFDC long-term,deepseek-v4.1-flash,1,mt_emp_impact,employment,8.5,37.1,mismatch,8.5,37.1,
nsw,National Supported Work Demonstration,Women on AFDC long-term,deepseek-v4.1-flash,1,mt_emp_se,employment,,,both_null,,,
nsw,National Supported Work Demonstration,Women on AFDC long-term,deepseek-v4.1-flash,1,mt_emp_stars,employment,**,**,match,**,**,
nsw,National Supported Work Demonstration,Women on AFDC long-term,deepseek-v4.1-flash,1,mt_emp_control_mean,employment,40.6,39.4,match,40.6,39.4,
nsw,National Supported Work Demonstration,Women on AFDC long-term,deepseek-v4.1-flash,1,lt_emp_impact,employment,,8.5,extra_value,,8.5,
nsw,National Supported Work Demonstration,Women on AFDC long-term,deepseek-v4.1-flash,1,lt_emp_se,employment,,,both_null,,,
nsw,National Supported Work Demonstration,Women on AFDC long-term,deepseek-v4.1-flash,1,lt_emp_stars,employment,,**,extra_value,,**,
nsw,National Supported Work Demonstration,Women on AFDC long-term,deepseek-v4.1-flash,1,lt_emp_control_mean,employment,,40.6,extra_value,,40.6,
nsw,National Supported Work Demonstration,Women on AFDC long-term,deepseek-v4.1-flash,1,st_earn_impact,earnings,248.0,322.16,source_unavailable,,,"gold from Couch (1992), not supplied"
nsw,National Supported Work Demonstration,Women on AFDC long-term,deepseek-v4.1-flash,1,st_earn_se,earnings,163.0,,source_unavailable,,,"gold from Couch (1992), not supplied"
nsw,National Supported Work Demonstration,Women on AFDC long-term,deepseek-v4.1-flash,1,st_earn_stars,earnings,,**,source_unavailable,,,"gold from Couch (1992), not supplied"
nsw,National Supported Work Demonstration,Women on AFDC long-term,deepseek-v4.1-flash,1,st_earn_control_mean,earnings,,78.28,source_unavailable,,,"gold from Couch (1992), not supplied"
nsw,National Supported Work Demonstration,Women on AFDC long-term,deepseek-v4.1-flash,1,mt_earn_impact,earnings,234.0,142.98,source_unavailable,,,"gold from Couch (1992), not supplied"
nsw,National Supported Work Demonstration,Women on AFDC long-term,deepseek-v4.1-flash,1,mt_earn_se,earnings,172.0,,source_unavailable,,,"gold from Couch (1992), not supplied"
nsw,National Supported Work Demonstration,Women on AFDC long-term,deepseek-v4.1-flash,1,mt_earn_stars,earnings,,**,source_unavailable,,,"gold from Couch (1992), not supplied"
nsw,National Supported Work Demonstration,Women on AFDC long-term,deepseek-v4.1-flash,1,mt_earn_control_mean,earnings,,131.08,source_unavailable,,,"gold from Couch (1992), not supplied"
nsw,National Supported Work Demonstration,Women on AFDC long-term,deepseek-v4.1-flash,1,lt_earn_impact,earnings,441.2,77.01,source_unavailable,,,"gold from Couch (1992), not supplied"
nsw,National Supported Work Demonstration,Women on AFDC long-term,deepseek-v4.1-flash,1,lt_earn_se,earnings,211.9,,source_unavailable,,,"gold from Couch (1992), not supplied"
nsw,National Supported Work Demonstration,Women on AFDC long-term,deepseek-v4.1-flash,1,lt_earn_stars,earnings,,**,source_unavailable,,,"gold from Couch (1992), not supplied"
nsw,National Supported Work Demonstration,Women on AFDC long-term,deepseek-v4.1-flash,1,lt_earn_control_mean,earnings,,165.88,source_unavailable,,,"gold from Couch (1992), not supplied"
nsw,National Supported Work Demonstration,Women on AFDC long-term,deepseek-v4.1-flash,1,cost_per_treated,cost,8139.0,8139.0,match,8139.0,8139.0,
nsw,National Supported Work Demonstration,Young school dropouts,deepseek-v4.1-flash,1,training_role,classification,primary,,gold_missing,,,no aligned model record
nsw,National Supported Work Demonstration,Young school dropouts,deepseek-v4.1-flash,1,mandatory_voluntary,classification,voluntary,,gold_missing,,,no aligned model record
nsw,National Supported Work Demonstration,Young school dropouts,deepseek-v4.1-flash,1,funding_public_private,classification,public,,gold_missing,,,no aligned model record
nsw,National Supported Work Demonstration,Young school dropouts,deepseek-v4.1-flash,1,admin_public_private,classification,private,,gold_missing,,,no aligned model record
nsw,National Supported Work Demonstration,Young school dropouts,deepseek-v4.1-flash,1,has_classroom,classification,0,,gold_missing,,,no aligned model record
nsw,National Supported Work Demonstration,Young school dropouts,deepseek-v4.1-flash,1,has_ojt,classification,1,,gold_missing,,,no aligned model record
nsw,National Supported Work Demonstration,Young school dropouts,deepseek-v4.1-flash,1,has_jsa,classification,1,,gold_missing,,,no aligned model record
nsw,National Supported Work Demonstration,Young school dropouts,deepseek-v4.1-flash,1,has_multiple_components,classification,1,,gold_missing,,,no aligned model record
nsw,National Supported Work Demonstration,Young school dropouts,deepseek-v4.1-flash,1,sector_program,classification,0,,gold_missing,,,no aligned model record
nsw,National Supported Work Demonstration,Young school dropouts,deepseek-v4.1-flash,1,randomization_period,design,February 1976 – March 1979,,gold_missing,,,no aligned model record
nsw,National Supported Work Demonstration,Young school dropouts,deepseek-v4.1-flash,1,n_treatment,design,567,,gold_missing,,,no aligned model record
nsw,National Supported Work Demonstration,Young school dropouts,deepseek-v4.1-flash,1,n_control,design,685,,gold_missing,,,no aligned model record
nsw,National Supported Work Demonstration,Young school dropouts,deepseek-v4.1-flash,1,outcome_data_source_type,design,administrative (SSA earnings records via Couch 1992) for earnings; self-report survey (via MDRC 1980) for employment,,gold_missing,,,no aligned model record
nsw,National Supported Work Demonstration,Young school dropouts,deepseek-v4.1-flash,1,treatment_duration_months,design,6.8,,gold_missing,,,no aligned model record
nsw,National Supported Work Demonstration,Young school dropouts,deepseek-v4.1-flash,1,program_takeup_impact,design,75.8,,gold_missing,,,no aligned model record
nsw,National Supported Work Demonstration,Young school dropouts,deepseek-v4.1-flash,1,st_emp_impact,employment,6.2,,gold_missing,,,no aligned model record
nsw,National Supported Work Demonstration,Young school dropouts,deepseek-v4.1-flash,1,st_emp_se,employment,,,both_null,,,no aligned model record
nsw,National Supported Work Demonstration,Young school dropouts,deepseek-v4.1-flash,1,st_emp_stars,employment,*,,gold_missing,,,no aligned model record
nsw,National Supported Work Demonstration,Young school dropouts,deepseek-v4.1-flash,1,st_emp_control_mean,employment,62.7,,gold_missing,,,no aligned model record
nsw,National Supported Work Demonstration,Young school dropouts,deepseek-v4.1-flash,1,mt_emp_impact,employment,0.0,,gold_missing,,,no aligned model record
nsw,National Supported Work Demonstration,Young school dropouts,deepseek-v4.1-flash,1,mt_emp_se,employment,,,both_null,,,no aligned model record
nsw,National Supported Work Demonstration,Young school dropouts,deepseek-v4.1-flash,1,mt_emp_stars,employment,,,both_null,,,no aligned model record
nsw,National Supported Work Demonstration,Young school dropouts,deepseek-v4.1-flash,1,mt_emp_control_mean,employment,62.6,,gold_missing,,,no aligned model record
nsw,National Supported Work Demonstration,Young school dropouts,deepseek-v4.1-flash,1,lt_emp_impact,employment,8.7,,gold_missing,,,no aligned model record
nsw,National Supported Work Demonstration,Young school dropouts,deepseek-v4.1-flash,1,lt_emp_se,employment,,,both_null,,,no aligned model record
nsw,National Supported Work Demonstration,Young school dropouts,deepseek-v4.1-flash,1,lt_emp_stars,employment,,,both_null,,,no aligned model record
nsw,National Supported Work Demonstration,Young school dropouts,deepseek-v4.1-flash,1,lt_emp_control_mean,employment,66.2,,gold_missing,,,no aligned model record
nsw,National Supported Work Demonstration,Young school dropouts,deepseek-v4.1-flash,1,st_earn_impact,earnings,9.0,,source_unavailable,,,"gold from Couch (1992), not supplied"
nsw,National Supported Work Demonstration,Young school dropouts,deepseek-v4.1-flash,1,st_earn_se,earnings,175.0,,source_unavailable,,,"gold from Couch (1992), not supplied"
nsw,National Supported Work Demonstration,Young school dropouts,deepseek-v4.1-flash,1,st_earn_stars,earnings,,,source_unavailable,,,"gold from Couch (1992), not supplied"
nsw,National Supported Work Demonstration,Young school dropouts,deepseek-v4.1-flash,1,st_earn_control_mean,earnings,,,source_unavailable,,,"gold from Couch (1992), not supplied"
nsw,National Supported Work Demonstration,Young school dropouts,deepseek-v4.1-flash,1,mt_earn_impact,earnings,157.0,,source_unavailable,,,"gold from Couch (1992), not supplied"
nsw,National Supported Work Demonstration,Young school dropouts,deepseek-v4.1-flash,1,mt_earn_se,earnings,203.0,,source_unavailable,,,"gold from Couch (1992), not supplied"
nsw,National Supported Work Demonstration,Young school dropouts,deepseek-v4.1-flash,1,mt_earn_stars,earnings,,,source_unavailable,,,"gold from Couch (1992), not supplied"
nsw,National Supported Work Demonstration,Young school dropouts,deepseek-v4.1-flash,1,mt_earn_control_mean,earnings,,,source_unavailable,,,"gold from Couch (1992), not supplied"
nsw,National Supported Work Demonstration,Young school dropouts,deepseek-v4.1-flash,1,lt_earn_impact,earnings,13.0,,source_unavailable,,,"gold from Couch (1992), not supplied"
nsw,National Supported Work Demonstration,Young school dropouts,deepseek-v4.1-flash,1,lt_earn_se,earnings,223.2,,source_unavailable,,,"gold from Couch (1992), not supplied"
nsw,National Supported Work Demonstration,Young school dropouts,deepseek-v4.1-flash,1,lt_earn_stars,earnings,,,source_unavailable,,,"gold from Couch (1992), not supplied"
nsw,National Supported Work Demonstration,Young school dropouts,deepseek-v4.1-flash,1,lt_earn_control_mean,earnings,,,source_unavailable,,,"gold from Couch (1992), not supplied"
nsw,National Supported Work Demonstration,Young school dropouts,deepseek-v4.1-flash,1,cost_per_treated,cost,5740.0,,gold_missing,,,no aligned model record
nsw,National Supported Work Demonstration,Ex-addicts,deepseek-v4.1-flash,2,training_role,classification,primary,primary,match,primary,primary,
nsw,National Supported Work Demonstration,Ex-addicts,deepseek-v4.1-flash,2,mandatory_voluntary,classification,voluntary,voluntary,match,voluntary,voluntary,
nsw,National Supported Work Demonstration,Ex-addicts,deepseek-v4.1-flash,2,funding_public_private,classification,public,mixed,mismatch,public,mixed,
nsw,National Supported Work Demonstration,Ex-addicts,deepseek-v4.1-flash,2,admin_public_private,classification,private,private,match,private,private,
nsw,National Supported Work Demonstration,Ex-addicts,deepseek-v4.1-flash,2,has_classroom,classification,0,False,match,False,False,
nsw,National Supported Work Demonstration,Ex-addicts,deepseek-v4.1-flash,2,has_ojt,classification,1,True,match,True,True,
nsw,National Supported Work Demonstration,Ex-addicts,deepseek-v4.1-flash,2,has_jsa,classification,1,True,match,True,True,
nsw,National Supported Work Demonstration,Ex-addicts,deepseek-v4.1-flash,2,has_multiple_components,classification,1,True,match,True,True,
nsw,National Supported Work Demonstration,Ex-addicts,deepseek-v4.1-flash,2,sector_program,classification,0,False,match,False,False,
nsw,National Supported Work Demonstration,Ex-addicts,deepseek-v4.1-flash,2,randomization_period,design,February 1976 – March 1979,March 1975 - July 1977,mismatch,"(1976, 2)-(1979, 3)","(1975, 3)-(1977, 7)",
nsw,National Supported Work Demonstration,Ex-addicts,deepseek-v4.1-flash,2,n_treatment,design,726,,abstained,726.0,,
nsw,National Supported Work Demonstration,Ex-addicts,deepseek-v4.1-flash,2,n_control,design,707,,abstained,707.0,,
nsw,National Supported Work Demonstration,Ex-addicts,deepseek-v4.1-flash,2,outcome_data_source_type,design,self-report (survey),survey,match,survey,survey,
nsw,National Supported Work Demonstration,Ex-addicts,deepseek-v4.1-flash,2,treatment_duration_months,design,6.8,6.8,match,6.8,6.8,
nsw,National Supported Work Demonstration,Ex-addicts,deepseek-v4.1-flash,2,program_takeup_impact,design,83.9,,abstained,83.9,,
nsw,National Supported Work Demonstration,Ex-addicts,deepseek-v4.1-flash,2,st_emp_impact,employment,10.8,44.8,mismatch,10.8,44.8,
nsw,National Supported Work Demonstration,Ex-addicts,deepseek-v4.1-flash,2,st_emp_se,employment,,,both_null,,,
nsw,National Supported Work Demonstration,Ex-addicts,deepseek-v4.1-flash,2,st_emp_stars,employment,**,**,match,**,**,
nsw,National Supported Work Demonstration,Ex-addicts,deepseek-v4.1-flash,2,st_emp_control_mean,employment,53.1,50.2,mismatch,53.1,50.2,
nsw,National Supported Work Demonstration,Ex-addicts,deepseek-v4.1-flash,2,mt_emp_impact,employment,3.5,10.8,mismatch,3.5,10.8,
nsw,National Supported Work Demonstration,Ex-addicts,deepseek-v4.1-flash,2,mt_emp_se,employment,,,both_null,,,
nsw,National Supported Work Demonstration,Ex-addicts,deepseek-v4.1-flash,2,mt_emp_stars,employment,,**,mismatch,ns,**,
nsw,National Supported Work Demonstration,Ex-addicts,deepseek-v4.1-flash,2,mt_emp_control_mean,employment,53.0,53.1,match,53.0,53.1,
nsw,National Supported Work Demonstration,Ex-addicts,deepseek-v4.1-flash,2,lt_emp_impact,employment,10.1,10.1,match,10.1,10.1,
nsw,National Supported Work Demonstration,Ex-addicts,deepseek-v4.1-flash,2,lt_emp_se,employment,,,both_null,,,
nsw,National Supported Work Demonstration,Ex-addicts,deepseek-v4.1-flash,2,lt_emp_stars,employment,*,*,match,*,*,
nsw,National Supported Work Demonstration,Ex-addicts,deepseek-v4.1-flash,2,lt_emp_control_mean,employment,53.9,53.9,match,53.9,53.9,
nsw,National Supported Work Demonstration,Ex-addicts,deepseek-v4.1-flash,2,st_earn_impact,earnings,39.2,201.44,mismatch,470.4,2417.28,"annualised (gold x12, model x12); raw mismatch"
nsw,National Supported Work Demonstration,Ex-addicts,deepseek-v4.1-flash,2,st_earn_se,earnings,,,both_null,,,
nsw,National Supported Work Demonstration,Ex-addicts,deepseek-v4.1-flash,2,st_earn_stars,earnings,*,**,mismatch,*,**,
nsw,National Supported Work Demonstration,Ex-addicts,deepseek-v4.1-flash,2,st_earn_control_mean,earnings,220.42,159.79,mismatch,2645.04,1917.48,"annualised (gold x12, model x12); raw mismatch"
nsw,National Supported Work Demonstration,Ex-addicts,deepseek-v4.1-flash,2,mt_earn_impact,earnings,16.42,39.2,mismatch,197.04,470.4,"annualised (gold x12, model x12); raw mismatch"
nsw,National Supported Work Demonstration,Ex-addicts,deepseek-v4.1-flash,2,mt_earn_se,earnings,,,both_null,,,
nsw,National Supported Work Demonstration,Ex-addicts,deepseek-v4.1-flash,2,mt_earn_stars,earnings,,*,mismatch,ns,*,
nsw,National Supported Work Demonstration,Ex-addicts,deepseek-v4.1-flash,2,mt_earn_control_mean,earnings,261.33,220.42,mismatch,3135.96,2645.04,"annualised (gold x12, model x12); raw mismatch"
nsw,National Supported Work Demonstration,Ex-addicts,deepseek-v4.1-flash,2,lt_earn_impact,earnings,101.73,101.73,match,1220.76,1220.76,"annualised (gold x12, model x12); raw match"
nsw,National Supported Work Demonstration,Ex-addicts,deepseek-v4.1-flash,2,lt_earn_se,earnings,,,both_null,,,
nsw,National Supported Work Demonstration,Ex-addicts,deepseek-v4.1-flash,2,lt_earn_stars,earnings,**,**,match,**,**,
nsw,National Supported Work Demonstration,Ex-addicts,deepseek-v4.1-flash,2,lt_earn_control_mean,earnings,224.36,224.36,match,2692.32,2692.32,"annualised (gold x12, model x12); raw match"
nsw,National Supported Work Demonstration,Ex-addicts,deepseek-v4.1-flash,2,cost_per_treated,cost,5740.0,5825.0,match,5740.0,5825.0,
nsw,National Supported Work Demonstration,Ex-offenders,deepseek-v4.1-flash,2,training_role,classification,primary,primary,match,primary,primary,
nsw,National Supported Work Demonstration,Ex-offenders,deepseek-v4.1-flash,2,mandatory_voluntary,classification,voluntary,voluntary,match,voluntary,voluntary,
nsw,National Supported Work Demonstration,Ex-offenders,deepseek-v4.1-flash,2,funding_public_private,classification,public,mixed,mismatch,public,mixed,
nsw,National Supported Work Demonstration,Ex-offenders,deepseek-v4.1-flash,2,admin_public_private,classification,private,private,match,private,private,
nsw,National Supported Work Demonstration,Ex-offenders,deepseek-v4.1-flash,2,has_classroom,classification,0,False,match,False,False,
nsw,National Supported Work Demonstration,Ex-offenders,deepseek-v4.1-flash,2,has_ojt,classification,1,True,match,True,True,
nsw,National Supported Work Demonstration,Ex-offenders,deepseek-v4.1-flash,2,has_jsa,classification,1,True,match,True,True,
nsw,National Supported Work Demonstration,Ex-offenders,deepseek-v4.1-flash,2,has_multiple_components,classification,1,True,match,True,True,
nsw,National Supported Work Demonstration,Ex-offenders,deepseek-v4.1-flash,2,sector_program,classification,0,False,match,False,False,
nsw,National Supported Work Demonstration,Ex-offenders,deepseek-v4.1-flash,2,randomization_period,design,February 1976 – March 1979,March 1975 - July 1977,mismatch,"(1976, 2)-(1979, 3)","(1975, 3)-(1977, 7)",
nsw,National Supported Work Demonstration,Ex-offenders,deepseek-v4.1-flash,2,n_treatment,design,1117,,abstained,1117.0,,
nsw,National Supported Work Demonstration,Ex-offenders,deepseek-v4.1-flash,2,n_control,design,1194,,abstained,1194.0,,
nsw,National Supported Work Demonstration,Ex-offenders,deepseek-v4.1-flash,2,outcome_data_source_type,design,self-report (survey),survey,match,survey,survey,
nsw,National Supported Work Demonstration,Ex-offenders,deepseek-v4.1-flash,2,treatment_duration_months,design,5.2,5.2,match,5.2,5.2,
nsw,National Supported Work Demonstration,Ex-offenders,deepseek-v4.1-flash,2,program_takeup_impact,design,80.3,,abstained,80.3,,
nsw,National Supported Work Demonstration,Ex-offenders,deepseek-v4.1-flash,2,st_emp_impact,employment,6.8,37.2,mismatch,6.8,37.2,
nsw,National Supported Work Demonstration,Ex-offenders,deepseek-v4.1-flash,2,st_emp_se,employment,,,both_null,,,
nsw,National Supported Work Demonstration,Ex-offenders,deepseek-v4.1-flash,2,st_emp_stars,employment,**,**,match,**,**,
nsw,National Supported Work Demonstration,Ex-offenders,deepseek-v4.1-flash,2,st_emp_control_mean,employment,59.2,58.7,match,59.2,58.7,
nsw,National Supported Work Demonstration,Ex-offenders,deepseek-v4.1-flash,2,mt_emp_impact,employment,3.2,6.8,mismatch,3.2,6.8,
nsw,National Supported Work Demonstration,Ex-offenders,deepseek-v4.1-flash,2,mt_emp_se,employment,,,both_null,,,
nsw,National Supported Work Demonstration,Ex-offenders,deepseek-v4.1-flash,2,mt_emp_stars,employment,,**,mismatch,ns,**,
nsw,National Supported Work Demonstration,Ex-offenders,deepseek-v4.1-flash,2,mt_emp_control_mean,employment,53.3,59.2,mismatch,53.3,59.2,
nsw,National Supported Work Demonstration,Ex-offenders,deepseek-v4.1-flash,2,lt_emp_impact,employment,1.2,1.2,match,1.2,1.2,
nsw,National Supported Work Demonstration,Ex-offenders,deepseek-v4.1-flash,2,lt_emp_se,employment,,,both_null,,,
nsw,National Supported Work Demonstration,Ex-offenders,deepseek-v4.1-flash,2,lt_emp_stars,employment,,ns,match,ns,ns,
nsw,National Supported Work Demonstration,Ex-offenders,deepseek-v4.1-flash,2,lt_emp_control_mean,employment,57.8,57.8,match,57.8,57.8,
nsw,National Supported Work Demonstration,Ex-offenders,deepseek-v4.1-flash,2,st_earn_impact,earnings,25.16,200.36,mismatch,301.92,2404.32,"annualised (gold x12, model x12); raw mismatch"
nsw,National Supported Work Demonstration,Ex-offenders,deepseek-v4.1-flash,2,st_earn_se,earnings,,,both_null,,,
nsw,National Supported Work Demonstration,Ex-offenders,deepseek-v4.1-flash,2,st_earn_stars,earnings,,**,mismatch,ns,**,
nsw,National Supported Work Demonstration,Ex-offenders,deepseek-v4.1-flash,2,st_earn_control_mean,earnings,260.83,178.38,mismatch,3129.96,2140.56,"annualised (gold x12, model x12); raw mismatch"
nsw,National Supported Work Demonstration,Ex-offenders,deepseek-v4.1-flash,2,mt_earn_impact,earnings,14.99,25.16,mismatch,179.88,301.92,"annualised (gold x12, model x12); raw mismatch"
nsw,National Supported Work Demonstration,Ex-offenders,deepseek-v4.1-flash,2,mt_earn_se,earnings,,,both_null,,,
nsw,National Supported Work Demonstration,Ex-offenders,deepseek-v4.1-flash,2,mt_earn_stars,earnings,,ns,match,ns,ns,
nsw,National Supported Work Demonstration,Ex-offenders,deepseek-v4.1-flash,2,mt_earn_control_mean,earnings,254.15,260.83,match,3049.8,3129.96,"annualised (gold x12, model x12); raw match"
nsw,National Supported Work Demonstration,Ex-offenders,deepseek-v4.1-flash,2,lt_earn_impact,earnings,62.6,62.6,match,751.2,751.2,"annualised (gold x12, model x12); raw match"
nsw,National Supported Work Demonstration,Ex-offenders,deepseek-v4.1-flash,2,lt_earn_se,earnings,,,both_null,,,
nsw,National Supported Work Demonstration,Ex-offenders,deepseek-v4.1-flash,2,lt_earn_stars,earnings,,ns,match,ns,ns,
nsw,National Supported Work Demonstration,Ex-offenders,deepseek-v4.1-flash,2,lt_earn_control_mean,earnings,304.2,304.2,match,3650.4,3650.4,"annualised (gold x12, model x12); raw match"
nsw,National Supported Work Demonstration,Ex-offenders,deepseek-v4.1-flash,2,cost_per_treated,cost,4455.0,4455.0,match,4455.0,4455.0,
nsw,National Supported Work Demonstration,Women on AFDC long-term,deepseek-v4.1-flash,2,training_role,classification,primary,primary,match,primary,primary,
nsw,National Supported Work Demonstration,Women on AFDC long-term,deepseek-v4.1-flash,2,mandatory_voluntary,classification,voluntary,voluntary,match,voluntary,voluntary,
nsw,National Supported Work Demonstration,Women on AFDC long-term,deepseek-v4.1-flash,2,funding_public_private,classification,public,mixed,mismatch,public,mixed,
nsw,National Supported Work Demonstration,Women on AFDC long-term,deepseek-v4.1-flash,2,admin_public_private,classification,private,private,match,private,private,
nsw,National Supported Work Demonstration,Women on AFDC long-term,deepseek-v4.1-flash,2,has_classroom,classification,0,False,match,False,False,
nsw,National Supported Work Demonstration,Women on AFDC long-term,deepseek-v4.1-flash,2,has_ojt,classification,1,True,match,True,True,
nsw,National Supported Work Demonstration,Women on AFDC long-term,deepseek-v4.1-flash,2,has_jsa,classification,1,True,match,True,True,
nsw,National Supported Work Demonstration,Women on AFDC long-term,deepseek-v4.1-flash,2,has_multiple_components,classification,1,True,match,True,True,
nsw,National Supported Work Demonstration,Women on AFDC long-term,deepseek-v4.1-flash,2,sector_program,classification,0,False,match,False,False,
nsw,National Supported Work Demonstration,Women on AFDC long-term,deepseek-v4.1-flash,2,randomization_period,design,February 1976 – March 1979,January 1976 - July 1977,mismatch,"(1976, 2)-(1979, 3)","(1976, 1)-(1977, 7)",
nsw,National Supported Work Demonstration,Women on AFDC long-term,deepseek-v4.1-flash,2,n_treatment,design,804,,abstained,804.0,,
nsw,National Supported Work Demonstration,Women on AFDC long-term,deepseek-v4.1-flash,2,n_control,design,816,,abstained,816.0,,
nsw,National Supported Work Demonstration,Women on AFDC long-term,deepseek-v4.1-flash,2,outcome_data_source_type,design,administrative (SSA earnings records via Couch 1992) for earnings; self-report survey (via MDRC 1980) for employment,survey,mismatch,mixed,survey,
nsw,National Supported Work Demonstration,Women on AFDC long-term,deepseek-v4.1-flash,2,treatment_duration_months,design,9.5,9.5,match,9.5,9.5,
nsw,National Supported Work Demonstration,Women on AFDC long-term,deepseek-v4.1-flash,2,program_takeup_impact,design,89.8,,abstained,89.8,,
nsw,National Supported Work Demonstration,Women on AFDC long-term,deepseek-v4.1-flash,2,st_emp_impact,employment,37.1,59.8,mismatch,37.1,59.8,
nsw,National Supported Work Demonstration,Women on AFDC long-term,deepseek-v4.1-flash,2,st_emp_se,employment,,,both_null,,,
nsw,National Supported Work Demonstration,Women on AFDC long-term,deepseek-v4.1-flash,2,st_emp_stars,employment,**,**,match,**,**,
nsw,National Supported Work Demonstration,Women on AFDC long-term,deepseek-v4.1-flash,2,st_emp_control_mean,employment,39.4,36.5,mismatch,39.4,36.5,
nsw,National Supported Work Demonstration,Women on AFDC long-term,deepseek-v4.1-flash,2,mt_emp_impact,employment,8.5,37.1,mismatch,8.5,37.1,
nsw,National Supported Work Demonstration,Women on AFDC long-term,deepseek-v4.1-flash,2,mt_emp_se,employment,,,both_null,,,
nsw,National Supported Work Demonstration,Women on AFDC long-term,deepseek-v4.1-flash,2,mt_emp_stars,employment,**,**,match,**,**,
nsw,National Supported Work Demonstration,Women on AFDC long-term,deepseek-v4.1-flash,2,mt_emp_control_mean,employment,40.6,39.4,match,40.6,39.4,
nsw,National Supported Work Demonstration,Women on AFDC long-term,deepseek-v4.1-flash,2,lt_emp_impact,employment,,8.5,extra_value,,8.5,
nsw,National Supported Work Demonstration,Women on AFDC long-term,deepseek-v4.1-flash,2,lt_emp_se,employment,,,both_null,,,
nsw,National Supported Work Demonstration,Women on AFDC long-term,deepseek-v4.1-flash,2,lt_emp_stars,employment,,**,extra_value,,**,
nsw,National Supported Work Demonstration,Women on AFDC long-term,deepseek-v4.1-flash,2,lt_emp_control_mean,employment,,40.6,extra_value,,40.6,
nsw,National Supported Work Demonstration,Women on AFDC long-term,deepseek-v4.1-flash,2,st_earn_impact,earnings,248.0,322.16,source_unavailable,,,"gold from Couch (1992), not supplied"
nsw,National Supported Work Demonstration,Women on AFDC long-term,deepseek-v4.1-flash,2,st_earn_se,earnings,163.0,,source_unavailable,,,"gold from Couch (1992), not supplied"
nsw,National Supported Work Demonstration,Women on AFDC long-term,deepseek-v4.1-flash,2,st_earn_stars,earnings,,**,source_unavailable,,,"gold from Couch (1992), not supplied"
nsw,National Supported Work Demonstration,Women on AFDC long-term,deepseek-v4.1-flash,2,st_earn_control_mean,earnings,,78.28,source_unavailable,,,"gold from Couch (1992), not supplied"
nsw,National Supported Work Demonstration,Women on AFDC long-term,deepseek-v4.1-flash,2,mt_earn_impact,earnings,234.0,142.98,source_unavailable,,,"gold from Couch (1992), not supplied"
nsw,National Supported Work Demonstration,Women on AFDC long-term,deepseek-v4.1-flash,2,mt_earn_se,earnings,172.0,,source_unavailable,,,"gold from Couch (1992), not supplied"
nsw,National Supported Work Demonstration,Women on AFDC long-term,deepseek-v4.1-flash,2,mt_earn_stars,earnings,,**,source_unavailable,,,"gold from Couch (1992), not supplied"
nsw,National Supported Work Demonstration,Women on AFDC long-term,deepseek-v4.1-flash,2,mt_earn_control_mean,earnings,,131.08,source_unavailable,,,"gold from Couch (1992), not supplied"
nsw,National Supported Work Demonstration,Women on AFDC long-term,deepseek-v4.1-flash,2,lt_earn_impact,earnings,441.2,77.01,source_unavailable,,,"gold from Couch (1992), not supplied"
nsw,National Supported Work Demonstration,Women on AFDC long-term,deepseek-v4.1-flash,2,lt_earn_se,earnings,211.9,,source_unavailable,,,"gold from Couch (1992), not supplied"
nsw,National Supported Work Demonstration,Women on AFDC long-term,deepseek-v4.1-flash,2,lt_earn_stars,earnings,,**,source_unavailable,,,"gold from Couch (1992), not supplied"
nsw,National Supported Work Demonstration,Women on AFDC long-term,deepseek-v4.1-flash,2,lt_earn_control_mean,earnings,,165.88,source_unavailable,,,"gold from Couch (1992), not supplied"
nsw,National Supported Work Demonstration,Women on AFDC long-term,deepseek-v4.1-flash,2,cost_per_treated,cost,8139.0,8139.0,match,8139.0,8139.0,
nsw,National Supported Work Demonstration,Young school dropouts,deepseek-v4.1-flash,2,training_role,classification,primary,,gold_missing,,,no aligned model record
nsw,National Supported Work Demonstration,Young school dropouts,deepseek-v4.1-flash,2,mandatory_voluntary,classification,voluntary,,gold_missing,,,no aligned model record
nsw,National Supported Work Demonstration,Young school dropouts,deepseek-v4.1-flash,2,funding_public_private,classification,public,,gold_missing,,,no aligned model record
nsw,National Supported Work Demonstration,Young school dropouts,deepseek-v4.1-flash,2,admin_public_private,classification,private,,gold_missing,,,no aligned model record
nsw,National Supported Work Demonstration,Young school dropouts,deepseek-v4.1-flash,2,has_classroom,classification,0,,gold_missing,,,no aligned model record
nsw,National Supported Work Demonstration,Young school dropouts,deepseek-v4.1-flash,2,has_ojt,classification,1,,gold_missing,,,no aligned model record
nsw,National Supported Work Demonstration,Young school dropouts,deepseek-v4.1-flash,2,has_jsa,classification,1,,gold_missing,,,no aligned model record
nsw,National Supported Work Demonstration,Young school dropouts,deepseek-v4.1-flash,2,has_multiple_components,classification,1,,gold_missing,,,no aligned model record
nsw,National Supported Work Demonstration,Young school dropouts,deepseek-v4.1-flash,2,sector_program,classification,0,,gold_missing,,,no aligned model record
nsw,National Supported Work Demonstration,Young school dropouts,deepseek-v4.1-flash,2,randomization_period,design,February 1976 – March 1979,,gold_missing,,,no aligned model record
nsw,National Supported Work Demonstration,Young school dropouts,deepseek-v4.1-flash,2,n_treatment,design,567,,gold_missing,,,no aligned model record
nsw,National Supported Work Demonstration,Young school dropouts,deepseek-v4.1-flash,2,n_control,design,685,,gold_missing,,,no aligned model record
nsw,National Supported Work Demonstration,Young school dropouts,deepseek-v4.1-flash,2,outcome_data_source_type,design,administrative (SSA earnings records via Couch 1992) for earnings; self-report survey (via MDRC 1980) for employment,,gold_missing,,,no aligned model record
nsw,National Supported Work Demonstration,Young school dropouts,deepseek-v4.1-flash,2,treatment_duration_months,design,6.8,,gold_missing,,,no aligned model record
nsw,National Supported Work Demonstration,Young school dropouts,deepseek-v4.1-flash,2,program_takeup_impact,design,75.8,,gold_missing,,,no aligned model record
nsw,National Supported Work Demonstration,Young school dropouts,deepseek-v4.1-flash,2,st_emp_impact,employment,6.2,,gold_missing,,,no aligned model record
nsw,National Supported Work Demonstration,Young school dropouts,deepseek-v4.1-flash,2,st_emp_se,employment,,,both_null,,,no aligned model record
nsw,National Supported Work Demonstration,Young school dropouts,deepseek-v4.1-flash,2,st_emp_stars,employment,*,,gold_missing,,,no aligned model record
nsw,National Supported Work Demonstration,Young school dropouts,deepseek-v4.1-flash,2,st_emp_control_mean,employment,62.7,,gold_missing,,,no aligned model record
nsw,National Supported Work Demonstration,Young school dropouts,deepseek-v4.1-flash,2,mt_emp_impact,employment,0.0,,gold_missing,,,no aligned model record
nsw,National Supported Work Demonstration,Young school dropouts,deepseek-v4.1-flash,2,mt_emp_se,employment,,,both_null,,,no aligned model record
nsw,National Supported Work Demonstration,Young school dropouts,deepseek-v4.1-flash,2,mt_emp_stars,employment,,,both_null,,,no aligned model record
nsw,National Supported Work Demonstration,Young school dropouts,deepseek-v4.1-flash,2,mt_emp_control_mean,employment,62.6,,gold_missing,,,no aligned model record
nsw,National Supported Work Demonstration,Young school dropouts,deepseek-v4.1-flash,2,lt_emp_impact,employment,8.7,,gold_missing,,,no aligned model record
nsw,National Supported Work Demonstration,Young school dropouts,deepseek-v4.1-flash,2,lt_emp_se,employment,,,both_null,,,no aligned model record
nsw,National Supported Work Demonstration,Young school dropouts,deepseek-v4.1-flash,2,lt_emp_stars,employment,,,both_null,,,no aligned model record
nsw,National Supported Work Demonstration,Young school dropouts,deepseek-v4.1-flash,2,lt_emp_control_mean,employment,66.2,,gold_missing,,,no aligned model record
nsw,National Supported Work Demonstration,Young school dropouts,deepseek-v4.1-flash,2,st_earn_impact,earnings,9.0,,source_unavailable,,,"gold from Couch (1992), not supplied"
nsw,National Supported Work Demonstration,Young school dropouts,deepseek-v4.1-flash,2,st_earn_se,earnings,175.0,,source_unavailable,,,"gold from Couch (1992), not supplied"
nsw,National Supported Work Demonstration,Young school dropouts,deepseek-v4.1-flash,2,st_earn_stars,earnings,,,source_unavailable,,,"gold from Couch (1992), not supplied"
nsw,National Supported Work Demonstration,Young school dropouts,deepseek-v4.1-flash,2,st_earn_control_mean,earnings,,,source_unavailable,,,"gold from Couch (1992), not supplied"
nsw,National Supported Work Demonstration,Young school dropouts,deepseek-v4.1-flash,2,mt_earn_impact,earnings,157.0,,source_unavailable,,,"gold from Couch (1992), not supplied"
nsw,National Supported Work Demonstration,Young school dropouts,deepseek-v4.1-flash,2,mt_earn_se,earnings,203.0,,source_unavailable,,,"gold from Couch (1992), not supplied"
nsw,National Supported Work Demonstration,Young school dropouts,deepseek-v4.1-flash,2,mt_earn_stars,earnings,,,source_unavailable,,,"gold from Couch (1992), not supplied"
nsw,National Supported Work Demonstration,Young school dropouts,deepseek-v4.1-flash,2,mt_earn_control_mean,earnings,,,source_unavailable,,,"gold from Couch (1992), not supplied"
nsw,National Supported Work Demonstration,Young school dropouts,deepseek-v4.1-flash,2,lt_earn_impact,earnings,13.0,,source_unavailable,,,"gold from Couch (1992), not supplied"
nsw,National Supported Work Demonstration,Young school dropouts,deepseek-v4.1-flash,2,lt_earn_se,earnings,223.2,,source_unavailable,,,"gold from Couch (1992), not supplied"
nsw,National Supported Work Demonstration,Young school dropouts,deepseek-v4.1-flash,2,lt_earn_stars,earnings,,,source_unavailable,,,"gold from Couch (1992), not supplied"
nsw,National Supported Work Demonstration,Young school dropouts,deepseek-v4.1-flash,2,lt_earn_control_mean,earnings,,,source_unavailable,,,"gold from Couch (1992), not supplied"
nsw,National Supported Work Demonstration,Young school dropouts,deepseek-v4.1-flash,2,cost_per_treated,cost,5740.0,,gold_missing,,,no aligned model record
quest,Project QUEST,San Antonio,claude-opus-5,1,training_role,classification,primary,primary,match,primary,primary,
quest,Project QUEST,San Antonio,claude-opus-5,1,mandatory_voluntary,classification,voluntary,voluntary,match,voluntary,voluntary,
quest,Project QUEST,San Antonio,claude-opus-5,1,funding_public_private,classification,mixed,mixed,match,mixed,mixed,
quest,Project QUEST,San Antonio,claude-opus-5,1,admin_public_private,classification,private,private,match,private,private,
quest,Project QUEST,San Antonio,claude-opus-5,1,has_classroom,classification,1,True,match,True,True,
quest,Project QUEST,San Antonio,claude-opus-5,1,has_ojt,classification,0,False,match,False,False,
quest,Project QUEST,San Antonio,claude-opus-5,1,has_jsa,classification,1,True,match,True,True,
quest,Project QUEST,San Antonio,claude-opus-5,1,has_multiple_components,classification,1,True,match,True,True,
quest,Project QUEST,San Antonio,claude-opus-5,1,sector_program,classification,1,True,match,True,True,
quest,Project QUEST,San Antonio,claude-opus-5,1,randomization_period,design,April 2006 – October 2008,April 2006 - October 2008,match,"(2006, 4)-(2008, 10)","(2006, 4)-(2008, 10)",
quest,Project QUEST,San Antonio,claude-opus-5,1,n_treatment,design,207,207,match,207.0,207.0,
quest,Project QUEST,San Antonio,claude-opus-5,1,n_control,design,203,203,match,203.0,203.0,
quest,Project QUEST,San Antonio,claude-opus-5,1,outcome_data_source_type,design,Texas Workforce Commission UI wage records,ui_wage_records,match,ui_wage_records,ui_wage_records,
quest,Project QUEST,San Antonio,claude-opus-5,1,treatment_duration_months,design,12.4,,abstained,12.4,,
quest,Project QUEST,San Antonio,claude-opus-5,1,program_takeup_impact,design,8.1,,abstained,8.1,,
quest,Project QUEST,San Antonio,claude-opus-5,1,st_emp_impact,employment,-2.4,-2.4,match,-2.4,-2.4,
quest,Project QUEST,San Antonio,claude-opus-5,1,st_emp_se,employment,3.5,3.5,match,3.5,3.5,
quest,Project QUEST,San Antonio,claude-opus-5,1,st_emp_stars,employment,,ns,match,ns,ns,
quest,Project QUEST,San Antonio,claude-opus-5,1,st_emp_control_mean,employment,,75.6,extra_value,,75.6,
quest,Project QUEST,San Antonio,claude-opus-5,1,mt_emp_impact,employment,-2.8,-2.8,match,-2.8,-2.8,
quest,Project QUEST,San Antonio,claude-opus-5,1,mt_emp_se,employment,3.8,3.8,match,3.8,3.8,
quest,Project QUEST,San Antonio,claude-opus-5,1,mt_emp_stars,employment,,ns,match,ns,ns,
quest,Project QUEST,San Antonio,claude-opus-5,1,mt_emp_control_mean,employment,,76.9,extra_value,,76.9,
quest,Project QUEST,San Antonio,claude-opus-5,1,lt_emp_impact,employment,4.0,2.3,mismatch,4.0,2.3,
quest,Project QUEST,San Antonio,claude-opus-5,1,lt_emp_se,employment,,3.8,extra_value,,3.8,
quest,Project QUEST,San Antonio,claude-opus-5,1,lt_emp_stars,employment,,ns,match,ns,ns,
quest,Project QUEST,San Antonio,claude-opus-5,1,lt_emp_control_mean,employment,77.0,79.3,match,77.0,79.3,
quest,Project QUEST,San Antonio,claude-opus-5,1,st_earn_impact,earnings,-2905.0,-2905.0,match,-2905.0,-2905.0,"annualised (gold x1, model x1); raw match"
quest,Project QUEST,San Antonio,claude-opus-5,1,st_earn_se,earnings,962.0,962.0,match,962.0,962.0,"annualised (gold x1, model x1); raw match"
quest,Project QUEST,San Antonio,claude-opus-5,1,st_earn_stars,earnings,***,***,match,***,***,
quest,Project QUEST,San Antonio,claude-opus-5,1,st_earn_control_mean,earnings,13575.0,10670.0,mismatch,13575.0,10670.0,"annualised (gold x1, model x1); raw mismatch"
quest,Project QUEST,San Antonio,claude-opus-5,1,mt_earn_impact,earnings,-2866.0,-2866.0,match,-2866.0,-2866.0,"annualised (gold x1, model x1); raw match"
quest,Project QUEST,San Antonio,claude-opus-5,1,mt_earn_se,earnings,1238.0,1238.0,match,1238.0,1238.0,"annualised (gold x1, model x1); raw match"
quest,Project QUEST,San Antonio,claude-opus-5,1,mt_earn_stars,earnings,**,**,match,**,**,
quest,Project QUEST,San Antonio,claude-opus-5,1,mt_earn_control_mean,earnings,16215.0,13349.0,mismatch,16215.0,13349.0,"annualised (gold x1, model x1); raw mismatch"
quest,Project QUEST,San Antonio,claude-opus-5,1,lt_earn_impact,earnings,3509.0,4420.0,mismatch,3509.0,4420.0,"annualised (gold x1, model x1); raw mismatch"
quest,Project QUEST,San Antonio,claude-opus-5,1,lt_earn_se,earnings,1898.0,1900.0,match,1898.0,1900.0,"annualised (gold x1, model x1); raw match"
quest,Project QUEST,San Antonio,claude-opus-5,1,lt_earn_stars,earnings,*,**,mismatch,*,**,
quest,Project QUEST,San Antonio,claude-opus-5,1,lt_earn_control_mean,earnings,19671.0,19435.0,match,19671.0,19435.0,"annualised (gold x1, model x1); raw match"
quest,Project QUEST,San Antonio,claude-opus-5,1,cost_per_treated,cost,26705.0,12464.0,mismatch,26705.0,12464.0,
quest,Project QUEST,San Antonio,claude-opus-5,2,training_role,classification,primary,primary,match,primary,primary,
quest,Project QUEST,San Antonio,claude-opus-5,2,mandatory_voluntary,classification,voluntary,voluntary,match,voluntary,voluntary,
quest,Project QUEST,San Antonio,claude-opus-5,2,funding_public_private,classification,mixed,mixed,match,mixed,mixed,
quest,Project QUEST,San Antonio,claude-opus-5,2,admin_public_private,classification,private,private,match,private,private,
quest,Project QUEST,San Antonio,claude-opus-5,2,has_classroom,classification,1,True,match,True,True,
quest,Project QUEST,San Antonio,claude-opus-5,2,has_ojt,classification,0,False,match,False,False,
quest,Project QUEST,San Antonio,claude-opus-5,2,has_jsa,classification,1,True,match,True,True,
quest,Project QUEST,San Antonio,claude-opus-5,2,has_multiple_components,classification,1,True,match,True,True,
quest,Project QUEST,San Antonio,claude-opus-5,2,sector_program,classification,1,True,match,True,True,
quest,Project QUEST,San Antonio,claude-opus-5,2,randomization_period,design,April 2006 – October 2008,April 2006 - October 2008,match,"(2006, 4)-(2008, 10)","(2006, 4)-(2008, 10)",
quest,Project QUEST,San Antonio,claude-opus-5,2,n_treatment,design,207,207,match,207.0,207.0,
quest,Project QUEST,San Antonio,claude-opus-5,2,n_control,design,203,203,match,203.0,203.0,
quest,Project QUEST,San Antonio,claude-opus-5,2,outcome_data_source_type,design,Texas Workforce Commission UI wage records,ui_wage_records,match,ui_wage_records,ui_wage_records,
quest,Project QUEST,San Antonio,claude-opus-5,2,treatment_duration_months,design,12.4,,abstained,12.4,,
quest,Project QUEST,San Antonio,claude-opus-5,2,program_takeup_impact,design,8.1,,abstained,8.1,,
quest,Project QUEST,San Antonio,claude-opus-5,2,st_emp_impact,employment,-2.4,-2.4,match,-2.4,-2.4,
quest,Project QUEST,San Antonio,claude-opus-5,2,st_emp_se,employment,3.5,3.5,match,3.5,3.5,
quest,Project QUEST,San Antonio,claude-opus-5,2,st_emp_stars,employment,,ns,match,ns,ns,
quest,Project QUEST,San Antonio,claude-opus-5,2,st_emp_control_mean,employment,,75.6,extra_value,,75.6,
quest,Project QUEST,San Antonio,claude-opus-5,2,mt_emp_impact,employment,-2.8,-2.8,match,-2.8,-2.8,
quest,Project QUEST,San Antonio,claude-opus-5,2,mt_emp_se,employment,3.8,3.8,match,3.8,3.8,
quest,Project QUEST,San Antonio,claude-opus-5,2,mt_emp_stars,employment,,ns,match,ns,ns,
quest,Project QUEST,San Antonio,claude-opus-5,2,mt_emp_control_mean,employment,,76.9,extra_value,,76.9,
quest,Project QUEST,San Antonio,claude-opus-5,2,lt_emp_impact,employment,4.0,2.3,mismatch,4.0,2.3,
quest,Project QUEST,San Antonio,claude-opus-5,2,lt_emp_se,employment,,3.8,extra_value,,3.8,
quest,Project QUEST,San Antonio,claude-opus-5,2,lt_emp_stars,employment,,ns,match,ns,ns,
quest,Project QUEST,San Antonio,claude-opus-5,2,lt_emp_control_mean,employment,77.0,79.3,match,77.0,79.3,
quest,Project QUEST,San Antonio,claude-opus-5,2,st_earn_impact,earnings,-2905.0,-2905.0,match,-2905.0,-2905.0,"annualised (gold x1, model x1); raw match"
quest,Project QUEST,San Antonio,claude-opus-5,2,st_earn_se,earnings,962.0,962.0,match,962.0,962.0,"annualised (gold x1, model x1); raw match"
quest,Project QUEST,San Antonio,claude-opus-5,2,st_earn_stars,earnings,***,***,match,***,***,
quest,Project QUEST,San Antonio,claude-opus-5,2,st_earn_control_mean,earnings,13575.0,10670.0,mismatch,13575.0,10670.0,"annualised (gold x1, model x1); raw mismatch"
quest,Project QUEST,San Antonio,claude-opus-5,2,mt_earn_impact,earnings,-2866.0,-2866.0,match,-2866.0,-2866.0,"annualised (gold x1, model x1); raw match"
quest,Project QUEST,San Antonio,claude-opus-5,2,mt_earn_se,earnings,1238.0,1238.0,match,1238.0,1238.0,"annualised (gold x1, model x1); raw match"
quest,Project QUEST,San Antonio,claude-opus-5,2,mt_earn_stars,earnings,**,**,match,**,**,
quest,Project QUEST,San Antonio,claude-opus-5,2,mt_earn_control_mean,earnings,16215.0,13349.0,mismatch,16215.0,13349.0,"annualised (gold x1, model x1); raw mismatch"
quest,Project QUEST,San Antonio,claude-opus-5,2,lt_earn_impact,earnings,3509.0,4420.0,mismatch,3509.0,4420.0,"annualised (gold x1, model x1); raw mismatch"
quest,Project QUEST,San Antonio,claude-opus-5,2,lt_earn_se,earnings,1898.0,1900.0,match,1898.0,1900.0,"annualised (gold x1, model x1); raw match"
quest,Project QUEST,San Antonio,claude-opus-5,2,lt_earn_stars,earnings,*,**,mismatch,*,**,
quest,Project QUEST,San Antonio,claude-opus-5,2,lt_earn_control_mean,earnings,19671.0,19435.0,match,19671.0,19435.0,"annualised (gold x1, model x1); raw match"
quest,Project QUEST,San Antonio,claude-opus-5,2,cost_per_treated,cost,26705.0,12464.0,mismatch,26705.0,12464.0,
quest,Project QUEST,San Antonio,deepseek-v4.1-flash,1,training_role,classification,primary,primary,match,primary,primary,
quest,Project QUEST,San Antonio,deepseek-v4.1-flash,1,mandatory_voluntary,classification,voluntary,voluntary,match,voluntary,voluntary,
quest,Project QUEST,San Antonio,deepseek-v4.1-flash,1,funding_public_private,classification,mixed,mixed,match,mixed,mixed,
quest,Project QUEST,San Antonio,deepseek-v4.1-flash,1,admin_public_private,classification,private,private,match,private,private,
quest,Project QUEST,San Antonio,deepseek-v4.1-flash,1,has_classroom,classification,1,True,match,True,True,
quest,Project QUEST,San Antonio,deepseek-v4.1-flash,1,has_ojt,classification,0,False,match,False,False,
quest,Project QUEST,San Antonio,deepseek-v4.1-flash,1,has_jsa,classification,1,True,match,True,True,
quest,Project QUEST,San Antonio,deepseek-v4.1-flash,1,has_multiple_components,classification,1,True,match,True,True,
quest,Project QUEST,San Antonio,deepseek-v4.1-flash,1,sector_program,classification,1,True,match,True,True,
quest,Project QUEST,San Antonio,deepseek-v4.1-flash,1,randomization_period,design,April 2006 – October 2008,April 2006 - October 2008,match,"(2006, 4)-(2008, 10)","(2006, 4)-(2008, 10)",
quest,Project QUEST,San Antonio,deepseek-v4.1-flash,1,n_treatment,design,207,207,match,207.0,207.0,
quest,Project QUEST,San Antonio,deepseek-v4.1-flash,1,n_control,design,203,203,match,203.0,203.0,
quest,Project QUEST,San Antonio,deepseek-v4.1-flash,1,outcome_data_source_type,design,Texas Workforce Commission UI wage records,ui_wage_records,match,ui_wage_records,ui_wage_records,
quest,Project QUEST,San Antonio,deepseek-v4.1-flash,1,treatment_duration_months,design,12.4,,abstained,12.4,,
quest,Project QUEST,San Antonio,deepseek-v4.1-flash,1,program_takeup_impact,design,8.1,,abstained,8.1,,
quest,Project QUEST,San Antonio,deepseek-v4.1-flash,1,st_emp_impact,employment,-2.4,-2.4,match,-2.4,-2.4,
quest,Project QUEST,San Antonio,deepseek-v4.1-flash,1,st_emp_se,employment,3.5,3.5,match,3.5,3.5,
quest,Project QUEST,San Antonio,deepseek-v4.1-flash,1,st_emp_stars,employment,,ns,match,ns,ns,
quest,Project QUEST,San Antonio,deepseek-v4.1-flash,1,st_emp_control_mean,employment,,78.0,extra_value,,78.0,
quest,Project QUEST,San Antonio,deepseek-v4.1-flash,1,mt_emp_impact,employment,-2.8,-2.8,match,-2.8,-2.8,
quest,Project QUEST,San Antonio,deepseek-v4.1-flash,1,mt_emp_se,employment,3.8,3.8,match,3.8,3.8,
quest,Project QUEST,San Antonio,deepseek-v4.1-flash,1,mt_emp_stars,employment,,ns,match,ns,ns,
quest,Project QUEST,San Antonio,deepseek-v4.1-flash,1,mt_emp_control_mean,employment,,79.7,extra_value,,79.7,
quest,Project QUEST,San Antonio,deepseek-v4.1-flash,1,lt_emp_impact,employment,4.0,2.3,mismatch,4.0,2.3,
quest,Project QUEST,San Antonio,deepseek-v4.1-flash,1,lt_emp_se,employment,,3.8,extra_value,,3.8,
quest,Project QUEST,San Antonio,deepseek-v4.1-flash,1,lt_emp_stars,employment,,ns,match,ns,ns,
quest,Project QUEST,San Antonio,deepseek-v4.1-flash,1,lt_emp_control_mean,employment,77.0,79.3,match,77.0,79.3,
quest,Project QUEST,San Antonio,deepseek-v4.1-flash,1,st_earn_impact,earnings,-2905.0,-2905.0,match,-2905.0,-2905.0,"annualised (gold x1, model x1); raw match"
quest,Project QUEST,San Antonio,deepseek-v4.1-flash,1,st_earn_se,earnings,962.0,962.0,match,962.0,962.0,"annualised (gold x1, model x1); raw match"
quest,Project QUEST,San Antonio,deepseek-v4.1-flash,1,st_earn_stars,earnings,***,***,match,***,***,
quest,Project QUEST,San Antonio,deepseek-v4.1-flash,1,st_earn_control_mean,earnings,13575.0,13575.0,match,13575.0,13575.0,"annualised (gold x1, model x1); raw match"
quest,Project QUEST,San Antonio,deepseek-v4.1-flash,1,mt_earn_impact,earnings,-2866.0,-2866.0,match,-2866.0,-2866.0,"annualised (gold x1, model x1); raw match"
quest,Project QUEST,San Antonio,deepseek-v4.1-flash,1,mt_earn_se,earnings,1238.0,1238.0,match,1238.0,1238.0,"annualised (gold x1, model x1); raw match"
quest,Project QUEST,San Antonio,deepseek-v4.1-flash,1,mt_earn_stars,earnings,**,**,match,**,**,
quest,Project QUEST,San Antonio,deepseek-v4.1-flash,1,mt_earn_control_mean,earnings,16215.0,16215.0,match,16215.0,16215.0,"annualised (gold x1, model x1); raw match"
quest,Project QUEST,San Antonio,deepseek-v4.1-flash,1,lt_earn_impact,earnings,3509.0,4420.0,mismatch,3509.0,4420.0,"annualised (gold x1, model x1); raw mismatch"
quest,Project QUEST,San Antonio,deepseek-v4.1-flash,1,lt_earn_se,earnings,1898.0,1900.0,match,1898.0,1900.0,"annualised (gold x1, model x1); raw match"
quest,Project QUEST,San Antonio,deepseek-v4.1-flash,1,lt_earn_stars,earnings,*,**,mismatch,*,**,
quest,Project QUEST,San Antonio,deepseek-v4.1-flash,1,lt_earn_control_mean,earnings,19671.0,19435.0,match,19671.0,19435.0,"annualised (gold x1, model x1); raw match"
quest,Project QUEST,San Antonio,deepseek-v4.1-flash,1,cost_per_treated,cost,26705.0,12464.0,mismatch,26705.0,12464.0,
quest,Project QUEST,San Antonio,deepseek-v4.1-flash,2,training_role,classification,primary,primary,match,primary,primary,
quest,Project QUEST,San Antonio,deepseek-v4.1-flash,2,mandatory_voluntary,classification,voluntary,voluntary,match,voluntary,voluntary,
quest,Project QUEST,San Antonio,deepseek-v4.1-flash,2,funding_public_private,classification,mixed,mixed,match,mixed,mixed,
quest,Project QUEST,San Antonio,deepseek-v4.1-flash,2,admin_public_private,classification,private,private,match,private,private,
quest,Project QUEST,San Antonio,deepseek-v4.1-flash,2,has_classroom,classification,1,True,match,True,True,
quest,Project QUEST,San Antonio,deepseek-v4.1-flash,2,has_ojt,classification,0,False,match,False,False,
quest,Project QUEST,San Antonio,deepseek-v4.1-flash,2,has_jsa,classification,1,True,match,True,True,
quest,Project QUEST,San Antonio,deepseek-v4.1-flash,2,has_multiple_components,classification,1,True,match,True,True,
quest,Project QUEST,San Antonio,deepseek-v4.1-flash,2,sector_program,classification,1,True,match,True,True,
quest,Project QUEST,San Antonio,deepseek-v4.1-flash,2,randomization_period,design,April 2006 – October 2008,April 2006 - October 2008,match,"(2006, 4)-(2008, 10)","(2006, 4)-(2008, 10)",
quest,Project QUEST,San Antonio,deepseek-v4.1-flash,2,n_treatment,design,207,207,match,207.0,207.0,
quest,Project QUEST,San Antonio,deepseek-v4.1-flash,2,n_control,design,203,203,match,203.0,203.0,
quest,Project QUEST,San Antonio,deepseek-v4.1-flash,2,outcome_data_source_type,design,Texas Workforce Commission UI wage records,ui_wage_records,match,ui_wage_records,ui_wage_records,
quest,Project QUEST,San Antonio,deepseek-v4.1-flash,2,treatment_duration_months,design,12.4,,abstained,12.4,,
quest,Project QUEST,San Antonio,deepseek-v4.1-flash,2,program_takeup_impact,design,8.1,,abstained,8.1,,
quest,Project QUEST,San Antonio,deepseek-v4.1-flash,2,st_emp_impact,employment,-2.4,-2.4,match,-2.4,-2.4,
quest,Project QUEST,San Antonio,deepseek-v4.1-flash,2,st_emp_se,employment,3.5,3.5,match,3.5,3.5,
quest,Project QUEST,San Antonio,deepseek-v4.1-flash,2,st_emp_stars,employment,,ns,match,ns,ns,
quest,Project QUEST,San Antonio,deepseek-v4.1-flash,2,st_emp_control_mean,employment,,78.0,extra_value,,78.0,
quest,Project QUEST,San Antonio,deepseek-v4.1-flash,2,mt_emp_impact,employment,-2.8,-2.8,match,-2.8,-2.8,
quest,Project QUEST,San Antonio,deepseek-v4.1-flash,2,mt_emp_se,employment,3.8,3.8,match,3.8,3.8,
quest,Project QUEST,San Antonio,deepseek-v4.1-flash,2,mt_emp_stars,employment,,ns,match,ns,ns,
quest,Project QUEST,San Antonio,deepseek-v4.1-flash,2,mt_emp_control_mean,employment,,79.7,extra_value,,79.7,
quest,Project QUEST,San Antonio,deepseek-v4.1-flash,2,lt_emp_impact,employment,4.0,2.3,mismatch,4.0,2.3,
quest,Project QUEST,San Antonio,deepseek-v4.1-flash,2,lt_emp_se,employment,,3.8,extra_value,,3.8,
quest,Project QUEST,San Antonio,deepseek-v4.1-flash,2,lt_emp_stars,employment,,ns,match,ns,ns,
quest,Project QUEST,San Antonio,deepseek-v4.1-flash,2,lt_emp_control_mean,employment,77.0,79.3,match,77.0,79.3,
quest,Project QUEST,San Antonio,deepseek-v4.1-flash,2,st_earn_impact,earnings,-2905.0,-2905.0,match,-2905.0,-2905.0,"annualised (gold x1, model x1); raw match"
quest,Project QUEST,San Antonio,deepseek-v4.1-flash,2,st_earn_se,earnings,962.0,962.0,match,962.0,962.0,"annualised (gold x1, model x1); raw match"
quest,Project QUEST,San Antonio,deepseek-v4.1-flash,2,st_earn_stars,earnings,***,***,match,***,***,
quest,Project QUEST,San Antonio,deepseek-v4.1-flash,2,st_earn_control_mean,earnings,13575.0,13575.0,match,13575.0,13575.0,"annualised (gold x1, model x1); raw match"
quest,Project QUEST,San Antonio,deepseek-v4.1-flash,2,mt_earn_impact,earnings,-2866.0,-2866.0,match,-2866.0,-2866.0,"annualised (gold x1, model x1); raw match"
quest,Project QUEST,San Antonio,deepseek-v4.1-flash,2,mt_earn_se,earnings,1238.0,1238.0,match,1238.0,1238.0,"annualised (gold x1, model x1); raw match"
quest,Project QUEST,San Antonio,deepseek-v4.1-flash,2,mt_earn_stars,earnings,**,**,match,**,**,
quest,Project QUEST,San Antonio,deepseek-v4.1-flash,2,mt_earn_control_mean,earnings,16215.0,16215.0,match,16215.0,16215.0,"annualised (gold x1, model x1); raw match"
quest,Project QUEST,San Antonio,deepseek-v4.1-flash,2,lt_earn_impact,earnings,3509.0,4420.0,mismatch,3509.0,4420.0,"annualised (gold x1, model x1); raw mismatch"
quest,Project QUEST,San Antonio,deepseek-v4.1-flash,2,lt_earn_se,earnings,1898.0,1900.0,match,1898.0,1900.0,"annualised (gold x1, model x1); raw match"
quest,Project QUEST,San Antonio,deepseek-v4.1-flash,2,lt_earn_stars,earnings,*,**,mismatch,*,**,
quest,Project QUEST,San Antonio,deepseek-v4.1-flash,2,lt_earn_control_mean,earnings,19671.0,19435.0,match,19671.0,19435.0,"annualised (gold x1, model x1); raw match"
quest,Project QUEST,San Antonio,deepseek-v4.1-flash,2,cost_per_treated,cost,26705.0,12464.0,mismatch,26705.0,12464.0,
quest,Project QUEST,San Antonio,gemini-3.1-pro,1,training_role,classification,primary,primary,match,primary,primary,
quest,Project QUEST,San Antonio,gemini-3.1-pro,1,mandatory_voluntary,classification,voluntary,voluntary,match,voluntary,voluntary,
quest,Project QUEST,San Antonio,gemini-3.1-pro,1,funding_public_private,classification,mixed,mixed,match,mixed,mixed,
quest,Project QUEST,San Antonio,gemini-3.1-pro,1,admin_public_private,classification,private,private,match,private,private,
quest,Project QUEST,San Antonio,gemini-3.1-pro,1,has_classroom,classification,1,True,match,True,True,
quest,Project QUEST,San Antonio,gemini-3.1-pro,1,has_ojt,classification,0,False,match,False,False,
quest,Project QUEST,San Antonio,gemini-3.1-pro,1,has_jsa,classification,1,True,match,True,True,
quest,Project QUEST,San Antonio,gemini-3.1-pro,1,has_multiple_components,classification,1,True,match,True,True,
quest,Project QUEST,San Antonio,gemini-3.1-pro,1,sector_program,classification,1,True,match,True,True,
quest,Project QUEST,San Antonio,gemini-3.1-pro,1,randomization_period,design,April 2006 – October 2008,April 2006 - October 2008,match,"(2006, 4)-(2008, 10)","(2006, 4)-(2008, 10)",
quest,Project QUEST,San Antonio,gemini-3.1-pro,1,n_treatment,design,207,207,match,207.0,207.0,
quest,Project QUEST,San Antonio,gemini-3.1-pro,1,n_control,design,203,203,match,203.0,203.0,
quest,Project QUEST,San Antonio,gemini-3.1-pro,1,outcome_data_source_type,design,Texas Workforce Commission UI wage records,ui_wage_records,match,ui_wage_records,ui_wage_records,
quest,Project QUEST,San Antonio,gemini-3.1-pro,1,treatment_duration_months,design,12.4,,abstained,12.4,,
quest,Project QUEST,San Antonio,gemini-3.1-pro,1,program_takeup_impact,design,8.1,,abstained,8.1,,
quest,Project QUEST,San Antonio,gemini-3.1-pro,1,st_emp_impact,employment,-2.4,-2.4,match,-2.4,-2.4,
quest,Project QUEST,San Antonio,gemini-3.1-pro,1,st_emp_se,employment,3.5,3.5,match,3.5,3.5,
quest,Project QUEST,San Antonio,gemini-3.1-pro,1,st_emp_stars,employment,,ns,match,ns,ns,
quest,Project QUEST,San Antonio,gemini-3.1-pro,1,st_emp_control_mean,employment,,78.0,extra_value,,78.0,
quest,Project QUEST,San Antonio,gemini-3.1-pro,1,mt_emp_impact,employment,-2.8,-2.8,match,-2.8,-2.8,
quest,Project QUEST,San Antonio,gemini-3.1-pro,1,mt_emp_se,employment,3.8,3.8,match,3.8,3.8,
quest,Project QUEST,San Antonio,gemini-3.1-pro,1,mt_emp_stars,employment,,ns,match,ns,ns,
quest,Project QUEST,San Antonio,gemini-3.1-pro,1,mt_emp_control_mean,employment,,79.7,extra_value,,79.7,
quest,Project QUEST,San Antonio,gemini-3.1-pro,1,lt_emp_impact,employment,4.0,2.3,mismatch,4.0,2.3,
quest,Project QUEST,San Antonio,gemini-3.1-pro,1,lt_emp_se,employment,,3.8,extra_value,,3.8,
quest,Project QUEST,San Antonio,gemini-3.1-pro,1,lt_emp_stars,employment,,ns,match,ns,ns,
quest,Project QUEST,San Antonio,gemini-3.1-pro,1,lt_emp_control_mean,employment,77.0,79.3,match,77.0,79.3,
quest,Project QUEST,San Antonio,gemini-3.1-pro,1,st_earn_impact,earnings,-2905.0,-2905.0,match,-2905.0,-2905.0,"annualised (gold x1, model x1); raw match"
quest,Project QUEST,San Antonio,gemini-3.1-pro,1,st_earn_se,earnings,962.0,962.0,match,962.0,962.0,"annualised (gold x1, model x1); raw match"
quest,Project QUEST,San Antonio,gemini-3.1-pro,1,st_earn_stars,earnings,***,***,match,***,***,
quest,Project QUEST,San Antonio,gemini-3.1-pro,1,st_earn_control_mean,earnings,13575.0,13575.0,match,13575.0,13575.0,"annualised (gold x1, model x1); raw match"
quest,Project QUEST,San Antonio,gemini-3.1-pro,1,mt_earn_impact,earnings,-2866.0,-2866.0,match,-2866.0,-2866.0,"annualised (gold x1, model x1); raw match"
quest,Project QUEST,San Antonio,gemini-3.1-pro,1,mt_earn_se,earnings,1238.0,1238.0,match,1238.0,1238.0,"annualised (gold x1, model x1); raw match"
quest,Project QUEST,San Antonio,gemini-3.1-pro,1,mt_earn_stars,earnings,**,**,match,**,**,
quest,Project QUEST,San Antonio,gemini-3.1-pro,1,mt_earn_control_mean,earnings,16215.0,16215.0,match,16215.0,16215.0,"annualised (gold x1, model x1); raw match"
quest,Project QUEST,San Antonio,gemini-3.1-pro,1,lt_earn_impact,earnings,3509.0,4420.0,mismatch,3509.0,4420.0,"annualised (gold x1, model x1); raw mismatch"
quest,Project QUEST,San Antonio,gemini-3.1-pro,1,lt_earn_se,earnings,1898.0,1900.0,match,1898.0,1900.0,"annualised (gold x1, model x1); raw match"
quest,Project QUEST,San Antonio,gemini-3.1-pro,1,lt_earn_stars,earnings,*,**,mismatch,*,**,
quest,Project QUEST,San Antonio,gemini-3.1-pro,1,lt_earn_control_mean,earnings,19671.0,21684.0,mismatch,19671.0,21684.0,"annualised (gold x1, model x1); raw mismatch"
quest,Project QUEST,San Antonio,gemini-3.1-pro,1,cost_per_treated,cost,26705.0,12464.0,mismatch,26705.0,12464.0,
quest,Project QUEST,San Antonio,gemini-3.1-pro,2,training_role,classification,primary,primary,match,primary,primary,
quest,Project QUEST,San Antonio,gemini-3.1-pro,2,mandatory_voluntary,classification,voluntary,voluntary,match,voluntary,voluntary,
quest,Project QUEST,San Antonio,gemini-3.1-pro,2,funding_public_private,classification,mixed,mixed,match,mixed,mixed,
quest,Project QUEST,San Antonio,gemini-3.1-pro,2,admin_public_private,classification,private,private,match,private,private,
quest,Project QUEST,San Antonio,gemini-3.1-pro,2,has_classroom,classification,1,True,match,True,True,
quest,Project QUEST,San Antonio,gemini-3.1-pro,2,has_ojt,classification,0,False,match,False,False,
quest,Project QUEST,San Antonio,gemini-3.1-pro,2,has_jsa,classification,1,True,match,True,True,
quest,Project QUEST,San Antonio,gemini-3.1-pro,2,has_multiple_components,classification,1,True,match,True,True,
quest,Project QUEST,San Antonio,gemini-3.1-pro,2,sector_program,classification,1,True,match,True,True,
quest,Project QUEST,San Antonio,gemini-3.1-pro,2,randomization_period,design,April 2006 – October 2008,April 2006 - October 2008,match,"(2006, 4)-(2008, 10)","(2006, 4)-(2008, 10)",
quest,Project QUEST,San Antonio,gemini-3.1-pro,2,n_treatment,design,207,207,match,207.0,207.0,
quest,Project QUEST,San Antonio,gemini-3.1-pro,2,n_control,design,203,203,match,203.0,203.0,
quest,Project QUEST,San Antonio,gemini-3.1-pro,2,outcome_data_source_type,design,Texas Workforce Commission UI wage records,ui_wage_records,match,ui_wage_records,ui_wage_records,
quest,Project QUEST,San Antonio,gemini-3.1-pro,2,treatment_duration_months,design,12.4,,abstained,12.4,,
quest,Project QUEST,San Antonio,gemini-3.1-pro,2,program_takeup_impact,design,8.1,,abstained,8.1,,
quest,Project QUEST,San Antonio,gemini-3.1-pro,2,st_emp_impact,employment,-2.4,-2.4,match,-2.4,-2.4,
quest,Project QUEST,San Antonio,gemini-3.1-pro,2,st_emp_se,employment,3.5,3.5,match,3.5,3.5,
quest,Project QUEST,San Antonio,gemini-3.1-pro,2,st_emp_stars,employment,,ns,match,ns,ns,
quest,Project QUEST,San Antonio,gemini-3.1-pro,2,st_emp_control_mean,employment,,78.0,extra_value,,78.0,
quest,Project QUEST,San Antonio,gemini-3.1-pro,2,mt_emp_impact,employment,-2.8,-2.8,match,-2.8,-2.8,
quest,Project QUEST,San Antonio,gemini-3.1-pro,2,mt_emp_se,employment,3.8,3.8,match,3.8,3.8,
quest,Project QUEST,San Antonio,gemini-3.1-pro,2,mt_emp_stars,employment,,ns,match,ns,ns,
quest,Project QUEST,San Antonio,gemini-3.1-pro,2,mt_emp_control_mean,employment,,79.7,extra_value,,79.7,
quest,Project QUEST,San Antonio,gemini-3.1-pro,2,lt_emp_impact,employment,4.0,2.3,mismatch,4.0,2.3,
quest,Project QUEST,San Antonio,gemini-3.1-pro,2,lt_emp_se,employment,,3.8,extra_value,,3.8,
quest,Project QUEST,San Antonio,gemini-3.1-pro,2,lt_emp_stars,employment,,ns,match,ns,ns,
quest,Project QUEST,San Antonio,gemini-3.1-pro,2,lt_emp_control_mean,employment,77.0,79.3,match,77.0,79.3,
quest,Project QUEST,San Antonio,gemini-3.1-pro,2,st_earn_impact,earnings,-2905.0,-2905.0,match,-2905.0,-2905.0,"annualised (gold x1, model x1); raw match"
quest,Project QUEST,San Antonio,gemini-3.1-pro,2,st_earn_se,earnings,962.0,962.0,match,962.0,962.0,"annualised (gold x1, model x1); raw match"
quest,Project QUEST,San Antonio,gemini-3.1-pro,2,st_earn_stars,earnings,***,***,match,***,***,
quest,Project QUEST,San Antonio,gemini-3.1-pro,2,st_earn_control_mean,earnings,13575.0,13575.0,match,13575.0,13575.0,"annualised (gold x1, model x1); raw match"
quest,Project QUEST,San Antonio,gemini-3.1-pro,2,mt_earn_impact,earnings,-2866.0,-2866.0,match,-2866.0,-2866.0,"annualised (gold x1, model x1); raw match"
quest,Project QUEST,San Antonio,gemini-3.1-pro,2,mt_earn_se,earnings,1238.0,1238.0,match,1238.0,1238.0,"annualised (gold x1, model x1); raw match"
quest,Project QUEST,San Antonio,gemini-3.1-pro,2,mt_earn_stars,earnings,**,**,match,**,**,
quest,Project QUEST,San Antonio,gemini-3.1-pro,2,mt_earn_control_mean,earnings,16215.0,16215.0,match,16215.0,16215.0,"annualised (gold x1, model x1); raw match"
quest,Project QUEST,San Antonio,gemini-3.1-pro,2,lt_earn_impact,earnings,3509.0,4420.0,mismatch,3509.0,4420.0,"annualised (gold x1, model x1); raw mismatch"
quest,Project QUEST,San Antonio,gemini-3.1-pro,2,lt_earn_se,earnings,1898.0,1900.0,match,1898.0,1900.0,"annualised (gold x1, model x1); raw match"
quest,Project QUEST,San Antonio,gemini-3.1-pro,2,lt_earn_stars,earnings,*,**,mismatch,*,**,
quest,Project QUEST,San Antonio,gemini-3.1-pro,2,lt_earn_control_mean,earnings,19671.0,21684.0,mismatch,19671.0,21684.0,"annualised (gold x1, model x1); raw mismatch"
quest,Project QUEST,San Antonio,gemini-3.1-pro,2,cost_per_treated,cost,26705.0,12464.0,mismatch,26705.0,12464.0,
quest,Project QUEST,San Antonio,gemini-3.8-flash,1,training_role,classification,primary,primary,match,primary,primary,
quest,Project QUEST,San Antonio,gemini-3.8-flash,1,mandatory_voluntary,classification,voluntary,voluntary,match,voluntary,voluntary,
quest,Project QUEST,San Antonio,gemini-3.8-flash,1,funding_public_private,classification,mixed,mixed,match,mixed,mixed,
quest,Project QUEST,San Antonio,gemini-3.8-flash,1,admin_public_private,classification,private,private,match,private,private,
quest,Project QUEST,San Antonio,gemini-3.8-flash,1,has_classroom,classification,1,True,match,True,True,
quest,Project QUEST,San Antonio,gemini-3.8-flash,1,has_ojt,classification,0,False,match,False,False,
quest,Project QUEST,San Antonio,gemini-3.8-flash,1,has_jsa,classification,1,True,match,True,True,
quest,Project QUEST,San Antonio,gemini-3.8-flash,1,has_multiple_components,classification,1,True,match,True,True,
quest,Project QUEST,San Antonio,gemini-3.8-flash,1,sector_program,classification,1,True,match,True,True,
quest,Project QUEST,San Antonio,gemini-3.8-flash,1,randomization_period,design,April 2006 – October 2008,April 2006 - October 2008,match,"(2006, 4)-(2008, 10)","(2006, 4)-(2008, 10)",
quest,Project QUEST,San Antonio,gemini-3.8-flash,1,n_treatment,design,207,207,match,207.0,207.0,
quest,Project QUEST,San Antonio,gemini-3.8-flash,1,n_control,design,203,203,match,203.0,203.0,
quest,Project QUEST,San Antonio,gemini-3.8-flash,1,outcome_data_source_type,design,Texas Workforce Commission UI wage records,ui_wage_records,match,ui_wage_records,ui_wage_records,
quest,Project QUEST,San Antonio,gemini-3.8-flash,1,treatment_duration_months,design,12.4,,abstained,12.4,,
quest,Project QUEST,San Antonio,gemini-3.8-flash,1,program_takeup_impact,design,8.1,,abstained,8.1,,
quest,Project QUEST,San Antonio,gemini-3.8-flash,1,st_emp_impact,employment,-2.4,-2.4,match,-2.4,-2.4,
quest,Project QUEST,San Antonio,gemini-3.8-flash,1,st_emp_se,employment,3.5,3.5,match,3.5,3.5,
quest,Project QUEST,San Antonio,gemini-3.8-flash,1,st_emp_stars,employment,,ns,match,ns,ns,
quest,Project QUEST,San Antonio,gemini-3.8-flash,1,st_emp_control_mean,employment,,78.0,extra_value,,78.0,
quest,Project QUEST,San Antonio,gemini-3.8-flash,1,mt_emp_impact,employment,-2.8,-2.8,match,-2.8,-2.8,
quest,Project QUEST,San Antonio,gemini-3.8-flash,1,mt_emp_se,employment,3.8,3.8,match,3.8,3.8,
quest,Project QUEST,San Antonio,gemini-3.8-flash,1,mt_emp_stars,employment,,ns,match,ns,ns,
quest,Project QUEST,San Antonio,gemini-3.8-flash,1,mt_emp_control_mean,employment,,79.7,extra_value,,79.7,
quest,Project QUEST,San Antonio,gemini-3.8-flash,1,lt_emp_impact,employment,4.0,2.3,mismatch,4.0,2.3,
quest,Project QUEST,San Antonio,gemini-3.8-flash,1,lt_emp_se,employment,,3.8,extra_value,,3.8,
quest,Project QUEST,San Antonio,gemini-3.8-flash,1,lt_emp_stars,employment,,ns,match,ns,ns,
quest,Project QUEST,San Antonio,gemini-3.8-flash,1,lt_emp_control_mean,employment,77.0,79.3,match,77.0,79.3,
quest,Project QUEST,San Antonio,gemini-3.8-flash,1,st_earn_impact,earnings,-2905.0,-2905.0,match,-2905.0,-2905.0,"annualised (gold x1, model x1); raw match"
quest,Project QUEST,San Antonio,gemini-3.8-flash,1,st_earn_se,earnings,962.0,962.0,match,962.0,962.0,"annualised (gold x1, model x1); raw match"
quest,Project QUEST,San Antonio,gemini-3.8-flash,1,st_earn_stars,earnings,***,***,match,***,***,
quest,Project QUEST,San Antonio,gemini-3.8-flash,1,st_earn_control_mean,earnings,13575.0,13575.0,match,13575.0,13575.0,"annualised (gold x1, model x1); raw match"
quest,Project QUEST,San Antonio,gemini-3.8-flash,1,mt_earn_impact,earnings,-2866.0,-2866.0,match,-2866.0,-2866.0,"annualised (gold x1, model x1); raw match"
quest,Project QUEST,San Antonio,gemini-3.8-flash,1,mt_earn_se,earnings,1238.0,1238.0,match,1238.0,1238.0,"annualised (gold x1, model x1); raw match"
quest,Project QUEST,San Antonio,gemini-3.8-flash,1,mt_earn_stars,earnings,**,**,match,**,**,
quest,Project QUEST,San Antonio,gemini-3.8-flash,1,mt_earn_control_mean,earnings,16215.0,16215.0,match,16215.0,16215.0,"annualised (gold x1, model x1); raw match"
quest,Project QUEST,San Antonio,gemini-3.8-flash,1,lt_earn_impact,earnings,3509.0,4420.0,mismatch,3509.0,4420.0,"annualised (gold x1, model x1); raw mismatch"
quest,Project QUEST,San Antonio,gemini-3.8-flash,1,lt_earn_se,earnings,1898.0,1900.0,match,1898.0,1900.0,"annualised (gold x1, model x1); raw match"
quest,Project QUEST,San Antonio,gemini-3.8-flash,1,lt_earn_stars,earnings,*,**,mismatch,*,**,
quest,Project QUEST,San Antonio,gemini-3.8-flash,1,lt_earn_control_mean,earnings,19671.0,19435.0,match,19671.0,19435.0,"annualised (gold x1, model x1); raw match"
quest,Project QUEST,San Antonio,gemini-3.8-flash,1,cost_per_treated,cost,26705.0,12464.0,mismatch,26705.0,12464.0,
quest,Project QUEST,San Antonio,gemini-3.8-flash,2,training_role,classification,primary,primary,match,primary,primary,
quest,Project QUEST,San Antonio,gemini-3.8-flash,2,mandatory_voluntary,classification,voluntary,voluntary,match,voluntary,voluntary,
quest,Project QUEST,San Antonio,gemini-3.8-flash,2,funding_public_private,classification,mixed,mixed,match,mixed,mixed,
quest,Project QUEST,San Antonio,gemini-3.8-flash,2,admin_public_private,classification,private,private,match,private,private,
quest,Project QUEST,San Antonio,gemini-3.8-flash,2,has_classroom,classification,1,True,match,True,True,
quest,Project QUEST,San Antonio,gemini-3.8-flash,2,has_ojt,classification,0,False,match,False,False,
quest,Project QUEST,San Antonio,gemini-3.8-flash,2,has_jsa,classification,1,True,match,True,True,
quest,Project QUEST,San Antonio,gemini-3.8-flash,2,has_multiple_components,classification,1,True,match,True,True,
quest,Project QUEST,San Antonio,gemini-3.8-flash,2,sector_program,classification,1,True,match,True,True,
quest,Project QUEST,San Antonio,gemini-3.8-flash,2,randomization_period,design,April 2006 – October 2008,April 2006 - October 2008,match,"(2006, 4)-(2008, 10)","(2006, 4)-(2008, 10)",
quest,Project QUEST,San Antonio,gemini-3.8-flash,2,n_treatment,design,207,207,match,207.0,207.0,
quest,Project QUEST,San Antonio,gemini-3.8-flash,2,n_control,design,203,203,match,203.0,203.0,
quest,Project QUEST,San Antonio,gemini-3.8-flash,2,outcome_data_source_type,design,Texas Workforce Commission UI wage records,ui_wage_records,match,ui_wage_records,ui_wage_records,
quest,Project QUEST,San Antonio,gemini-3.8-flash,2,treatment_duration_months,design,12.4,,abstained,12.4,,
quest,Project QUEST,San Antonio,gemini-3.8-flash,2,program_takeup_impact,design,8.1,,abstained,8.1,,
quest,Project QUEST,San Antonio,gemini-3.8-flash,2,st_emp_impact,employment,-2.4,-2.4,match,-2.4,-2.4,
quest,Project QUEST,San Antonio,gemini-3.8-flash,2,st_emp_se,employment,3.5,3.5,match,3.5,3.5,
quest,Project QUEST,San Antonio,gemini-3.8-flash,2,st_emp_stars,employment,,ns,match,ns,ns,
quest,Project QUEST,San Antonio,gemini-3.8-flash,2,st_emp_control_mean,employment,,78.0,extra_value,,78.0,
quest,Project QUEST,San Antonio,gemini-3.8-flash,2,mt_emp_impact,employment,-2.8,-2.8,match,-2.8,-2.8,
quest,Project QUEST,San Antonio,gemini-3.8-flash,2,mt_emp_se,employment,3.8,3.8,match,3.8,3.8,
quest,Project QUEST,San Antonio,gemini-3.8-flash,2,mt_emp_stars,employment,,ns,match,ns,ns,
quest,Project QUEST,San Antonio,gemini-3.8-flash,2,mt_emp_control_mean,employment,,79.7,extra_value,,79.7,
quest,Project QUEST,San Antonio,gemini-3.8-flash,2,lt_emp_impact,employment,4.0,2.3,mismatch,4.0,2.3,
quest,Project QUEST,San Antonio,gemini-3.8-flash,2,lt_emp_se,employment,,3.8,extra_value,,3.8,
quest,Project QUEST,San Antonio,gemini-3.8-flash,2,lt_emp_stars,employment,,ns,match,ns,ns,
quest,Project QUEST,San Antonio,gemini-3.8-flash,2,lt_emp_control_mean,employment,77.0,79.3,match,77.0,79.3,
quest,Project QUEST,San Antonio,gemini-3.8-flash,2,st_earn_impact,earnings,-2905.0,-2905.0,match,-2905.0,-2905.0,"annualised (gold x1, model x1); raw match"
quest,Project QUEST,San Antonio,gemini-3.8-flash,2,st_earn_se,earnings,962.0,962.0,match,962.0,962.0,"annualised (gold x1, model x1); raw match"
quest,Project QUEST,San Antonio,gemini-3.8-flash,2,st_earn_stars,earnings,***,***,match,***,***,
quest,Project QUEST,San Antonio,gemini-3.8-flash,2,st_earn_control_mean,earnings,13575.0,13575.0,match,13575.0,13575.0,"annualised (gold x1, model x1); raw match"
quest,Project QUEST,San Antonio,gemini-3.8-flash,2,mt_earn_impact,earnings,-2866.0,-2866.0,match,-2866.0,-2866.0,"annualised (gold x1, model x1); raw match"
quest,Project QUEST,San Antonio,gemini-3.8-flash,2,mt_earn_se,earnings,1238.0,1238.0,match,1238.0,1238.0,"annualised (gold x1, model x1); raw match"
quest,Project QUEST,San Antonio,gemini-3.8-flash,2,mt_earn_stars,earnings,**,**,match,**,**,
quest,Project QUEST,San Antonio,gemini-3.8-flash,2,mt_earn_control_mean,earnings,16215.0,16215.0,match,16215.0,16215.0,"annualised (gold x1, model x1); raw match"
quest,Project QUEST,San Antonio,gemini-3.8-flash,2,lt_earn_impact,earnings,3509.0,4420.0,mismatch,3509.0,4420.0,"annualised (gold x1, model x1); raw mismatch"
quest,Project QUEST,San Antonio,gemini-3.8-flash,2,lt_earn_se,earnings,1898.0,1900.0,match,1898.0,1900.0,"annualised (gold x1, model x1); raw match"
quest,Project QUEST,San Antonio,gemini-3.8-flash,2,lt_earn_stars,earnings,*,**,mismatch,*,**,
quest,Project QUEST,San Antonio,gemini-3.8-flash,2,lt_earn_control_mean,earnings,19671.0,19435.0,match,19671.0,19435.0,"annualised (gold x1, model x1); raw match"
quest,Project QUEST,San Antonio,gemini-3.8-flash,2,cost_per_treated,cost,26705.0,12464.0,mismatch,26705.0,12464.0,
quest,Project QUEST,San Antonio,gpt-5.6-terra,1,training_role,classification,primary,primary,match,primary,primary,
quest,Project QUEST,San Antonio,gpt-5.6-terra,1,mandatory_voluntary,classification,voluntary,voluntary,match,voluntary,voluntary,
quest,Project QUEST,San Antonio,gpt-5.6-terra,1,funding_public_private,classification,mixed,mixed,match,mixed,mixed,
quest,Project QUEST,San Antonio,gpt-5.6-terra,1,admin_public_private,classification,private,private,match,private,private,
quest,Project QUEST,San Antonio,gpt-5.6-terra,1,has_classroom,classification,1,True,match,True,True,
quest,Project QUEST,San Antonio,gpt-5.6-terra,1,has_ojt,classification,0,False,match,False,False,
quest,Project QUEST,San Antonio,gpt-5.6-terra,1,has_jsa,classification,1,True,match,True,True,
quest,Project QUEST,San Antonio,gpt-5.6-terra,1,has_multiple_components,classification,1,True,match,True,True,
quest,Project QUEST,San Antonio,gpt-5.6-terra,1,sector_program,classification,1,True,match,True,True,
quest,Project QUEST,San Antonio,gpt-5.6-terra,1,randomization_period,design,April 2006 – October 2008,April 2006 - October 2008,match,"(2006, 4)-(2008, 10)","(2006, 4)-(2008, 10)",
quest,Project QUEST,San Antonio,gpt-5.6-terra,1,n_treatment,design,207,207,match,207.0,207.0,
quest,Project QUEST,San Antonio,gpt-5.6-terra,1,n_control,design,203,203,match,203.0,203.0,
quest,Project QUEST,San Antonio,gpt-5.6-terra,1,outcome_data_source_type,design,Texas Workforce Commission UI wage records,ui_wage_records,match,ui_wage_records,ui_wage_records,
quest,Project QUEST,San Antonio,gpt-5.6-terra,1,treatment_duration_months,design,12.4,,abstained,12.4,,
quest,Project QUEST,San Antonio,gpt-5.6-terra,1,program_takeup_impact,design,8.1,,abstained,8.1,,
quest,Project QUEST,San Antonio,gpt-5.6-terra,1,st_emp_impact,employment,-2.4,-2.4,match,-2.4,-2.4,
quest,Project QUEST,San Antonio,gpt-5.6-terra,1,st_emp_se,employment,3.5,3.5,match,3.5,3.5,
quest,Project QUEST,San Antonio,gpt-5.6-terra,1,st_emp_stars,employment,,ns,match,ns,ns,
quest,Project QUEST,San Antonio,gpt-5.6-terra,1,st_emp_control_mean,employment,,78.0,extra_value,,78.0,
quest,Project QUEST,San Antonio,gpt-5.6-terra,1,mt_emp_impact,employment,-2.8,-2.8,match,-2.8,-2.8,
quest,Project QUEST,San Antonio,gpt-5.6-terra,1,mt_emp_se,employment,3.8,3.8,match,3.8,3.8,
quest,Project QUEST,San Antonio,gpt-5.6-terra,1,mt_emp_stars,employment,,ns,match,ns,ns,
quest,Project QUEST,San Antonio,gpt-5.6-terra,1,mt_emp_control_mean,employment,,79.7,extra_value,,79.7,
quest,Project QUEST,San Antonio,gpt-5.6-terra,1,lt_emp_impact,employment,4.0,2.3,mismatch,4.0,2.3,
quest,Project QUEST,San Antonio,gpt-5.6-terra,1,lt_emp_se,employment,,3.8,extra_value,,3.8,
quest,Project QUEST,San Antonio,gpt-5.6-terra,1,lt_emp_stars,employment,,ns,match,ns,ns,
quest,Project QUEST,San Antonio,gpt-5.6-terra,1,lt_emp_control_mean,employment,77.0,79.3,match,77.0,79.3,
quest,Project QUEST,San Antonio,gpt-5.6-terra,1,st_earn_impact,earnings,-2905.0,-2905.0,match,-2905.0,-2905.0,"annualised (gold x1, model x1); raw match"
quest,Project QUEST,San Antonio,gpt-5.6-terra,1,st_earn_se,earnings,962.0,962.0,match,962.0,962.0,"annualised (gold x1, model x1); raw match"
quest,Project QUEST,San Antonio,gpt-5.6-terra,1,st_earn_stars,earnings,***,***,match,***,***,
quest,Project QUEST,San Antonio,gpt-5.6-terra,1,st_earn_control_mean,earnings,13575.0,13575.0,match,13575.0,13575.0,"annualised (gold x1, model x1); raw match"
quest,Project QUEST,San Antonio,gpt-5.6-terra,1,mt_earn_impact,earnings,-2866.0,-2866.0,match,-2866.0,-2866.0,"annualised (gold x1, model x1); raw match"
quest,Project QUEST,San Antonio,gpt-5.6-terra,1,mt_earn_se,earnings,1238.0,1238.0,match,1238.0,1238.0,"annualised (gold x1, model x1); raw match"
quest,Project QUEST,San Antonio,gpt-5.6-terra,1,mt_earn_stars,earnings,**,**,match,**,**,
quest,Project QUEST,San Antonio,gpt-5.6-terra,1,mt_earn_control_mean,earnings,16215.0,16215.0,match,16215.0,16215.0,"annualised (gold x1, model x1); raw match"
quest,Project QUEST,San Antonio,gpt-5.6-terra,1,lt_earn_impact,earnings,3509.0,4420.0,mismatch,3509.0,4420.0,"annualised (gold x1, model x1); raw mismatch"
quest,Project QUEST,San Antonio,gpt-5.6-terra,1,lt_earn_se,earnings,1898.0,1900.0,match,1898.0,1900.0,"annualised (gold x1, model x1); raw match"
quest,Project QUEST,San Antonio,gpt-5.6-terra,1,lt_earn_stars,earnings,*,**,mismatch,*,**,
quest,Project QUEST,San Antonio,gpt-5.6-terra,1,lt_earn_control_mean,earnings,19671.0,19435.0,match,19671.0,19435.0,"annualised (gold x1, model x1); raw match"
quest,Project QUEST,San Antonio,gpt-5.6-terra,1,cost_per_treated,cost,26705.0,9669.0,mismatch,26705.0,9669.0,
quest,Project QUEST,San Antonio,gpt-5.6-terra,2,training_role,classification,primary,primary,match,primary,primary,
quest,Project QUEST,San Antonio,gpt-5.6-terra,2,mandatory_voluntary,classification,voluntary,voluntary,match,voluntary,voluntary,
quest,Project QUEST,San Antonio,gpt-5.6-terra,2,funding_public_private,classification,mixed,private,mismatch,mixed,private,
quest,Project QUEST,San Antonio,gpt-5.6-terra,2,admin_public_private,classification,private,private,match,private,private,
quest,Project QUEST,San Antonio,gpt-5.6-terra,2,has_classroom,classification,1,True,match,True,True,
quest,Project QUEST,San Antonio,gpt-5.6-terra,2,has_ojt,classification,0,False,match,False,False,
quest,Project QUEST,San Antonio,gpt-5.6-terra,2,has_jsa,classification,1,True,match,True,True,
quest,Project QUEST,San Antonio,gpt-5.6-terra,2,has_multiple_components,classification,1,True,match,True,True,
quest,Project QUEST,San Antonio,gpt-5.6-terra,2,sector_program,classification,1,True,match,True,True,
quest,Project QUEST,San Antonio,gpt-5.6-terra,2,randomization_period,design,April 2006 – October 2008,April 2006 - October 2008,match,"(2006, 4)-(2008, 10)","(2006, 4)-(2008, 10)",
quest,Project QUEST,San Antonio,gpt-5.6-terra,2,n_treatment,design,207,207,match,207.0,207.0,
quest,Project QUEST,San Antonio,gpt-5.6-terra,2,n_control,design,203,203,match,203.0,203.0,
quest,Project QUEST,San Antonio,gpt-5.6-terra,2,outcome_data_source_type,design,Texas Workforce Commission UI wage records,ui_wage_records,match,ui_wage_records,ui_wage_records,
quest,Project QUEST,San Antonio,gpt-5.6-terra,2,treatment_duration_months,design,12.4,,abstained,12.4,,
quest,Project QUEST,San Antonio,gpt-5.6-terra,2,program_takeup_impact,design,8.1,,abstained,8.1,,
quest,Project QUEST,San Antonio,gpt-5.6-terra,2,st_emp_impact,employment,-2.4,-2.4,match,-2.4,-2.4,
quest,Project QUEST,San Antonio,gpt-5.6-terra,2,st_emp_se,employment,3.5,3.5,match,3.5,3.5,
quest,Project QUEST,San Antonio,gpt-5.6-terra,2,st_emp_stars,employment,,ns,match,ns,ns,
quest,Project QUEST,San Antonio,gpt-5.6-terra,2,st_emp_control_mean,employment,,78.0,extra_value,,78.0,
quest,Project QUEST,San Antonio,gpt-5.6-terra,2,mt_emp_impact,employment,-2.8,-2.8,match,-2.8,-2.8,
quest,Project QUEST,San Antonio,gpt-5.6-terra,2,mt_emp_se,employment,3.8,3.8,match,3.8,3.8,
quest,Project QUEST,San Antonio,gpt-5.6-terra,2,mt_emp_stars,employment,,ns,match,ns,ns,
quest,Project QUEST,San Antonio,gpt-5.6-terra,2,mt_emp_control_mean,employment,,79.7,extra_value,,79.7,
quest,Project QUEST,San Antonio,gpt-5.6-terra,2,lt_emp_impact,employment,4.0,2.3,mismatch,4.0,2.3,
quest,Project QUEST,San Antonio,gpt-5.6-terra,2,lt_emp_se,employment,,3.8,extra_value,,3.8,
quest,Project QUEST,San Antonio,gpt-5.6-terra,2,lt_emp_stars,employment,,ns,match,ns,ns,
quest,Project QUEST,San Antonio,gpt-5.6-terra,2,lt_emp_control_mean,employment,77.0,79.3,match,77.0,79.3,
quest,Project QUEST,San Antonio,gpt-5.6-terra,2,st_earn_impact,earnings,-2905.0,-2905.0,match,-2905.0,-2905.0,"annualised (gold x1, model x1); raw match"
quest,Project QUEST,San Antonio,gpt-5.6-terra,2,st_earn_se,earnings,962.0,962.0,match,962.0,962.0,"annualised (gold x1, model x1); raw match"
quest,Project QUEST,San Antonio,gpt-5.6-terra,2,st_earn_stars,earnings,***,***,match,***,***,
quest,Project QUEST,San Antonio,gpt-5.6-terra,2,st_earn_control_mean,earnings,13575.0,13575.0,match,13575.0,13575.0,"annualised (gold x1, model x1); raw match"
quest,Project QUEST,San Antonio,gpt-5.6-terra,2,mt_earn_impact,earnings,-2866.0,-2866.0,match,-2866.0,-2866.0,"annualised (gold x1, model x1); raw match"
quest,Project QUEST,San Antonio,gpt-5.6-terra,2,mt_earn_se,earnings,1238.0,1238.0,match,1238.0,1238.0,"annualised (gold x1, model x1); raw match"
quest,Project QUEST,San Antonio,gpt-5.6-terra,2,mt_earn_stars,earnings,**,**,match,**,**,
quest,Project QUEST,San Antonio,gpt-5.6-terra,2,mt_earn_control_mean,earnings,16215.0,16215.0,match,16215.0,16215.0,"annualised (gold x1, model x1); raw match"
quest,Project QUEST,San Antonio,gpt-5.6-terra,2,lt_earn_impact,earnings,3509.0,4420.0,mismatch,3509.0,4420.0,"annualised (gold x1, model x1); raw mismatch"
quest,Project QUEST,San Antonio,gpt-5.6-terra,2,lt_earn_se,earnings,1898.0,1900.0,match,1898.0,1900.0,"annualised (gold x1, model x1); raw match"
quest,Project QUEST,San Antonio,gpt-5.6-terra,2,lt_earn_stars,earnings,*,**,mismatch,*,**,
quest,Project QUEST,San Antonio,gpt-5.6-terra,2,lt_earn_control_mean,earnings,19671.0,19435.0,match,19671.0,19435.0,"annualised (gold x1, model x1); raw match"
quest,Project QUEST,San Antonio,gpt-5.6-terra,2,cost_per_treated,cost,26705.0,9669.0,mismatch,26705.0,9669.0,
seis,Sectoral Employment Impact Study,JVS-Boston,deepseek-v4.1-flash,1,training_role,classification,primary,primary,match,primary,primary,
seis,Sectoral Employment Impact Study,JVS-Boston,deepseek-v4.1-flash,1,mandatory_voluntary,classification,voluntary,voluntary,match,voluntary,voluntary,
seis,Sectoral Employment Impact Study,JVS-Boston,deepseek-v4.1-flash,1,funding_public_private,classification,mixed,mixed,match,mixed,mixed,
seis,Sectoral Employment Impact Study,JVS-Boston,deepseek-v4.1-flash,1,admin_public_private,classification,private,private,match,private,private,
seis,Sectoral Employment Impact Study,JVS-Boston,deepseek-v4.1-flash,1,has_classroom,classification,1,True,match,True,True,
seis,Sectoral Employment Impact Study,JVS-Boston,deepseek-v4.1-flash,1,has_ojt,classification,0,True,mismatch,False,True,
seis,Sectoral Employment Impact Study,JVS-Boston,deepseek-v4.1-flash,1,has_jsa,classification,1,True,match,True,True,
seis,Sectoral Employment Impact Study,JVS-Boston,deepseek-v4.1-flash,1,has_multiple_components,classification,1,True,match,True,True,
seis,Sectoral Employment Impact Study,JVS-Boston,deepseek-v4.1-flash,1,sector_program,classification,1,True,match,True,True,
seis,Sectoral Employment Impact Study,JVS-Boston,deepseek-v4.1-flash,1,randomization_period,design,approximately 2003–2005,2003 - 2005,match,"(2003, None)-(2005, None)","(2003, None)-(2005, None)",
seis,Sectoral Employment Impact Study,JVS-Boston,deepseek-v4.1-flash,1,n_treatment,design,181,226,mismatch,181.0,226.0,
seis,Sectoral Employment Impact Study,JVS-Boston,deepseek-v4.1-flash,1,n_control,design,147,224,mismatch,147.0,224.0,
seis,Sectoral Employment Impact Study,JVS-Boston,deepseek-v4.1-flash,1,outcome_data_source_type,design,self-report (survey),ndnh,mismatch,survey,ndnh,
seis,Sectoral Employment Impact Study,JVS-Boston,deepseek-v4.1-flash,1,treatment_duration_months,design,5.2,5.2,match,5.2,5.2,
seis,Sectoral Employment Impact Study,JVS-Boston,deepseek-v4.1-flash,1,program_takeup_impact,design,74.0,,abstained,74.0,,
seis,Sectoral Employment Impact Study,JVS-Boston,deepseek-v4.1-flash,1,st_emp_impact,employment,-2.5,,abstained,-2.5,,
seis,Sectoral Employment Impact Study,JVS-Boston,deepseek-v4.1-flash,1,st_emp_se,employment,,,both_null,,,
seis,Sectoral Employment Impact Study,JVS-Boston,deepseek-v4.1-flash,1,st_emp_stars,employment,,,abstained,ns,,
seis,Sectoral Employment Impact Study,JVS-Boston,deepseek-v4.1-flash,1,st_emp_control_mean,employment,45.8,,abstained,45.8,,
seis,Sectoral Employment Impact Study,JVS-Boston,deepseek-v4.1-flash,1,mt_emp_impact,employment,10.0,10.0,match,10.0,10.0,
seis,Sectoral Employment Impact Study,JVS-Boston,deepseek-v4.1-flash,1,mt_emp_se,employment,,,both_null,,,
seis,Sectoral Employment Impact Study,JVS-Boston,deepseek-v4.1-flash,1,mt_emp_stars,employment,**,**,match,**,**,
seis,Sectoral Employment Impact Study,JVS-Boston,deepseek-v4.1-flash,1,mt_emp_control_mean,employment,72.0,72.0,match,72.0,72.0,
seis,Sectoral Employment Impact Study,JVS-Boston,deepseek-v4.1-flash,1,lt_emp_impact,employment,,,both_null,,,
seis,Sectoral Employment Impact Study,JVS-Boston,deepseek-v4.1-flash,1,lt_emp_se,employment,,,both_null,,,
seis,Sectoral Employment Impact Study,JVS-Boston,deepseek-v4.1-flash,1,lt_emp_stars,employment,,,both_null,,,
seis,Sectoral Employment Impact Study,JVS-Boston,deepseek-v4.1-flash,1,lt_emp_control_mean,employment,,,both_null,,,
seis,Sectoral Employment Impact Study,JVS-Boston,deepseek-v4.1-flash,1,st_earn_impact,earnings,102.0,,abstained,102.0,,
seis,Sectoral Employment Impact Study,JVS-Boston,deepseek-v4.1-flash,1,st_earn_se,earnings,,,both_null,,,
seis,Sectoral Employment Impact Study,JVS-Boston,deepseek-v4.1-flash,1,st_earn_stars,earnings,,,abstained,ns,,
seis,Sectoral Employment Impact Study,JVS-Boston,deepseek-v4.1-flash,1,st_earn_control_mean,earnings,8088.0,,abstained,8088.0,,
seis,Sectoral Employment Impact Study,JVS-Boston,deepseek-v4.1-flash,1,mt_earn_impact,earnings,4237.0,4237.0,match,4237.0,4237.0,"annualised (gold x1, model x1); raw match"
seis,Sectoral Employment Impact Study,JVS-Boston,deepseek-v4.1-flash,1,mt_earn_se,earnings,,,both_null,,,
seis,Sectoral Employment Impact Study,JVS-Boston,deepseek-v4.1-flash,1,mt_earn_stars,earnings,***,***,match,***,***,
seis,Sectoral Employment Impact Study,JVS-Boston,deepseek-v4.1-flash,1,mt_earn_control_mean,earnings,12098.0,12098.0,match,12098.0,12098.0,"annualised (gold x1, model x1); raw match"
seis,Sectoral Employment Impact Study,JVS-Boston,deepseek-v4.1-flash,1,lt_earn_impact,earnings,,,both_null,,,
seis,Sectoral Employment Impact Study,JVS-Boston,deepseek-v4.1-flash,1,lt_earn_se,earnings,,,both_null,,,
seis,Sectoral Employment Impact Study,JVS-Boston,deepseek-v4.1-flash,1,lt_earn_stars,earnings,,,both_null,,,
seis,Sectoral Employment Impact Study,JVS-Boston,deepseek-v4.1-flash,1,lt_earn_control_mean,earnings,,,both_null,,,
seis,Sectoral Employment Impact Study,JVS-Boston,deepseek-v4.1-flash,1,cost_per_treated,cost,,,both_null,,,
seis,Sectoral Employment Impact Study,WRTP (Milwaukee),deepseek-v4.1-flash,1,training_role,classification,primary,primary,match,primary,primary,
seis,Sectoral Employment Impact Study,WRTP (Milwaukee),deepseek-v4.1-flash,1,mandatory_voluntary,classification,voluntary,voluntary,match,voluntary,voluntary,
seis,Sectoral Employment Impact Study,WRTP (Milwaukee),deepseek-v4.1-flash,1,funding_public_private,classification,mixed,mixed,match,mixed,mixed,
seis,Sectoral Employment Impact Study,WRTP (Milwaukee),deepseek-v4.1-flash,1,admin_public_private,classification,private,private,match,private,private,
seis,Sectoral Employment Impact Study,WRTP (Milwaukee),deepseek-v4.1-flash,1,has_classroom,classification,1,True,match,True,True,
seis,Sectoral Employment Impact Study,WRTP (Milwaukee),deepseek-v4.1-flash,1,has_ojt,classification,0,False,match,False,False,
seis,Sectoral Employment Impact Study,WRTP (Milwaukee),deepseek-v4.1-flash,1,has_jsa,classification,1,True,match,True,True,
seis,Sectoral Employment Impact Study,WRTP (Milwaukee),deepseek-v4.1-flash,1,has_multiple_components,classification,1,True,match,True,True,
seis,Sectoral Employment Impact Study,WRTP (Milwaukee),deepseek-v4.1-flash,1,sector_program,classification,1,True,match,True,True,
seis,Sectoral Employment Impact Study,WRTP (Milwaukee),deepseek-v4.1-flash,1,randomization_period,design,approximately 2003–2005,2003 - 2005,match,"(2003, None)-(2005, None)","(2003, None)-(2005, None)",
seis,Sectoral Employment Impact Study,WRTP (Milwaukee),deepseek-v4.1-flash,1,n_treatment,design,173,197,mismatch,173.0,197.0,
seis,Sectoral Employment Impact Study,WRTP (Milwaukee),deepseek-v4.1-flash,1,n_control,design,168,196,mismatch,168.0,196.0,
seis,Sectoral Employment Impact Study,WRTP (Milwaukee),deepseek-v4.1-flash,1,outcome_data_source_type,design,self-report (survey),ndnh,mismatch,survey,ndnh,
seis,Sectoral Employment Impact Study,WRTP (Milwaukee),deepseek-v4.1-flash,1,treatment_duration_months,design,1.6,1.6,match,1.6,1.6,
seis,Sectoral Employment Impact Study,WRTP (Milwaukee),deepseek-v4.1-flash,1,program_takeup_impact,design,73.0,,abstained,73.0,,
seis,Sectoral Employment Impact Study,WRTP (Milwaukee),deepseek-v4.1-flash,1,st_emp_impact,employment,1.7,,abstained,1.7,,
seis,Sectoral Employment Impact Study,WRTP (Milwaukee),deepseek-v4.1-flash,1,st_emp_se,employment,,,both_null,,,
seis,Sectoral Employment Impact Study,WRTP (Milwaukee),deepseek-v4.1-flash,1,st_emp_stars,employment,,,abstained,ns,,
seis,Sectoral Employment Impact Study,WRTP (Milwaukee),deepseek-v4.1-flash,1,st_emp_control_mean,employment,65.0,,abstained,65.0,,
seis,Sectoral Employment Impact Study,WRTP (Milwaukee),deepseek-v4.1-flash,1,mt_emp_impact,employment,2.0,2.0,match,2.0,2.0,
seis,Sectoral Employment Impact Study,WRTP (Milwaukee),deepseek-v4.1-flash,1,mt_emp_se,employment,,,both_null,,,
seis,Sectoral Employment Impact Study,WRTP (Milwaukee),deepseek-v4.1-flash,1,mt_emp_stars,employment,,ns,match,ns,ns,
seis,Sectoral Employment Impact Study,WRTP (Milwaukee),deepseek-v4.1-flash,1,mt_emp_control_mean,employment,88.0,88.0,match,88.0,88.0,
seis,Sectoral Employment Impact Study,WRTP (Milwaukee),deepseek-v4.1-flash,1,lt_emp_impact,employment,,,both_null,,,
seis,Sectoral Employment Impact Study,WRTP (Milwaukee),deepseek-v4.1-flash,1,lt_emp_se,employment,,,both_null,,,
seis,Sectoral Employment Impact Study,WRTP (Milwaukee),deepseek-v4.1-flash,1,lt_emp_stars,employment,,,both_null,,,
seis,Sectoral Employment Impact Study,WRTP (Milwaukee),deepseek-v4.1-flash,1,lt_emp_control_mean,employment,,,both_null,,,
seis,Sectoral Employment Impact Study,WRTP (Milwaukee),deepseek-v4.1-flash,1,st_earn_impact,earnings,2520.0,,abstained,2520.0,,
seis,Sectoral Employment Impact Study,WRTP (Milwaukee),deepseek-v4.1-flash,1,st_earn_se,earnings,,,both_null,,,
seis,Sectoral Employment Impact Study,WRTP (Milwaukee),deepseek-v4.1-flash,1,st_earn_stars,earnings,,,abstained,ns,,
seis,Sectoral Employment Impact Study,WRTP (Milwaukee),deepseek-v4.1-flash,1,st_earn_control_mean,earnings,12675.0,,abstained,12675.0,,
seis,Sectoral Employment Impact Study,WRTP (Milwaukee),deepseek-v4.1-flash,1,mt_earn_impact,earnings,3735.0,3735.0,match,3735.0,3735.0,"annualised (gold x1, model x1); raw match"
seis,Sectoral Employment Impact Study,WRTP (Milwaukee),deepseek-v4.1-flash,1,mt_earn_se,earnings,,,both_null,,,
seis,Sectoral Employment Impact Study,WRTP (Milwaukee),deepseek-v4.1-flash,1,mt_earn_stars,earnings,***,***,match,***,***,
seis,Sectoral Employment Impact Study,WRTP (Milwaukee),deepseek-v4.1-flash,1,mt_earn_control_mean,earnings,13614.0,13614.0,match,13614.0,13614.0,"annualised (gold x1, model x1); raw match"
seis,Sectoral Employment Impact Study,WRTP (Milwaukee),deepseek-v4.1-flash,1,lt_earn_impact,earnings,,,both_null,,,
seis,Sectoral Employment Impact Study,WRTP (Milwaukee),deepseek-v4.1-flash,1,lt_earn_se,earnings,,,both_null,,,
seis,Sectoral Employment Impact Study,WRTP (Milwaukee),deepseek-v4.1-flash,1,lt_earn_stars,earnings,,,both_null,,,
seis,Sectoral Employment Impact Study,WRTP (Milwaukee),deepseek-v4.1-flash,1,lt_earn_control_mean,earnings,,,both_null,,,
seis,Sectoral Employment Impact Study,WRTP (Milwaukee),deepseek-v4.1-flash,1,cost_per_treated,cost,,,both_null,,,
seis,Sectoral Employment Impact Study,"Per Scholas (Bronx, IT) [SEIS]",deepseek-v4.1-flash,1,training_role,classification,primary,primary,match,primary,primary,
seis,Sectoral Employment Impact Study,"Per Scholas (Bronx, IT) [SEIS]",deepseek-v4.1-flash,1,mandatory_voluntary,classification,voluntary,voluntary,match,voluntary,voluntary,
seis,Sectoral Employment Impact Study,"Per Scholas (Bronx, IT) [SEIS]",deepseek-v4.1-flash,1,funding_public_private,classification,mixed,private,mismatch,mixed,private,
seis,Sectoral Employment Impact Study,"Per Scholas (Bronx, IT) [SEIS]",deepseek-v4.1-flash,1,admin_public_private,classification,private,private,match,private,private,
seis,Sectoral Employment Impact Study,"Per Scholas (Bronx, IT) [SEIS]",deepseek-v4.1-flash,1,has_classroom,classification,1,True,match,True,True,
seis,Sectoral Employment Impact Study,"Per Scholas (Bronx, IT) [SEIS]",deepseek-v4.1-flash,1,has_ojt,classification,1,True,match,True,True,
seis,Sectoral Employment Impact Study,"Per Scholas (Bronx, IT) [SEIS]",deepseek-v4.1-flash,1,has_jsa,classification,1,True,match,True,True,
seis,Sectoral Employment Impact Study,"Per Scholas (Bronx, IT) [SEIS]",deepseek-v4.1-flash,1,has_multiple_components,classification,1,True,match,True,True,
seis,Sectoral Employment Impact Study,"Per Scholas (Bronx, IT) [SEIS]",deepseek-v4.1-flash,1,sector_program,classification,1,True,match,True,True,
seis,Sectoral Employment Impact Study,"Per Scholas (Bronx, IT) [SEIS]",deepseek-v4.1-flash,1,randomization_period,design,approximately 2003–2005,2003 - 2005,match,"(2003, None)-(2005, None)","(2003, None)-(2005, None)",
seis,Sectoral Employment Impact Study,"Per Scholas (Bronx, IT) [SEIS]",deepseek-v4.1-flash,1,n_treatment,design,175,221,mismatch,175.0,221.0,
seis,Sectoral Employment Impact Study,"Per Scholas (Bronx, IT) [SEIS]",deepseek-v4.1-flash,1,n_control,design,170,221,mismatch,170.0,221.0,
seis,Sectoral Employment Impact Study,"Per Scholas (Bronx, IT) [SEIS]",deepseek-v4.1-flash,1,outcome_data_source_type,design,self-report (survey),ndnh,mismatch,survey,ndnh,
seis,Sectoral Employment Impact Study,"Per Scholas (Bronx, IT) [SEIS]",deepseek-v4.1-flash,1,treatment_duration_months,design,3.6,3.6,match,3.6,3.6,
seis,Sectoral Employment Impact Study,"Per Scholas (Bronx, IT) [SEIS]",deepseek-v4.1-flash,1,program_takeup_impact,design,78.0,,abstained,78.0,,
seis,Sectoral Employment Impact Study,"Per Scholas (Bronx, IT) [SEIS]",deepseek-v4.1-flash,1,st_emp_impact,employment,1.7,,abstained,1.7,,
seis,Sectoral Employment Impact Study,"Per Scholas (Bronx, IT) [SEIS]",deepseek-v4.1-flash,1,st_emp_se,employment,,,both_null,,,
seis,Sectoral Employment Impact Study,"Per Scholas (Bronx, IT) [SEIS]",deepseek-v4.1-flash,1,st_emp_stars,employment,,,abstained,ns,,
seis,Sectoral Employment Impact Study,"Per Scholas (Bronx, IT) [SEIS]",deepseek-v4.1-flash,1,st_emp_control_mean,employment,46.7,,abstained,46.7,,
seis,Sectoral Employment Impact Study,"Per Scholas (Bronx, IT) [SEIS]",deepseek-v4.1-flash,1,mt_emp_impact,employment,9.0,9.0,match,9.0,9.0,
seis,Sectoral Employment Impact Study,"Per Scholas (Bronx, IT) [SEIS]",deepseek-v4.1-flash,1,mt_emp_se,employment,,,both_null,,,
seis,Sectoral Employment Impact Study,"Per Scholas (Bronx, IT) [SEIS]",deepseek-v4.1-flash,1,mt_emp_stars,employment,*,*,match,*,*,
seis,Sectoral Employment Impact Study,"Per Scholas (Bronx, IT) [SEIS]",deepseek-v4.1-flash,1,mt_emp_control_mean,employment,73.0,73.0,match,73.0,73.0,
seis,Sectoral Employment Impact Study,"Per Scholas (Bronx, IT) [SEIS]",deepseek-v4.1-flash,1,lt_emp_impact,employment,,,both_null,,,
seis,Sectoral Employment Impact Study,"Per Scholas (Bronx, IT) [SEIS]",deepseek-v4.1-flash,1,lt_emp_se,employment,,,both_null,,,
seis,Sectoral Employment Impact Study,"Per Scholas (Bronx, IT) [SEIS]",deepseek-v4.1-flash,1,lt_emp_stars,employment,,,both_null,,,
seis,Sectoral Employment Impact Study,"Per Scholas (Bronx, IT) [SEIS]",deepseek-v4.1-flash,1,lt_emp_control_mean,employment,,,both_null,,,
seis,Sectoral Employment Impact Study,"Per Scholas (Bronx, IT) [SEIS]",deepseek-v4.1-flash,1,st_earn_impact,earnings,-836.0,,abstained,-836.0,,
seis,Sectoral Employment Impact Study,"Per Scholas (Bronx, IT) [SEIS]",deepseek-v4.1-flash,1,st_earn_se,earnings,,,both_null,,,
seis,Sectoral Employment Impact Study,"Per Scholas (Bronx, IT) [SEIS]",deepseek-v4.1-flash,1,st_earn_stars,earnings,,,abstained,ns,,
seis,Sectoral Employment Impact Study,"Per Scholas (Bronx, IT) [SEIS]",deepseek-v4.1-flash,1,st_earn_control_mean,earnings,11312.0,,abstained,11312.0,,
seis,Sectoral Employment Impact Study,"Per Scholas (Bronx, IT) [SEIS]",deepseek-v4.1-flash,1,mt_earn_impact,earnings,4663.0,4663.0,match,4663.0,4663.0,"annualised (gold x1, model x1); raw match"
seis,Sectoral Employment Impact Study,"Per Scholas (Bronx, IT) [SEIS]",deepseek-v4.1-flash,1,mt_earn_se,earnings,,,both_null,,,
seis,Sectoral Employment Impact Study,"Per Scholas (Bronx, IT) [SEIS]",deepseek-v4.1-flash,1,mt_earn_stars,earnings,***,***,match,***,***,
seis,Sectoral Employment Impact Study,"Per Scholas (Bronx, IT) [SEIS]",deepseek-v4.1-flash,1,mt_earn_control_mean,earnings,14680.0,14680.0,match,14680.0,14680.0,"annualised (gold x1, model x1); raw match"
seis,Sectoral Employment Impact Study,"Per Scholas (Bronx, IT) [SEIS]",deepseek-v4.1-flash,1,lt_earn_impact,earnings,,,both_null,,,
seis,Sectoral Employment Impact Study,"Per Scholas (Bronx, IT) [SEIS]",deepseek-v4.1-flash,1,lt_earn_se,earnings,,,both_null,,,
seis,Sectoral Employment Impact Study,"Per Scholas (Bronx, IT) [SEIS]",deepseek-v4.1-flash,1,lt_earn_stars,earnings,,,both_null,,,
seis,Sectoral Employment Impact Study,"Per Scholas (Bronx, IT) [SEIS]",deepseek-v4.1-flash,1,lt_earn_control_mean,earnings,,,both_null,,,
seis,Sectoral Employment Impact Study,"Per Scholas (Bronx, IT) [SEIS]",deepseek-v4.1-flash,1,cost_per_treated,cost,,,both_null,,,
seis,Sectoral Employment Impact Study,JVS-Boston,deepseek-v4.1-flash,2,training_role,classification,primary,primary,match,primary,primary,
seis,Sectoral Employment Impact Study,JVS-Boston,deepseek-v4.1-flash,2,mandatory_voluntary,classification,voluntary,voluntary,match,voluntary,voluntary,
seis,Sectoral Employment Impact Study,JVS-Boston,deepseek-v4.1-flash,2,funding_public_private,classification,mixed,mixed,match,mixed,mixed,
seis,Sectoral Employment Impact Study,JVS-Boston,deepseek-v4.1-flash,2,admin_public_private,classification,private,private,match,private,private,
seis,Sectoral Employment Impact Study,JVS-Boston,deepseek-v4.1-flash,2,has_classroom,classification,1,True,match,True,True,
seis,Sectoral Employment Impact Study,JVS-Boston,deepseek-v4.1-flash,2,has_ojt,classification,0,True,mismatch,False,True,
seis,Sectoral Employment Impact Study,JVS-Boston,deepseek-v4.1-flash,2,has_jsa,classification,1,True,match,True,True,
seis,Sectoral Employment Impact Study,JVS-Boston,deepseek-v4.1-flash,2,has_multiple_components,classification,1,True,match,True,True,
seis,Sectoral Employment Impact Study,JVS-Boston,deepseek-v4.1-flash,2,sector_program,classification,1,True,match,True,True,
seis,Sectoral Employment Impact Study,JVS-Boston,deepseek-v4.1-flash,2,randomization_period,design,approximately 2003–2005,,abstained,"(2003, None)-(2005, None)",,
seis,Sectoral Employment Impact Study,JVS-Boston,deepseek-v4.1-flash,2,n_treatment,design,181,226,mismatch,181.0,226.0,
seis,Sectoral Employment Impact Study,JVS-Boston,deepseek-v4.1-flash,2,n_control,design,147,224,mismatch,147.0,224.0,
seis,Sectoral Employment Impact Study,JVS-Boston,deepseek-v4.1-flash,2,outcome_data_source_type,design,self-report (survey),ndnh,mismatch,survey,ndnh,
seis,Sectoral Employment Impact Study,JVS-Boston,deepseek-v4.1-flash,2,treatment_duration_months,design,5.2,5.2,match,5.2,5.2,
seis,Sectoral Employment Impact Study,JVS-Boston,deepseek-v4.1-flash,2,program_takeup_impact,design,74.0,,abstained,74.0,,
seis,Sectoral Employment Impact Study,JVS-Boston,deepseek-v4.1-flash,2,st_emp_impact,employment,-2.5,,abstained,-2.5,,
seis,Sectoral Employment Impact Study,JVS-Boston,deepseek-v4.1-flash,2,st_emp_se,employment,,,both_null,,,
seis,Sectoral Employment Impact Study,JVS-Boston,deepseek-v4.1-flash,2,st_emp_stars,employment,,,abstained,ns,,
seis,Sectoral Employment Impact Study,JVS-Boston,deepseek-v4.1-flash,2,st_emp_control_mean,employment,45.8,,abstained,45.8,,
seis,Sectoral Employment Impact Study,JVS-Boston,deepseek-v4.1-flash,2,mt_emp_impact,employment,10.0,10.0,match,10.0,10.0,
seis,Sectoral Employment Impact Study,JVS-Boston,deepseek-v4.1-flash,2,mt_emp_se,employment,,,both_null,,,
seis,Sectoral Employment Impact Study,JVS-Boston,deepseek-v4.1-flash,2,mt_emp_stars,employment,**,**,match,**,**,
seis,Sectoral Employment Impact Study,JVS-Boston,deepseek-v4.1-flash,2,mt_emp_control_mean,employment,72.0,72.0,match,72.0,72.0,
seis,Sectoral Employment Impact Study,JVS-Boston,deepseek-v4.1-flash,2,lt_emp_impact,employment,,,both_null,,,
seis,Sectoral Employment Impact Study,JVS-Boston,deepseek-v4.1-flash,2,lt_emp_se,employment,,,both_null,,,
seis,Sectoral Employment Impact Study,JVS-Boston,deepseek-v4.1-flash,2,lt_emp_stars,employment,,,both_null,,,
seis,Sectoral Employment Impact Study,JVS-Boston,deepseek-v4.1-flash,2,lt_emp_control_mean,employment,,,both_null,,,
seis,Sectoral Employment Impact Study,JVS-Boston,deepseek-v4.1-flash,2,st_earn_impact,earnings,102.0,,abstained,102.0,,
seis,Sectoral Employment Impact Study,JVS-Boston,deepseek-v4.1-flash,2,st_earn_se,earnings,,,both_null,,,
seis,Sectoral Employment Impact Study,JVS-Boston,deepseek-v4.1-flash,2,st_earn_stars,earnings,,,abstained,ns,,
seis,Sectoral Employment Impact Study,JVS-Boston,deepseek-v4.1-flash,2,st_earn_control_mean,earnings,8088.0,,abstained,8088.0,,
seis,Sectoral Employment Impact Study,JVS-Boston,deepseek-v4.1-flash,2,mt_earn_impact,earnings,4237.0,4237.0,match,4237.0,4237.0,"annualised (gold x1, model x1); raw match"
seis,Sectoral Employment Impact Study,JVS-Boston,deepseek-v4.1-flash,2,mt_earn_se,earnings,,,both_null,,,
seis,Sectoral Employment Impact Study,JVS-Boston,deepseek-v4.1-flash,2,mt_earn_stars,earnings,***,***,match,***,***,
seis,Sectoral Employment Impact Study,JVS-Boston,deepseek-v4.1-flash,2,mt_earn_control_mean,earnings,12098.0,12098.0,match,12098.0,12098.0,"annualised (gold x1, model x1); raw match"
seis,Sectoral Employment Impact Study,JVS-Boston,deepseek-v4.1-flash,2,lt_earn_impact,earnings,,,both_null,,,
seis,Sectoral Employment Impact Study,JVS-Boston,deepseek-v4.1-flash,2,lt_earn_se,earnings,,,both_null,,,
seis,Sectoral Employment Impact Study,JVS-Boston,deepseek-v4.1-flash,2,lt_earn_stars,earnings,,,both_null,,,
seis,Sectoral Employment Impact Study,JVS-Boston,deepseek-v4.1-flash,2,lt_earn_control_mean,earnings,,,both_null,,,
seis,Sectoral Employment Impact Study,JVS-Boston,deepseek-v4.1-flash,2,cost_per_treated,cost,,,both_null,,,
seis,Sectoral Employment Impact Study,WRTP (Milwaukee),deepseek-v4.1-flash,2,training_role,classification,primary,primary,match,primary,primary,
seis,Sectoral Employment Impact Study,WRTP (Milwaukee),deepseek-v4.1-flash,2,mandatory_voluntary,classification,voluntary,voluntary,match,voluntary,voluntary,
seis,Sectoral Employment Impact Study,WRTP (Milwaukee),deepseek-v4.1-flash,2,funding_public_private,classification,mixed,mixed,match,mixed,mixed,
seis,Sectoral Employment Impact Study,WRTP (Milwaukee),deepseek-v4.1-flash,2,admin_public_private,classification,private,private,match,private,private,
seis,Sectoral Employment Impact Study,WRTP (Milwaukee),deepseek-v4.1-flash,2,has_classroom,classification,1,True,match,True,True,
seis,Sectoral Employment Impact Study,WRTP (Milwaukee),deepseek-v4.1-flash,2,has_ojt,classification,0,False,match,False,False,
seis,Sectoral Employment Impact Study,WRTP (Milwaukee),deepseek-v4.1-flash,2,has_jsa,classification,1,True,match,True,True,
seis,Sectoral Employment Impact Study,WRTP (Milwaukee),deepseek-v4.1-flash,2,has_multiple_components,classification,1,True,match,True,True,
seis,Sectoral Employment Impact Study,WRTP (Milwaukee),deepseek-v4.1-flash,2,sector_program,classification,1,True,match,True,True,
seis,Sectoral Employment Impact Study,WRTP (Milwaukee),deepseek-v4.1-flash,2,randomization_period,design,approximately 2003–2005,,abstained,"(2003, None)-(2005, None)",,
seis,Sectoral Employment Impact Study,WRTP (Milwaukee),deepseek-v4.1-flash,2,n_treatment,design,173,197,mismatch,173.0,197.0,
seis,Sectoral Employment Impact Study,WRTP (Milwaukee),deepseek-v4.1-flash,2,n_control,design,168,196,mismatch,168.0,196.0,
seis,Sectoral Employment Impact Study,WRTP (Milwaukee),deepseek-v4.1-flash,2,outcome_data_source_type,design,self-report (survey),ndnh,mismatch,survey,ndnh,
seis,Sectoral Employment Impact Study,WRTP (Milwaukee),deepseek-v4.1-flash,2,treatment_duration_months,design,1.6,1.6,match,1.6,1.6,
seis,Sectoral Employment Impact Study,WRTP (Milwaukee),deepseek-v4.1-flash,2,program_takeup_impact,design,73.0,,abstained,73.0,,
seis,Sectoral Employment Impact Study,WRTP (Milwaukee),deepseek-v4.1-flash,2,st_emp_impact,employment,1.7,,abstained,1.7,,
seis,Sectoral Employment Impact Study,WRTP (Milwaukee),deepseek-v4.1-flash,2,st_emp_se,employment,,,both_null,,,
seis,Sectoral Employment Impact Study,WRTP (Milwaukee),deepseek-v4.1-flash,2,st_emp_stars,employment,,,abstained,ns,,
seis,Sectoral Employment Impact Study,WRTP (Milwaukee),deepseek-v4.1-flash,2,st_emp_control_mean,employment,65.0,,abstained,65.0,,
seis,Sectoral Employment Impact Study,WRTP (Milwaukee),deepseek-v4.1-flash,2,mt_emp_impact,employment,2.0,2.0,match,2.0,2.0,
seis,Sectoral Employment Impact Study,WRTP (Milwaukee),deepseek-v4.1-flash,2,mt_emp_se,employment,,,both_null,,,
seis,Sectoral Employment Impact Study,WRTP (Milwaukee),deepseek-v4.1-flash,2,mt_emp_stars,employment,,ns,match,ns,ns,
seis,Sectoral Employment Impact Study,WRTP (Milwaukee),deepseek-v4.1-flash,2,mt_emp_control_mean,employment,88.0,88.0,match,88.0,88.0,
seis,Sectoral Employment Impact Study,WRTP (Milwaukee),deepseek-v4.1-flash,2,lt_emp_impact,employment,,,both_null,,,
seis,Sectoral Employment Impact Study,WRTP (Milwaukee),deepseek-v4.1-flash,2,lt_emp_se,employment,,,both_null,,,
seis,Sectoral Employment Impact Study,WRTP (Milwaukee),deepseek-v4.1-flash,2,lt_emp_stars,employment,,,both_null,,,
seis,Sectoral Employment Impact Study,WRTP (Milwaukee),deepseek-v4.1-flash,2,lt_emp_control_mean,employment,,,both_null,,,
seis,Sectoral Employment Impact Study,WRTP (Milwaukee),deepseek-v4.1-flash,2,st_earn_impact,earnings,2520.0,,abstained,2520.0,,
seis,Sectoral Employment Impact Study,WRTP (Milwaukee),deepseek-v4.1-flash,2,st_earn_se,earnings,,,both_null,,,
seis,Sectoral Employment Impact Study,WRTP (Milwaukee),deepseek-v4.1-flash,2,st_earn_stars,earnings,,,abstained,ns,,
seis,Sectoral Employment Impact Study,WRTP (Milwaukee),deepseek-v4.1-flash,2,st_earn_control_mean,earnings,12675.0,,abstained,12675.0,,
seis,Sectoral Employment Impact Study,WRTP (Milwaukee),deepseek-v4.1-flash,2,mt_earn_impact,earnings,3735.0,3735.0,match,3735.0,3735.0,"annualised (gold x1, model x1); raw match"
seis,Sectoral Employment Impact Study,WRTP (Milwaukee),deepseek-v4.1-flash,2,mt_earn_se,earnings,,,both_null,,,
seis,Sectoral Employment Impact Study,WRTP (Milwaukee),deepseek-v4.1-flash,2,mt_earn_stars,earnings,***,***,match,***,***,
seis,Sectoral Employment Impact Study,WRTP (Milwaukee),deepseek-v4.1-flash,2,mt_earn_control_mean,earnings,13614.0,13614.0,match,13614.0,13614.0,"annualised (gold x1, model x1); raw match"
seis,Sectoral Employment Impact Study,WRTP (Milwaukee),deepseek-v4.1-flash,2,lt_earn_impact,earnings,,,both_null,,,
seis,Sectoral Employment Impact Study,WRTP (Milwaukee),deepseek-v4.1-flash,2,lt_earn_se,earnings,,,both_null,,,
seis,Sectoral Employment Impact Study,WRTP (Milwaukee),deepseek-v4.1-flash,2,lt_earn_stars,earnings,,,both_null,,,
seis,Sectoral Employment Impact Study,WRTP (Milwaukee),deepseek-v4.1-flash,2,lt_earn_control_mean,earnings,,,both_null,,,
seis,Sectoral Employment Impact Study,WRTP (Milwaukee),deepseek-v4.1-flash,2,cost_per_treated,cost,,,both_null,,,
seis,Sectoral Employment Impact Study,"Per Scholas (Bronx, IT) [SEIS]",deepseek-v4.1-flash,2,training_role,classification,primary,primary,match,primary,primary,
seis,Sectoral Employment Impact Study,"Per Scholas (Bronx, IT) [SEIS]",deepseek-v4.1-flash,2,mandatory_voluntary,classification,voluntary,voluntary,match,voluntary,voluntary,
seis,Sectoral Employment Impact Study,"Per Scholas (Bronx, IT) [SEIS]",deepseek-v4.1-flash,2,funding_public_private,classification,mixed,private,mismatch,mixed,private,
seis,Sectoral Employment Impact Study,"Per Scholas (Bronx, IT) [SEIS]",deepseek-v4.1-flash,2,admin_public_private,classification,private,private,match,private,private,
seis,Sectoral Employment Impact Study,"Per Scholas (Bronx, IT) [SEIS]",deepseek-v4.1-flash,2,has_classroom,classification,1,True,match,True,True,
seis,Sectoral Employment Impact Study,"Per Scholas (Bronx, IT) [SEIS]",deepseek-v4.1-flash,2,has_ojt,classification,1,True,match,True,True,
seis,Sectoral Employment Impact Study,"Per Scholas (Bronx, IT) [SEIS]",deepseek-v4.1-flash,2,has_jsa,classification,1,True,match,True,True,
seis,Sectoral Employment Impact Study,"Per Scholas (Bronx, IT) [SEIS]",deepseek-v4.1-flash,2,has_multiple_components,classification,1,True,match,True,True,
seis,Sectoral Employment Impact Study,"Per Scholas (Bronx, IT) [SEIS]",deepseek-v4.1-flash,2,sector_program,classification,1,True,match,True,True,
seis,Sectoral Employment Impact Study,"Per Scholas (Bronx, IT) [SEIS]",deepseek-v4.1-flash,2,randomization_period,design,approximately 2003–2005,,abstained,"(2003, None)-(2005, None)",,
seis,Sectoral Employment Impact Study,"Per Scholas (Bronx, IT) [SEIS]",deepseek-v4.1-flash,2,n_treatment,design,175,221,mismatch,175.0,221.0,
seis,Sectoral Employment Impact Study,"Per Scholas (Bronx, IT) [SEIS]",deepseek-v4.1-flash,2,n_control,design,170,221,mismatch,170.0,221.0,
seis,Sectoral Employment Impact Study,"Per Scholas (Bronx, IT) [SEIS]",deepseek-v4.1-flash,2,outcome_data_source_type,design,self-report (survey),ndnh,mismatch,survey,ndnh,
seis,Sectoral Employment Impact Study,"Per Scholas (Bronx, IT) [SEIS]",deepseek-v4.1-flash,2,treatment_duration_months,design,3.6,3.6,match,3.6,3.6,
seis,Sectoral Employment Impact Study,"Per Scholas (Bronx, IT) [SEIS]",deepseek-v4.1-flash,2,program_takeup_impact,design,78.0,,abstained,78.0,,
seis,Sectoral Employment Impact Study,"Per Scholas (Bronx, IT) [SEIS]",deepseek-v4.1-flash,2,st_emp_impact,employment,1.7,,abstained,1.7,,
seis,Sectoral Employment Impact Study,"Per Scholas (Bronx, IT) [SEIS]",deepseek-v4.1-flash,2,st_emp_se,employment,,,both_null,,,
seis,Sectoral Employment Impact Study,"Per Scholas (Bronx, IT) [SEIS]",deepseek-v4.1-flash,2,st_emp_stars,employment,,,abstained,ns,,
seis,Sectoral Employment Impact Study,"Per Scholas (Bronx, IT) [SEIS]",deepseek-v4.1-flash,2,st_emp_control_mean,employment,46.7,,abstained,46.7,,
seis,Sectoral Employment Impact Study,"Per Scholas (Bronx, IT) [SEIS]",deepseek-v4.1-flash,2,mt_emp_impact,employment,9.0,9.0,match,9.0,9.0,
seis,Sectoral Employment Impact Study,"Per Scholas (Bronx, IT) [SEIS]",deepseek-v4.1-flash,2,mt_emp_se,employment,,,both_null,,,
seis,Sectoral Employment Impact Study,"Per Scholas (Bronx, IT) [SEIS]",deepseek-v4.1-flash,2,mt_emp_stars,employment,*,*,match,*,*,
seis,Sectoral Employment Impact Study,"Per Scholas (Bronx, IT) [SEIS]",deepseek-v4.1-flash,2,mt_emp_control_mean,employment,73.0,73.0,match,73.0,73.0,
seis,Sectoral Employment Impact Study,"Per Scholas (Bronx, IT) [SEIS]",deepseek-v4.1-flash,2,lt_emp_impact,employment,,,both_null,,,
seis,Sectoral Employment Impact Study,"Per Scholas (Bronx, IT) [SEIS]",deepseek-v4.1-flash,2,lt_emp_se,employment,,,both_null,,,
seis,Sectoral Employment Impact Study,"Per Scholas (Bronx, IT) [SEIS]",deepseek-v4.1-flash,2,lt_emp_stars,employment,,,both_null,,,
seis,Sectoral Employment Impact Study,"Per Scholas (Bronx, IT) [SEIS]",deepseek-v4.1-flash,2,lt_emp_control_mean,employment,,,both_null,,,
seis,Sectoral Employment Impact Study,"Per Scholas (Bronx, IT) [SEIS]",deepseek-v4.1-flash,2,st_earn_impact,earnings,-836.0,,abstained,-836.0,,
seis,Sectoral Employment Impact Study,"Per Scholas (Bronx, IT) [SEIS]",deepseek-v4.1-flash,2,st_earn_se,earnings,,,both_null,,,
seis,Sectoral Employment Impact Study,"Per Scholas (Bronx, IT) [SEIS]",deepseek-v4.1-flash,2,st_earn_stars,earnings,,,abstained,ns,,
seis,Sectoral Employment Impact Study,"Per Scholas (Bronx, IT) [SEIS]",deepseek-v4.1-flash,2,st_earn_control_mean,earnings,11312.0,,abstained,11312.0,,
seis,Sectoral Employment Impact Study,"Per Scholas (Bronx, IT) [SEIS]",deepseek-v4.1-flash,2,mt_earn_impact,earnings,4663.0,4663.0,match,4663.0,4663.0,"annualised (gold x1, model x1); raw match"
seis,Sectoral Employment Impact Study,"Per Scholas (Bronx, IT) [SEIS]",deepseek-v4.1-flash,2,mt_earn_se,earnings,,,both_null,,,
seis,Sectoral Employment Impact Study,"Per Scholas (Bronx, IT) [SEIS]",deepseek-v4.1-flash,2,mt_earn_stars,earnings,***,***,match,***,***,
seis,Sectoral Employment Impact Study,"Per Scholas (Bronx, IT) [SEIS]",deepseek-v4.1-flash,2,mt_earn_control_mean,earnings,14680.0,14680.0,match,14680.0,14680.0,"annualised (gold x1, model x1); raw match"
seis,Sectoral Employment Impact Study,"Per Scholas (Bronx, IT) [SEIS]",deepseek-v4.1-flash,2,lt_earn_impact,earnings,,,both_null,,,
seis,Sectoral Employment Impact Study,"Per Scholas (Bronx, IT) [SEIS]",deepseek-v4.1-flash,2,lt_earn_se,earnings,,,both_null,,,
seis,Sectoral Employment Impact Study,"Per Scholas (Bronx, IT) [SEIS]",deepseek-v4.1-flash,2,lt_earn_stars,earnings,,,both_null,,,
seis,Sectoral Employment Impact Study,"Per Scholas (Bronx, IT) [SEIS]",deepseek-v4.1-flash,2,lt_earn_control_mean,earnings,,,both_null,,,
seis,Sectoral Employment Impact Study,"Per Scholas (Bronx, IT) [SEIS]",deepseek-v4.1-flash,2,cost_per_treated,cost,,,both_null,,,
texas-wad,Texas Worker Adjustment Demonstration,"Houston men, TEC/HCC: Tier I/II vs Tier I",deepseek-v4.1-flash,1,training_role,classification,primary,secondary,mismatch,primary,secondary,
texas-wad,Texas Worker Adjustment Demonstration,"Houston men, TEC/HCC: Tier I/II vs Tier I",deepseek-v4.1-flash,1,mandatory_voluntary,classification,mandatory,voluntary,mismatch,mandatory,voluntary,
texas-wad,Texas Worker Adjustment Demonstration,"Houston men, TEC/HCC: Tier I/II vs Tier I",deepseek-v4.1-flash,1,funding_public_private,classification,public,public,match,public,public,
texas-wad,Texas Worker Adjustment Demonstration,"Houston men, TEC/HCC: Tier I/II vs Tier I",deepseek-v4.1-flash,1,admin_public_private,classification,mixed,mixed,match,mixed,mixed,
texas-wad,Texas Worker Adjustment Demonstration,"Houston men, TEC/HCC: Tier I/II vs Tier I",deepseek-v4.1-flash,1,has_classroom,classification,1,True,match,True,True,
texas-wad,Texas Worker Adjustment Demonstration,"Houston men, TEC/HCC: Tier I/II vs Tier I",deepseek-v4.1-flash,1,has_ojt,classification,1,True,match,True,True,
texas-wad,Texas Worker Adjustment Demonstration,"Houston men, TEC/HCC: Tier I/II vs Tier I",deepseek-v4.1-flash,1,has_jsa,classification,1,True,match,True,True,
texas-wad,Texas Worker Adjustment Demonstration,"Houston men, TEC/HCC: Tier I/II vs Tier I",deepseek-v4.1-flash,1,has_multiple_components,classification,1,True,match,True,True,
texas-wad,Texas Worker Adjustment Demonstration,"Houston men, TEC/HCC: Tier I/II vs Tier I",deepseek-v4.1-flash,1,sector_program,classification,0,False,match,False,False,
texas-wad,Texas Worker Adjustment Demonstration,"Houston men, TEC/HCC: Tier I/II vs Tier I",deepseek-v4.1-flash,1,randomization_period,design,July 1984 – March 1985,July 1984 - February 1985,match,"(1984, 7)-(1985, 3)","(1984, 7)-(1985, 2)",
texas-wad,Texas Worker Adjustment Demonstration,"Houston men, TEC/HCC: Tier I/II vs Tier I",deepseek-v4.1-flash,1,n_treatment,design,649,467,mismatch,649.0,467.0,
texas-wad,Texas Worker Adjustment Demonstration,"Houston men, TEC/HCC: Tier I/II vs Tier I",deepseek-v4.1-flash,1,n_control,design,451,255,mismatch,451.0,255.0,
texas-wad,Texas Worker Adjustment Demonstration,"Houston men, TEC/HCC: Tier I/II vs Tier I",deepseek-v4.1-flash,1,outcome_data_source_type,design,UI wage records,mixed,mismatch,ui_wage_records,mixed,
texas-wad,Texas Worker Adjustment Demonstration,"Houston men, TEC/HCC: Tier I/II vs Tier I",deepseek-v4.1-flash,1,treatment_duration_months,design,3.5,4.0,match,3.5,4.0,
texas-wad,Texas Worker Adjustment Demonstration,"Houston men, TEC/HCC: Tier I/II vs Tier I",deepseek-v4.1-flash,1,program_takeup_impact,design,72.0,,abstained,72.0,,
texas-wad,Texas Worker Adjustment Demonstration,"Houston men, TEC/HCC: Tier I/II vs Tier I",deepseek-v4.1-flash,1,st_emp_impact,employment,-9.0,1.0,mismatch,-9.0,1.0,
texas-wad,Texas Worker Adjustment Demonstration,"Houston men, TEC/HCC: Tier I/II vs Tier I",deepseek-v4.1-flash,1,st_emp_se,employment,,,both_null,,,
texas-wad,Texas Worker Adjustment Demonstration,"Houston men, TEC/HCC: Tier I/II vs Tier I",deepseek-v4.1-flash,1,st_emp_stars,employment,,ns,match,ns,ns,
texas-wad,Texas Worker Adjustment Demonstration,"Houston men, TEC/HCC: Tier I/II vs Tier I",deepseek-v4.1-flash,1,st_emp_control_mean,employment,10.0,,abstained,10.0,,
texas-wad,Texas Worker Adjustment Demonstration,"Houston men, TEC/HCC: Tier I/II vs Tier I",deepseek-v4.1-flash,1,mt_emp_impact,employment,,,both_null,,,
texas-wad,Texas Worker Adjustment Demonstration,"Houston men, TEC/HCC: Tier I/II vs Tier I",deepseek-v4.1-flash,1,mt_emp_se,employment,,,both_null,,,
texas-wad,Texas Worker Adjustment Demonstration,"Houston men, TEC/HCC: Tier I/II vs Tier I",deepseek-v4.1-flash,1,mt_emp_stars,employment,,,both_null,,,
texas-wad,Texas Worker Adjustment Demonstration,"Houston men, TEC/HCC: Tier I/II vs Tier I",deepseek-v4.1-flash,1,mt_emp_control_mean,employment,,,both_null,,,
texas-wad,Texas Worker Adjustment Demonstration,"Houston men, TEC/HCC: Tier I/II vs Tier I",deepseek-v4.1-flash,1,lt_emp_impact,employment,,,both_null,,,
texas-wad,Texas Worker Adjustment Demonstration,"Houston men, TEC/HCC: Tier I/II vs Tier I",deepseek-v4.1-flash,1,lt_emp_se,employment,,,both_null,,,
texas-wad,Texas Worker Adjustment Demonstration,"Houston men, TEC/HCC: Tier I/II vs Tier I",deepseek-v4.1-flash,1,lt_emp_stars,employment,,,both_null,,,
texas-wad,Texas Worker Adjustment Demonstration,"Houston men, TEC/HCC: Tier I/II vs Tier I",deepseek-v4.1-flash,1,lt_emp_control_mean,employment,,,both_null,,,
texas-wad,Texas Worker Adjustment Demonstration,"Houston men, TEC/HCC: Tier I/II vs Tier I",deepseek-v4.1-flash,1,st_earn_impact,earnings,-83.0,320.0,mismatch,-83.0,320.0,"annualised (gold x1, model x1); raw mismatch"
texas-wad,Texas Worker Adjustment Demonstration,"Houston men, TEC/HCC: Tier I/II vs Tier I",deepseek-v4.1-flash,1,st_earn_se,earnings,,,both_null,,,
texas-wad,Texas Worker Adjustment Demonstration,"Houston men, TEC/HCC: Tier I/II vs Tier I",deepseek-v4.1-flash,1,st_earn_stars,earnings,,ns,match,ns,ns,
texas-wad,Texas Worker Adjustment Demonstration,"Houston men, TEC/HCC: Tier I/II vs Tier I",deepseek-v4.1-flash,1,st_earn_control_mean,earnings,403.0,,abstained,403.0,,
texas-wad,Texas Worker Adjustment Demonstration,"Houston men, TEC/HCC: Tier I/II vs Tier I",deepseek-v4.1-flash,1,mt_earn_impact,earnings,,,both_null,,,
texas-wad,Texas Worker Adjustment Demonstration,"Houston men, TEC/HCC: Tier I/II vs Tier I",deepseek-v4.1-flash,1,mt_earn_se,earnings,,,both_null,,,
texas-wad,Texas Worker Adjustment Demonstration,"Houston men, TEC/HCC: Tier I/II vs Tier I",deepseek-v4.1-flash,1,mt_earn_stars,earnings,,,both_null,,,
texas-wad,Texas Worker Adjustment Demonstration,"Houston men, TEC/HCC: Tier I/II vs Tier I",deepseek-v4.1-flash,1,mt_earn_control_mean,earnings,,,both_null,,,
texas-wad,Texas Worker Adjustment Demonstration,"Houston men, TEC/HCC: Tier I/II vs Tier I",deepseek-v4.1-flash,1,lt_earn_impact,earnings,,,both_null,,,
texas-wad,Texas Worker Adjustment Demonstration,"Houston men, TEC/HCC: Tier I/II vs Tier I",deepseek-v4.1-flash,1,lt_earn_se,earnings,,,both_null,,,
texas-wad,Texas Worker Adjustment Demonstration,"Houston men, TEC/HCC: Tier I/II vs Tier I",deepseek-v4.1-flash,1,lt_earn_stars,earnings,,,both_null,,,
texas-wad,Texas Worker Adjustment Demonstration,"Houston men, TEC/HCC: Tier I/II vs Tier I",deepseek-v4.1-flash,1,lt_earn_control_mean,earnings,,,both_null,,,
texas-wad,Texas Worker Adjustment Demonstration,"Houston men, TEC/HCC: Tier I/II vs Tier I",deepseek-v4.1-flash,1,cost_per_treated,cost,3215.0,2981.0,mismatch,3215.0,2981.0,
texas-wad,Texas Worker Adjustment Demonstration,"El Paso women, Tier I/II vs Control (pooled SEE + SER/JOBS)",deepseek-v4.1-flash,1,training_role,classification,secondary,secondary,match,secondary,secondary,
texas-wad,Texas Worker Adjustment Demonstration,"El Paso women, Tier I/II vs Control (pooled SEE + SER/JOBS)",deepseek-v4.1-flash,1,mandatory_voluntary,classification,mandatory,voluntary,mismatch,mandatory,voluntary,
texas-wad,Texas Worker Adjustment Demonstration,"El Paso women, Tier I/II vs Control (pooled SEE + SER/JOBS)",deepseek-v4.1-flash,1,funding_public_private,classification,public,public,match,public,public,
texas-wad,Texas Worker Adjustment Demonstration,"El Paso women, Tier I/II vs Control (pooled SEE + SER/JOBS)",deepseek-v4.1-flash,1,admin_public_private,classification,mixed,private,mismatch,mixed,private,
texas-wad,Texas Worker Adjustment Demonstration,"El Paso women, Tier I/II vs Control (pooled SEE + SER/JOBS)",deepseek-v4.1-flash,1,has_classroom,classification,1,True,match,True,True,
texas-wad,Texas Worker Adjustment Demonstration,"El Paso women, Tier I/II vs Control (pooled SEE + SER/JOBS)",deepseek-v4.1-flash,1,has_ojt,classification,1,True,match,True,True,
texas-wad,Texas Worker Adjustment Demonstration,"El Paso women, Tier I/II vs Control (pooled SEE + SER/JOBS)",deepseek-v4.1-flash,1,has_jsa,classification,1,True,match,True,True,
texas-wad,Texas Worker Adjustment Demonstration,"El Paso women, Tier I/II vs Control (pooled SEE + SER/JOBS)",deepseek-v4.1-flash,1,has_multiple_components,classification,1,True,match,True,True,
texas-wad,Texas Worker Adjustment Demonstration,"El Paso women, Tier I/II vs Control (pooled SEE + SER/JOBS)",deepseek-v4.1-flash,1,sector_program,classification,0,False,match,False,False,
texas-wad,Texas Worker Adjustment Demonstration,"El Paso women, Tier I/II vs Control (pooled SEE + SER/JOBS)",deepseek-v4.1-flash,1,randomization_period,design,July 1984 – March 1985,June 1984 - February 1985,match,"(1984, 7)-(1985, 3)","(1984, 6)-(1985, 2)",
texas-wad,Texas Worker Adjustment Demonstration,"El Paso women, Tier I/II vs Control (pooled SEE + SER/JOBS)",deepseek-v4.1-flash,1,n_treatment,design,349,169,mismatch,349.0,169.0,
texas-wad,Texas Worker Adjustment Demonstration,"El Paso women, Tier I/II vs Control (pooled SEE + SER/JOBS)",deepseek-v4.1-flash,1,n_control,design,283,134,mismatch,283.0,134.0,
texas-wad,Texas Worker Adjustment Demonstration,"El Paso women, Tier I/II vs Control (pooled SEE + SER/JOBS)",deepseek-v4.1-flash,1,outcome_data_source_type,design,UI wage records,mixed,mismatch,ui_wage_records,mixed,
texas-wad,Texas Worker Adjustment Demonstration,"El Paso women, Tier I/II vs Control (pooled SEE + SER/JOBS)",deepseek-v4.1-flash,1,treatment_duration_months,design,3.5,4.0,match,3.5,4.0,
texas-wad,Texas Worker Adjustment Demonstration,"El Paso women, Tier I/II vs Control (pooled SEE + SER/JOBS)",deepseek-v4.1-flash,1,program_takeup_impact,design,82.0,,abstained,82.0,,
texas-wad,Texas Worker Adjustment Demonstration,"El Paso women, Tier I/II vs Control (pooled SEE + SER/JOBS)",deepseek-v4.1-flash,1,st_emp_impact,employment,10.0,12.0,mismatch,10.0,12.0,
texas-wad,Texas Worker Adjustment Demonstration,"El Paso women, Tier I/II vs Control (pooled SEE + SER/JOBS)",deepseek-v4.1-flash,1,st_emp_se,employment,4.3,,abstained,4.3,,
texas-wad,Texas Worker Adjustment Demonstration,"El Paso women, Tier I/II vs Control (pooled SEE + SER/JOBS)",deepseek-v4.1-flash,1,st_emp_stars,employment,**,*,mismatch,**,*,
texas-wad,Texas Worker Adjustment Demonstration,"El Paso women, Tier I/II vs Control (pooled SEE + SER/JOBS)",deepseek-v4.1-flash,1,st_emp_control_mean,employment,69.0,,abstained,69.0,,
texas-wad,Texas Worker Adjustment Demonstration,"El Paso women, Tier I/II vs Control (pooled SEE + SER/JOBS)",deepseek-v4.1-flash,1,mt_emp_impact,employment,,,both_null,,,
texas-wad,Texas Worker Adjustment Demonstration,"El Paso women, Tier I/II vs Control (pooled SEE + SER/JOBS)",deepseek-v4.1-flash,1,mt_emp_se,employment,,,both_null,,,
texas-wad,Texas Worker Adjustment Demonstration,"El Paso women, Tier I/II vs Control (pooled SEE + SER/JOBS)",deepseek-v4.1-flash,1,mt_emp_stars,employment,,,both_null,,,
texas-wad,Texas Worker Adjustment Demonstration,"El Paso women, Tier I/II vs Control (pooled SEE + SER/JOBS)",deepseek-v4.1-flash,1,mt_emp_control_mean,employment,,,both_null,,,
texas-wad,Texas Worker Adjustment Demonstration,"El Paso women, Tier I/II vs Control (pooled SEE + SER/JOBS)",deepseek-v4.1-flash,1,lt_emp_impact,employment,,,both_null,,,
texas-wad,Texas Worker Adjustment Demonstration,"El Paso women, Tier I/II vs Control (pooled SEE + SER/JOBS)",deepseek-v4.1-flash,1,lt_emp_se,employment,,,both_null,,,
texas-wad,Texas Worker Adjustment Demonstration,"El Paso women, Tier I/II vs Control (pooled SEE + SER/JOBS)",deepseek-v4.1-flash,1,lt_emp_stars,employment,,,both_null,,,
texas-wad,Texas Worker Adjustment Demonstration,"El Paso women, Tier I/II vs Control (pooled SEE + SER/JOBS)",deepseek-v4.1-flash,1,lt_emp_control_mean,employment,,,both_null,,,
texas-wad,Texas Worker Adjustment Demonstration,"El Paso women, Tier I/II vs Control (pooled SEE + SER/JOBS)",deepseek-v4.1-flash,1,st_earn_impact,earnings,987.0,827.0,mismatch,987.0,827.0,"annualised (gold x1, model x1); raw mismatch"
texas-wad,Texas Worker Adjustment Demonstration,"El Paso women, Tier I/II vs Control (pooled SEE + SER/JOBS)",deepseek-v4.1-flash,1,st_earn_se,earnings,424.2,,abstained,424.2,,
texas-wad,Texas Worker Adjustment Demonstration,"El Paso women, Tier I/II vs Control (pooled SEE + SER/JOBS)",deepseek-v4.1-flash,1,st_earn_stars,earnings,**,ns,mismatch,**,ns,
texas-wad,Texas Worker Adjustment Demonstration,"El Paso women, Tier I/II vs Control (pooled SEE + SER/JOBS)",deepseek-v4.1-flash,1,st_earn_control_mean,earnings,3525.0,,abstained,3525.0,,
texas-wad,Texas Worker Adjustment Demonstration,"El Paso women, Tier I/II vs Control (pooled SEE + SER/JOBS)",deepseek-v4.1-flash,1,mt_earn_impact,earnings,,,both_null,,,
texas-wad,Texas Worker Adjustment Demonstration,"El Paso women, Tier I/II vs Control (pooled SEE + SER/JOBS)",deepseek-v4.1-flash,1,mt_earn_se,earnings,,,both_null,,,
texas-wad,Texas Worker Adjustment Demonstration,"El Paso women, Tier I/II vs Control (pooled SEE + SER/JOBS)",deepseek-v4.1-flash,1,mt_earn_stars,earnings,,,both_null,,,
texas-wad,Texas Worker Adjustment Demonstration,"El Paso women, Tier I/II vs Control (pooled SEE + SER/JOBS)",deepseek-v4.1-flash,1,mt_earn_control_mean,earnings,,,both_null,,,
texas-wad,Texas Worker Adjustment Demonstration,"El Paso women, Tier I/II vs Control (pooled SEE + SER/JOBS)",deepseek-v4.1-flash,1,lt_earn_impact,earnings,,,both_null,,,
texas-wad,Texas Worker Adjustment Demonstration,"El Paso women, Tier I/II vs Control (pooled SEE + SER/JOBS)",deepseek-v4.1-flash,1,lt_earn_se,earnings,,,both_null,,,
texas-wad,Texas Worker Adjustment Demonstration,"El Paso women, Tier I/II vs Control (pooled SEE + SER/JOBS)",deepseek-v4.1-flash,1,lt_earn_stars,earnings,,,both_null,,,
texas-wad,Texas Worker Adjustment Demonstration,"El Paso women, Tier I/II vs Control (pooled SEE + SER/JOBS)",deepseek-v4.1-flash,1,lt_earn_control_mean,earnings,,,both_null,,,
texas-wad,Texas Worker Adjustment Demonstration,"El Paso women, Tier I/II vs Control (pooled SEE + SER/JOBS)",deepseek-v4.1-flash,1,cost_per_treated,cost,881.0,1099.0,mismatch,881.0,1099.0,
texas-wad,Texas Worker Adjustment Demonstration,"Houston men, TEC/HCC: Tier I/II vs Tier I",deepseek-v4.1-flash,2,training_role,classification,primary,secondary,mismatch,primary,secondary,
texas-wad,Texas Worker Adjustment Demonstration,"Houston men, TEC/HCC: Tier I/II vs Tier I",deepseek-v4.1-flash,2,mandatory_voluntary,classification,mandatory,voluntary,mismatch,mandatory,voluntary,
texas-wad,Texas Worker Adjustment Demonstration,"Houston men, TEC/HCC: Tier I/II vs Tier I",deepseek-v4.1-flash,2,funding_public_private,classification,public,public,match,public,public,
texas-wad,Texas Worker Adjustment Demonstration,"Houston men, TEC/HCC: Tier I/II vs Tier I",deepseek-v4.1-flash,2,admin_public_private,classification,mixed,mixed,match,mixed,mixed,
texas-wad,Texas Worker Adjustment Demonstration,"Houston men, TEC/HCC: Tier I/II vs Tier I",deepseek-v4.1-flash,2,has_classroom,classification,1,True,match,True,True,
texas-wad,Texas Worker Adjustment Demonstration,"Houston men, TEC/HCC: Tier I/II vs Tier I",deepseek-v4.1-flash,2,has_ojt,classification,1,True,match,True,True,
texas-wad,Texas Worker Adjustment Demonstration,"Houston men, TEC/HCC: Tier I/II vs Tier I",deepseek-v4.1-flash,2,has_jsa,classification,1,True,match,True,True,
texas-wad,Texas Worker Adjustment Demonstration,"Houston men, TEC/HCC: Tier I/II vs Tier I",deepseek-v4.1-flash,2,has_multiple_components,classification,1,True,match,True,True,
texas-wad,Texas Worker Adjustment Demonstration,"Houston men, TEC/HCC: Tier I/II vs Tier I",deepseek-v4.1-flash,2,sector_program,classification,0,False,match,False,False,
texas-wad,Texas Worker Adjustment Demonstration,"Houston men, TEC/HCC: Tier I/II vs Tier I",deepseek-v4.1-flash,2,randomization_period,design,July 1984 – March 1985,July 1984 - February 1985,match,"(1984, 7)-(1985, 3)","(1984, 7)-(1985, 2)",
texas-wad,Texas Worker Adjustment Demonstration,"Houston men, TEC/HCC: Tier I/II vs Tier I",deepseek-v4.1-flash,2,n_treatment,design,649,368,mismatch,649.0,368.0,
texas-wad,Texas Worker Adjustment Demonstration,"Houston men, TEC/HCC: Tier I/II vs Tier I",deepseek-v4.1-flash,2,n_control,design,451,198,mismatch,451.0,198.0,
texas-wad,Texas Worker Adjustment Demonstration,"Houston men, TEC/HCC: Tier I/II vs Tier I",deepseek-v4.1-flash,2,outcome_data_source_type,design,UI wage records,mixed,mismatch,ui_wage_records,mixed,
texas-wad,Texas Worker Adjustment Demonstration,"Houston men, TEC/HCC: Tier I/II vs Tier I",deepseek-v4.1-flash,2,treatment_duration_months,design,3.5,4.0,match,3.5,4.0,
texas-wad,Texas Worker Adjustment Demonstration,"Houston men, TEC/HCC: Tier I/II vs Tier I",deepseek-v4.1-flash,2,program_takeup_impact,design,72.0,,abstained,72.0,,
texas-wad,Texas Worker Adjustment Demonstration,"Houston men, TEC/HCC: Tier I/II vs Tier I",deepseek-v4.1-flash,2,st_emp_impact,employment,-9.0,1.0,mismatch,-9.0,1.0,
texas-wad,Texas Worker Adjustment Demonstration,"Houston men, TEC/HCC: Tier I/II vs Tier I",deepseek-v4.1-flash,2,st_emp_se,employment,,,both_null,,,
texas-wad,Texas Worker Adjustment Demonstration,"Houston men, TEC/HCC: Tier I/II vs Tier I",deepseek-v4.1-flash,2,st_emp_stars,employment,,ns,match,ns,ns,
texas-wad,Texas Worker Adjustment Demonstration,"Houston men, TEC/HCC: Tier I/II vs Tier I",deepseek-v4.1-flash,2,st_emp_control_mean,employment,10.0,84.0,mismatch,10.0,84.0,
texas-wad,Texas Worker Adjustment Demonstration,"Houston men, TEC/HCC: Tier I/II vs Tier I",deepseek-v4.1-flash,2,mt_emp_impact,employment,,,both_null,,,
texas-wad,Texas Worker Adjustment Demonstration,"Houston men, TEC/HCC: Tier I/II vs Tier I",deepseek-v4.1-flash,2,mt_emp_se,employment,,,both_null,,,
texas-wad,Texas Worker Adjustment Demonstration,"Houston men, TEC/HCC: Tier I/II vs Tier I",deepseek-v4.1-flash,2,mt_emp_stars,employment,,,both_null,,,
texas-wad,Texas Worker Adjustment Demonstration,"Houston men, TEC/HCC: Tier I/II vs Tier I",deepseek-v4.1-flash,2,mt_emp_control_mean,employment,,,both_null,,,
texas-wad,Texas Worker Adjustment Demonstration,"Houston men, TEC/HCC: Tier I/II vs Tier I",deepseek-v4.1-flash,2,lt_emp_impact,employment,,,both_null,,,
texas-wad,Texas Worker Adjustment Demonstration,"Houston men, TEC/HCC: Tier I/II vs Tier I",deepseek-v4.1-flash,2,lt_emp_se,employment,,,both_null,,,
texas-wad,Texas Worker Adjustment Demonstration,"Houston men, TEC/HCC: Tier I/II vs Tier I",deepseek-v4.1-flash,2,lt_emp_stars,employment,,,both_null,,,
texas-wad,Texas Worker Adjustment Demonstration,"Houston men, TEC/HCC: Tier I/II vs Tier I",deepseek-v4.1-flash,2,lt_emp_control_mean,employment,,,both_null,,,
texas-wad,Texas Worker Adjustment Demonstration,"Houston men, TEC/HCC: Tier I/II vs Tier I",deepseek-v4.1-flash,2,st_earn_impact,earnings,-83.0,320.0,mismatch,-83.0,320.0,"annualised (gold x1, model x1); raw mismatch"
texas-wad,Texas Worker Adjustment Demonstration,"Houston men, TEC/HCC: Tier I/II vs Tier I",deepseek-v4.1-flash,2,st_earn_se,earnings,,,both_null,,,
texas-wad,Texas Worker Adjustment Demonstration,"Houston men, TEC/HCC: Tier I/II vs Tier I",deepseek-v4.1-flash,2,st_earn_stars,earnings,,ns,match,ns,ns,
texas-wad,Texas Worker Adjustment Demonstration,"Houston men, TEC/HCC: Tier I/II vs Tier I",deepseek-v4.1-flash,2,st_earn_control_mean,earnings,403.0,,abstained,403.0,,
texas-wad,Texas Worker Adjustment Demonstration,"Houston men, TEC/HCC: Tier I/II vs Tier I",deepseek-v4.1-flash,2,mt_earn_impact,earnings,,,both_null,,,
texas-wad,Texas Worker Adjustment Demonstration,"Houston men, TEC/HCC: Tier I/II vs Tier I",deepseek-v4.1-flash,2,mt_earn_se,earnings,,,both_null,,,
texas-wad,Texas Worker Adjustment Demonstration,"Houston men, TEC/HCC: Tier I/II vs Tier I",deepseek-v4.1-flash,2,mt_earn_stars,earnings,,,both_null,,,
texas-wad,Texas Worker Adjustment Demonstration,"Houston men, TEC/HCC: Tier I/II vs Tier I",deepseek-v4.1-flash,2,mt_earn_control_mean,earnings,,,both_null,,,
texas-wad,Texas Worker Adjustment Demonstration,"Houston men, TEC/HCC: Tier I/II vs Tier I",deepseek-v4.1-flash,2,lt_earn_impact,earnings,,,both_null,,,
texas-wad,Texas Worker Adjustment Demonstration,"Houston men, TEC/HCC: Tier I/II vs Tier I",deepseek-v4.1-flash,2,lt_earn_se,earnings,,,both_null,,,
texas-wad,Texas Worker Adjustment Demonstration,"Houston men, TEC/HCC: Tier I/II vs Tier I",deepseek-v4.1-flash,2,lt_earn_stars,earnings,,,both_null,,,
texas-wad,Texas Worker Adjustment Demonstration,"Houston men, TEC/HCC: Tier I/II vs Tier I",deepseek-v4.1-flash,2,lt_earn_control_mean,earnings,,,both_null,,,
texas-wad,Texas Worker Adjustment Demonstration,"Houston men, TEC/HCC: Tier I/II vs Tier I",deepseek-v4.1-flash,2,cost_per_treated,cost,3215.0,2981.0,mismatch,3215.0,2981.0,
texas-wad,Texas Worker Adjustment Demonstration,"El Paso women, Tier I/II vs Control (pooled SEE + SER/JOBS)",deepseek-v4.1-flash,2,training_role,classification,secondary,secondary,match,secondary,secondary,
texas-wad,Texas Worker Adjustment Demonstration,"El Paso women, Tier I/II vs Control (pooled SEE + SER/JOBS)",deepseek-v4.1-flash,2,mandatory_voluntary,classification,mandatory,voluntary,mismatch,mandatory,voluntary,
texas-wad,Texas Worker Adjustment Demonstration,"El Paso women, Tier I/II vs Control (pooled SEE + SER/JOBS)",deepseek-v4.1-flash,2,funding_public_private,classification,public,public,match,public,public,
texas-wad,Texas Worker Adjustment Demonstration,"El Paso women, Tier I/II vs Control (pooled SEE + SER/JOBS)",deepseek-v4.1-flash,2,admin_public_private,classification,mixed,private,mismatch,mixed,private,
texas-wad,Texas Worker Adjustment Demonstration,"El Paso women, Tier I/II vs Control (pooled SEE + SER/JOBS)",deepseek-v4.1-flash,2,has_classroom,classification,1,True,match,True,True,
texas-wad,Texas Worker Adjustment Demonstration,"El Paso women, Tier I/II vs Control (pooled SEE + SER/JOBS)",deepseek-v4.1-flash,2,has_ojt,classification,1,True,match,True,True,
texas-wad,Texas Worker Adjustment Demonstration,"El Paso women, Tier I/II vs Control (pooled SEE + SER/JOBS)",deepseek-v4.1-flash,2,has_jsa,classification,1,True,match,True,True,
texas-wad,Texas Worker Adjustment Demonstration,"El Paso women, Tier I/II vs Control (pooled SEE + SER/JOBS)",deepseek-v4.1-flash,2,has_multiple_components,classification,1,True,match,True,True,
texas-wad,Texas Worker Adjustment Demonstration,"El Paso women, Tier I/II vs Control (pooled SEE + SER/JOBS)",deepseek-v4.1-flash,2,sector_program,classification,0,False,match,False,False,
texas-wad,Texas Worker Adjustment Demonstration,"El Paso women, Tier I/II vs Control (pooled SEE + SER/JOBS)",deepseek-v4.1-flash,2,randomization_period,design,July 1984 – March 1985,June 1984 - February 1985,match,"(1984, 7)-(1985, 3)","(1984, 6)-(1985, 2)",
texas-wad,Texas Worker Adjustment Demonstration,"El Paso women, Tier I/II vs Control (pooled SEE + SER/JOBS)",deepseek-v4.1-flash,2,n_treatment,design,349,169,mismatch,349.0,169.0,
texas-wad,Texas Worker Adjustment Demonstration,"El Paso women, Tier I/II vs Control (pooled SEE + SER/JOBS)",deepseek-v4.1-flash,2,n_control,design,283,134,mismatch,283.0,134.0,
texas-wad,Texas Worker Adjustment Demonstration,"El Paso women, Tier I/II vs Control (pooled SEE + SER/JOBS)",deepseek-v4.1-flash,2,outcome_data_source_type,design,UI wage records,mixed,mismatch,ui_wage_records,mixed,
texas-wad,Texas Worker Adjustment Demonstration,"El Paso women, Tier I/II vs Control (pooled SEE + SER/JOBS)",deepseek-v4.1-flash,2,treatment_duration_months,design,3.5,4.0,match,3.5,4.0,
texas-wad,Texas Worker Adjustment Demonstration,"El Paso women, Tier I/II vs Control (pooled SEE + SER/JOBS)",deepseek-v4.1-flash,2,program_takeup_impact,design,82.0,,abstained,82.0,,
texas-wad,Texas Worker Adjustment Demonstration,"El Paso women, Tier I/II vs Control (pooled SEE + SER/JOBS)",deepseek-v4.1-flash,2,st_emp_impact,employment,10.0,12.0,mismatch,10.0,12.0,
texas-wad,Texas Worker Adjustment Demonstration,"El Paso women, Tier I/II vs Control (pooled SEE + SER/JOBS)",deepseek-v4.1-flash,2,st_emp_se,employment,4.3,,abstained,4.3,,
texas-wad,Texas Worker Adjustment Demonstration,"El Paso women, Tier I/II vs Control (pooled SEE + SER/JOBS)",deepseek-v4.1-flash,2,st_emp_stars,employment,**,*,mismatch,**,*,
texas-wad,Texas Worker Adjustment Demonstration,"El Paso women, Tier I/II vs Control (pooled SEE + SER/JOBS)",deepseek-v4.1-flash,2,st_emp_control_mean,employment,69.0,72.0,match,69.0,72.0,
texas-wad,Texas Worker Adjustment Demonstration,"El Paso women, Tier I/II vs Control (pooled SEE + SER/JOBS)",deepseek-v4.1-flash,2,mt_emp_impact,employment,,,both_null,,,
texas-wad,Texas Worker Adjustment Demonstration,"El Paso women, Tier I/II vs Control (pooled SEE + SER/JOBS)",deepseek-v4.1-flash,2,mt_emp_se,employment,,,both_null,,,
texas-wad,Texas Worker Adjustment Demonstration,"El Paso women, Tier I/II vs Control (pooled SEE + SER/JOBS)",deepseek-v4.1-flash,2,mt_emp_stars,employment,,,both_null,,,
texas-wad,Texas Worker Adjustment Demonstration,"El Paso women, Tier I/II vs Control (pooled SEE + SER/JOBS)",deepseek-v4.1-flash,2,mt_emp_control_mean,employment,,,both_null,,,
texas-wad,Texas Worker Adjustment Demonstration,"El Paso women, Tier I/II vs Control (pooled SEE + SER/JOBS)",deepseek-v4.1-flash,2,lt_emp_impact,employment,,,both_null,,,
texas-wad,Texas Worker Adjustment Demonstration,"El Paso women, Tier I/II vs Control (pooled SEE + SER/JOBS)",deepseek-v4.1-flash,2,lt_emp_se,employment,,,both_null,,,
texas-wad,Texas Worker Adjustment Demonstration,"El Paso women, Tier I/II vs Control (pooled SEE + SER/JOBS)",deepseek-v4.1-flash,2,lt_emp_stars,employment,,,both_null,,,
texas-wad,Texas Worker Adjustment Demonstration,"El Paso women, Tier I/II vs Control (pooled SEE + SER/JOBS)",deepseek-v4.1-flash,2,lt_emp_control_mean,employment,,,both_null,,,
texas-wad,Texas Worker Adjustment Demonstration,"El Paso women, Tier I/II vs Control (pooled SEE + SER/JOBS)",deepseek-v4.1-flash,2,st_earn_impact,earnings,987.0,827.0,mismatch,987.0,827.0,"annualised (gold x1, model x1); raw mismatch"
texas-wad,Texas Worker Adjustment Demonstration,"El Paso women, Tier I/II vs Control (pooled SEE + SER/JOBS)",deepseek-v4.1-flash,2,st_earn_se,earnings,424.2,,abstained,424.2,,
texas-wad,Texas Worker Adjustment Demonstration,"El Paso women, Tier I/II vs Control (pooled SEE + SER/JOBS)",deepseek-v4.1-flash,2,st_earn_stars,earnings,**,ns,mismatch,**,ns,
texas-wad,Texas Worker Adjustment Demonstration,"El Paso women, Tier I/II vs Control (pooled SEE + SER/JOBS)",deepseek-v4.1-flash,2,st_earn_control_mean,earnings,3525.0,,abstained,3525.0,,
texas-wad,Texas Worker Adjustment Demonstration,"El Paso women, Tier I/II vs Control (pooled SEE + SER/JOBS)",deepseek-v4.1-flash,2,mt_earn_impact,earnings,,,both_null,,,
texas-wad,Texas Worker Adjustment Demonstration,"El Paso women, Tier I/II vs Control (pooled SEE + SER/JOBS)",deepseek-v4.1-flash,2,mt_earn_se,earnings,,,both_null,,,
texas-wad,Texas Worker Adjustment Demonstration,"El Paso women, Tier I/II vs Control (pooled SEE + SER/JOBS)",deepseek-v4.1-flash,2,mt_earn_stars,earnings,,,both_null,,,
texas-wad,Texas Worker Adjustment Demonstration,"El Paso women, Tier I/II vs Control (pooled SEE + SER/JOBS)",deepseek-v4.1-flash,2,mt_earn_control_mean,earnings,,,both_null,,,
texas-wad,Texas Worker Adjustment Demonstration,"El Paso women, Tier I/II vs Control (pooled SEE + SER/JOBS)",deepseek-v4.1-flash,2,lt_earn_impact,earnings,,,both_null,,,
texas-wad,Texas Worker Adjustment Demonstration,"El Paso women, Tier I/II vs Control (pooled SEE + SER/JOBS)",deepseek-v4.1-flash,2,lt_earn_se,earnings,,,both_null,,,
texas-wad,Texas Worker Adjustment Demonstration,"El Paso women, Tier I/II vs Control (pooled SEE + SER/JOBS)",deepseek-v4.1-flash,2,lt_earn_stars,earnings,,,both_null,,,
texas-wad,Texas Worker Adjustment Demonstration,"El Paso women, Tier I/II vs Control (pooled SEE + SER/JOBS)",deepseek-v4.1-flash,2,lt_earn_control_mean,earnings,,,both_null,,,
texas-wad,Texas Worker Adjustment Demonstration,"El Paso women, Tier I/II vs Control (pooled SEE + SER/JOBS)",deepseek-v4.1-flash,2,cost_per_treated,cost,881.0,1099.0,mismatch,881.0,1099.0,
texas-wad,Texas Worker Adjustment Demonstration,"El Paso women, Tier I/II vs Control (pooled SEE + SER/JOBS)",gpt-5.6-terra,1,training_role,classification,secondary,secondary,match,secondary,secondary,
texas-wad,Texas Worker Adjustment Demonstration,"El Paso women, Tier I/II vs Control (pooled SEE + SER/JOBS)",gpt-5.6-terra,1,mandatory_voluntary,classification,mandatory,voluntary,mismatch,mandatory,voluntary,
texas-wad,Texas Worker Adjustment Demonstration,"El Paso women, Tier I/II vs Control (pooled SEE + SER/JOBS)",gpt-5.6-terra,1,funding_public_private,classification,public,public,match,public,public,
texas-wad,Texas Worker Adjustment Demonstration,"El Paso women, Tier I/II vs Control (pooled SEE + SER/JOBS)",gpt-5.6-terra,1,admin_public_private,classification,mixed,private,mismatch,mixed,private,
texas-wad,Texas Worker Adjustment Demonstration,"El Paso women, Tier I/II vs Control (pooled SEE + SER/JOBS)",gpt-5.6-terra,1,has_classroom,classification,1,True,match,True,True,
texas-wad,Texas Worker Adjustment Demonstration,"El Paso women, Tier I/II vs Control (pooled SEE + SER/JOBS)",gpt-5.6-terra,1,has_ojt,classification,1,True,match,True,True,
texas-wad,Texas Worker Adjustment Demonstration,"El Paso women, Tier I/II vs Control (pooled SEE + SER/JOBS)",gpt-5.6-terra,1,has_jsa,classification,1,True,match,True,True,
texas-wad,Texas Worker Adjustment Demonstration,"El Paso women, Tier I/II vs Control (pooled SEE + SER/JOBS)",gpt-5.6-terra,1,has_multiple_components,classification,1,True,match,True,True,
texas-wad,Texas Worker Adjustment Demonstration,"El Paso women, Tier I/II vs Control (pooled SEE + SER/JOBS)",gpt-5.6-terra,1,sector_program,classification,0,False,match,False,False,
texas-wad,Texas Worker Adjustment Demonstration,"El Paso women, Tier I/II vs Control (pooled SEE + SER/JOBS)",gpt-5.6-terra,1,randomization_period,design,July 1984 – March 1985,June 1984 - February 1985,match,"(1984, 7)-(1985, 3)","(1984, 6)-(1985, 2)",
texas-wad,Texas Worker Adjustment Demonstration,"El Paso women, Tier I/II vs Control (pooled SEE + SER/JOBS)",gpt-5.6-terra,1,n_treatment,design,349,169,mismatch,349.0,169.0,
texas-wad,Texas Worker Adjustment Demonstration,"El Paso women, Tier I/II vs Control (pooled SEE + SER/JOBS)",gpt-5.6-terra,1,n_control,design,283,134,mismatch,283.0,134.0,
texas-wad,Texas Worker Adjustment Demonstration,"El Paso women, Tier I/II vs Control (pooled SEE + SER/JOBS)",gpt-5.6-terra,1,outcome_data_source_type,design,UI wage records,ui_wage_records,match,ui_wage_records,ui_wage_records,
texas-wad,Texas Worker Adjustment Demonstration,"El Paso women, Tier I/II vs Control (pooled SEE + SER/JOBS)",gpt-5.6-terra,1,treatment_duration_months,design,3.5,3.91,match,3.5,3.91,
texas-wad,Texas Worker Adjustment Demonstration,"El Paso women, Tier I/II vs Control (pooled SEE + SER/JOBS)",gpt-5.6-terra,1,program_takeup_impact,design,82.0,,abstained,82.0,,
texas-wad,Texas Worker Adjustment Demonstration,"El Paso women, Tier I/II vs Control (pooled SEE + SER/JOBS)",gpt-5.6-terra,1,st_emp_impact,employment,10.0,11.0,mismatch,10.0,11.0,
texas-wad,Texas Worker Adjustment Demonstration,"El Paso women, Tier I/II vs Control (pooled SEE + SER/JOBS)",gpt-5.6-terra,1,st_emp_se,employment,4.3,,abstained,4.3,,
texas-wad,Texas Worker Adjustment Demonstration,"El Paso women, Tier I/II vs Control (pooled SEE + SER/JOBS)",gpt-5.6-terra,1,st_emp_stars,employment,**,*,mismatch,**,*,
texas-wad,Texas Worker Adjustment Demonstration,"El Paso women, Tier I/II vs Control (pooled SEE + SER/JOBS)",gpt-5.6-terra,1,st_emp_control_mean,employment,69.0,,abstained,69.0,,
texas-wad,Texas Worker Adjustment Demonstration,"El Paso women, Tier I/II vs Control (pooled SEE + SER/JOBS)",gpt-5.6-terra,1,mt_emp_impact,employment,,,both_null,,,
texas-wad,Texas Worker Adjustment Demonstration,"El Paso women, Tier I/II vs Control (pooled SEE + SER/JOBS)",gpt-5.6-terra,1,mt_emp_se,employment,,,both_null,,,
texas-wad,Texas Worker Adjustment Demonstration,"El Paso women, Tier I/II vs Control (pooled SEE + SER/JOBS)",gpt-5.6-terra,1,mt_emp_stars,employment,,,both_null,,,
texas-wad,Texas Worker Adjustment Demonstration,"El Paso women, Tier I/II vs Control (pooled SEE + SER/JOBS)",gpt-5.6-terra,1,mt_emp_control_mean,employment,,,both_null,,,
texas-wad,Texas Worker Adjustment Demonstration,"El Paso women, Tier I/II vs Control (pooled SEE + SER/JOBS)",gpt-5.6-terra,1,lt_emp_impact,employment,,,both_null,,,
texas-wad,Texas Worker Adjustment Demonstration,"El Paso women, Tier I/II vs Control (pooled SEE + SER/JOBS)",gpt-5.6-terra,1,lt_emp_se,employment,,,both_null,,,
texas-wad,Texas Worker Adjustment Demonstration,"El Paso women, Tier I/II vs Control (pooled SEE + SER/JOBS)",gpt-5.6-terra,1,lt_emp_stars,employment,,,both_null,,,
texas-wad,Texas Worker Adjustment Demonstration,"El Paso women, Tier I/II vs Control (pooled SEE + SER/JOBS)",gpt-5.6-terra,1,lt_emp_control_mean,employment,,,both_null,,,
texas-wad,Texas Worker Adjustment Demonstration,"El Paso women, Tier I/II vs Control (pooled SEE + SER/JOBS)",gpt-5.6-terra,1,st_earn_impact,earnings,987.0,827.0,mismatch,987.0,827.0,"annualised (gold x1, model x1); raw mismatch"
texas-wad,Texas Worker Adjustment Demonstration,"El Paso women, Tier I/II vs Control (pooled SEE + SER/JOBS)",gpt-5.6-terra,1,st_earn_se,earnings,424.2,,abstained,424.2,,
texas-wad,Texas Worker Adjustment Demonstration,"El Paso women, Tier I/II vs Control (pooled SEE + SER/JOBS)",gpt-5.6-terra,1,st_earn_stars,earnings,**,ns,mismatch,**,ns,
texas-wad,Texas Worker Adjustment Demonstration,"El Paso women, Tier I/II vs Control (pooled SEE + SER/JOBS)",gpt-5.6-terra,1,st_earn_control_mean,earnings,3525.0,,abstained,3525.0,,
texas-wad,Texas Worker Adjustment Demonstration,"El Paso women, Tier I/II vs Control (pooled SEE + SER/JOBS)",gpt-5.6-terra,1,mt_earn_impact,earnings,,,both_null,,,
texas-wad,Texas Worker Adjustment Demonstration,"El Paso women, Tier I/II vs Control (pooled SEE + SER/JOBS)",gpt-5.6-terra,1,mt_earn_se,earnings,,,both_null,,,
texas-wad,Texas Worker Adjustment Demonstration,"El Paso women, Tier I/II vs Control (pooled SEE + SER/JOBS)",gpt-5.6-terra,1,mt_earn_stars,earnings,,,both_null,,,
texas-wad,Texas Worker Adjustment Demonstration,"El Paso women, Tier I/II vs Control (pooled SEE + SER/JOBS)",gpt-5.6-terra,1,mt_earn_control_mean,earnings,,,both_null,,,
texas-wad,Texas Worker Adjustment Demonstration,"El Paso women, Tier I/II vs Control (pooled SEE + SER/JOBS)",gpt-5.6-terra,1,lt_earn_impact,earnings,,,both_null,,,
texas-wad,Texas Worker Adjustment Demonstration,"El Paso women, Tier I/II vs Control (pooled SEE + SER/JOBS)",gpt-5.6-terra,1,lt_earn_se,earnings,,,both_null,,,
texas-wad,Texas Worker Adjustment Demonstration,"El Paso women, Tier I/II vs Control (pooled SEE + SER/JOBS)",gpt-5.6-terra,1,lt_earn_stars,earnings,,,both_null,,,
texas-wad,Texas Worker Adjustment Demonstration,"El Paso women, Tier I/II vs Control (pooled SEE + SER/JOBS)",gpt-5.6-terra,1,lt_earn_control_mean,earnings,,,both_null,,,
texas-wad,Texas Worker Adjustment Demonstration,"El Paso women, Tier I/II vs Control (pooled SEE + SER/JOBS)",gpt-5.6-terra,1,cost_per_treated,cost,881.0,,abstained,881.0,,
texas-wad,Texas Worker Adjustment Demonstration,"Houston men, TEC/HCC: Tier I/II vs Tier I",gpt-5.6-terra,1,training_role,classification,primary,secondary,mismatch,primary,secondary,
texas-wad,Texas Worker Adjustment Demonstration,"Houston men, TEC/HCC: Tier I/II vs Tier I",gpt-5.6-terra,1,mandatory_voluntary,classification,mandatory,voluntary,mismatch,mandatory,voluntary,
texas-wad,Texas Worker Adjustment Demonstration,"Houston men, TEC/HCC: Tier I/II vs Tier I",gpt-5.6-terra,1,funding_public_private,classification,public,public,match,public,public,
texas-wad,Texas Worker Adjustment Demonstration,"Houston men, TEC/HCC: Tier I/II vs Tier I",gpt-5.6-terra,1,admin_public_private,classification,mixed,public,mismatch,mixed,public,
texas-wad,Texas Worker Adjustment Demonstration,"Houston men, TEC/HCC: Tier I/II vs Tier I",gpt-5.6-terra,1,has_classroom,classification,1,True,match,True,True,
texas-wad,Texas Worker Adjustment Demonstration,"Houston men, TEC/HCC: Tier I/II vs Tier I",gpt-5.6-terra,1,has_ojt,classification,1,True,match,True,True,
texas-wad,Texas Worker Adjustment Demonstration,"Houston men, TEC/HCC: Tier I/II vs Tier I",gpt-5.6-terra,1,has_jsa,classification,1,True,match,True,True,
texas-wad,Texas Worker Adjustment Demonstration,"Houston men, TEC/HCC: Tier I/II vs Tier I",gpt-5.6-terra,1,has_multiple_components,classification,1,True,match,True,True,
texas-wad,Texas Worker Adjustment Demonstration,"Houston men, TEC/HCC: Tier I/II vs Tier I",gpt-5.6-terra,1,sector_program,classification,0,False,match,False,False,
texas-wad,Texas Worker Adjustment Demonstration,"Houston men, TEC/HCC: Tier I/II vs Tier I",gpt-5.6-terra,1,randomization_period,design,July 1984 – March 1985,July 1984 - February 1985,match,"(1984, 7)-(1985, 3)","(1984, 7)-(1985, 2)",
texas-wad,Texas Worker Adjustment Demonstration,"Houston men, TEC/HCC: Tier I/II vs Tier I",gpt-5.6-terra,1,n_treatment,design,649,368,mismatch,649.0,368.0,
texas-wad,Texas Worker Adjustment Demonstration,"Houston men, TEC/HCC: Tier I/II vs Tier I",gpt-5.6-terra,1,n_control,design,451,198,mismatch,451.0,198.0,
texas-wad,Texas Worker Adjustment Demonstration,"Houston men, TEC/HCC: Tier I/II vs Tier I",gpt-5.6-terra,1,outcome_data_source_type,design,UI wage records,ui_wage_records,match,ui_wage_records,ui_wage_records,
texas-wad,Texas Worker Adjustment Demonstration,"Houston men, TEC/HCC: Tier I/II vs Tier I",gpt-5.6-terra,1,treatment_duration_months,design,3.5,3.91,match,3.5,3.91,
texas-wad,Texas Worker Adjustment Demonstration,"Houston men, TEC/HCC: Tier I/II vs Tier I",gpt-5.6-terra,1,program_takeup_impact,design,72.0,,abstained,72.0,,
texas-wad,Texas Worker Adjustment Demonstration,"Houston men, TEC/HCC: Tier I/II vs Tier I",gpt-5.6-terra,1,st_emp_impact,employment,-9.0,0.0,mismatch,-9.0,0.0,
texas-wad,Texas Worker Adjustment Demonstration,"Houston men, TEC/HCC: Tier I/II vs Tier I",gpt-5.6-terra,1,st_emp_se,employment,,,both_null,,,
texas-wad,Texas Worker Adjustment Demonstration,"Houston men, TEC/HCC: Tier I/II vs Tier I",gpt-5.6-terra,1,st_emp_stars,employment,,ns,match,ns,ns,
texas-wad,Texas Worker Adjustment Demonstration,"Houston men, TEC/HCC: Tier I/II vs Tier I",gpt-5.6-terra,1,st_emp_control_mean,employment,10.0,,abstained,10.0,,
texas-wad,Texas Worker Adjustment Demonstration,"Houston men, TEC/HCC: Tier I/II vs Tier I",gpt-5.6-terra,1,mt_emp_impact,employment,,,both_null,,,
texas-wad,Texas Worker Adjustment Demonstration,"Houston men, TEC/HCC: Tier I/II vs Tier I",gpt-5.6-terra,1,mt_emp_se,employment,,,both_null,,,
texas-wad,Texas Worker Adjustment Demonstration,"Houston men, TEC/HCC: Tier I/II vs Tier I",gpt-5.6-terra,1,mt_emp_stars,employment,,,both_null,,,
texas-wad,Texas Worker Adjustment Demonstration,"Houston men, TEC/HCC: Tier I/II vs Tier I",gpt-5.6-terra,1,mt_emp_control_mean,employment,,,both_null,,,
texas-wad,Texas Worker Adjustment Demonstration,"Houston men, TEC/HCC: Tier I/II vs Tier I",gpt-5.6-terra,1,lt_emp_impact,employment,,,both_null,,,
texas-wad,Texas Worker Adjustment Demonstration,"Houston men, TEC/HCC: Tier I/II vs Tier I",gpt-5.6-terra,1,lt_emp_se,employment,,,both_null,,,
texas-wad,Texas Worker Adjustment Demonstration,"Houston men, TEC/HCC: Tier I/II vs Tier I",gpt-5.6-terra,1,lt_emp_stars,employment,,,both_null,,,
texas-wad,Texas Worker Adjustment Demonstration,"Houston men, TEC/HCC: Tier I/II vs Tier I",gpt-5.6-terra,1,lt_emp_control_mean,employment,,,both_null,,,
texas-wad,Texas Worker Adjustment Demonstration,"Houston men, TEC/HCC: Tier I/II vs Tier I",gpt-5.6-terra,1,st_earn_impact,earnings,-83.0,320.0,mismatch,-83.0,320.0,"annualised (gold x1, model x1); raw mismatch"
texas-wad,Texas Worker Adjustment Demonstration,"Houston men, TEC/HCC: Tier I/II vs Tier I",gpt-5.6-terra,1,st_earn_se,earnings,,,both_null,,,
texas-wad,Texas Worker Adjustment Demonstration,"Houston men, TEC/HCC: Tier I/II vs Tier I",gpt-5.6-terra,1,st_earn_stars,earnings,,ns,match,ns,ns,
texas-wad,Texas Worker Adjustment Demonstration,"Houston men, TEC/HCC: Tier I/II vs Tier I",gpt-5.6-terra,1,st_earn_control_mean,earnings,403.0,,abstained,403.0,,
texas-wad,Texas Worker Adjustment Demonstration,"Houston men, TEC/HCC: Tier I/II vs Tier I",gpt-5.6-terra,1,mt_earn_impact,earnings,,,both_null,,,
texas-wad,Texas Worker Adjustment Demonstration,"Houston men, TEC/HCC: Tier I/II vs Tier I",gpt-5.6-terra,1,mt_earn_se,earnings,,,both_null,,,
texas-wad,Texas Worker Adjustment Demonstration,"Houston men, TEC/HCC: Tier I/II vs Tier I",gpt-5.6-terra,1,mt_earn_stars,earnings,,,both_null,,,
texas-wad,Texas Worker Adjustment Demonstration,"Houston men, TEC/HCC: Tier I/II vs Tier I",gpt-5.6-terra,1,mt_earn_control_mean,earnings,,,both_null,,,
texas-wad,Texas Worker Adjustment Demonstration,"Houston men, TEC/HCC: Tier I/II vs Tier I",gpt-5.6-terra,1,lt_earn_impact,earnings,,,both_null,,,
texas-wad,Texas Worker Adjustment Demonstration,"Houston men, TEC/HCC: Tier I/II vs Tier I",gpt-5.6-terra,1,lt_earn_se,earnings,,,both_null,,,
texas-wad,Texas Worker Adjustment Demonstration,"Houston men, TEC/HCC: Tier I/II vs Tier I",gpt-5.6-terra,1,lt_earn_stars,earnings,,,both_null,,,
texas-wad,Texas Worker Adjustment Demonstration,"Houston men, TEC/HCC: Tier I/II vs Tier I",gpt-5.6-terra,1,lt_earn_control_mean,earnings,,,both_null,,,
texas-wad,Texas Worker Adjustment Demonstration,"Houston men, TEC/HCC: Tier I/II vs Tier I",gpt-5.6-terra,1,cost_per_treated,cost,3215.0,,abstained,3215.0,,
texas-wad,Texas Worker Adjustment Demonstration,"El Paso women, Tier I/II vs Control (pooled SEE + SER/JOBS)",gpt-5.6-terra,2,training_role,classification,secondary,secondary,match,secondary,secondary,
texas-wad,Texas Worker Adjustment Demonstration,"El Paso women, Tier I/II vs Control (pooled SEE + SER/JOBS)",gpt-5.6-terra,2,mandatory_voluntary,classification,mandatory,voluntary,mismatch,mandatory,voluntary,
texas-wad,Texas Worker Adjustment Demonstration,"El Paso women, Tier I/II vs Control (pooled SEE + SER/JOBS)",gpt-5.6-terra,2,funding_public_private,classification,public,public,match,public,public,
texas-wad,Texas Worker Adjustment Demonstration,"El Paso women, Tier I/II vs Control (pooled SEE + SER/JOBS)",gpt-5.6-terra,2,admin_public_private,classification,mixed,private,mismatch,mixed,private,
texas-wad,Texas Worker Adjustment Demonstration,"El Paso women, Tier I/II vs Control (pooled SEE + SER/JOBS)",gpt-5.6-terra,2,has_classroom,classification,1,True,match,True,True,
texas-wad,Texas Worker Adjustment Demonstration,"El Paso women, Tier I/II vs Control (pooled SEE + SER/JOBS)",gpt-5.6-terra,2,has_ojt,classification,1,True,match,True,True,
texas-wad,Texas Worker Adjustment Demonstration,"El Paso women, Tier I/II vs Control (pooled SEE + SER/JOBS)",gpt-5.6-terra,2,has_jsa,classification,1,True,match,True,True,
texas-wad,Texas Worker Adjustment Demonstration,"El Paso women, Tier I/II vs Control (pooled SEE + SER/JOBS)",gpt-5.6-terra,2,has_multiple_components,classification,1,True,match,True,True,
texas-wad,Texas Worker Adjustment Demonstration,"El Paso women, Tier I/II vs Control (pooled SEE + SER/JOBS)",gpt-5.6-terra,2,sector_program,classification,0,False,match,False,False,
texas-wad,Texas Worker Adjustment Demonstration,"El Paso women, Tier I/II vs Control (pooled SEE + SER/JOBS)",gpt-5.6-terra,2,randomization_period,design,July 1984 – March 1985,June 1984 - February 1985,match,"(1984, 7)-(1985, 3)","(1984, 6)-(1985, 2)",
texas-wad,Texas Worker Adjustment Demonstration,"El Paso women, Tier I/II vs Control (pooled SEE + SER/JOBS)",gpt-5.6-terra,2,n_treatment,design,349,,abstained,349.0,,
texas-wad,Texas Worker Adjustment Demonstration,"El Paso women, Tier I/II vs Control (pooled SEE + SER/JOBS)",gpt-5.6-terra,2,n_control,design,283,,abstained,283.0,,
texas-wad,Texas Worker Adjustment Demonstration,"El Paso women, Tier I/II vs Control (pooled SEE + SER/JOBS)",gpt-5.6-terra,2,outcome_data_source_type,design,UI wage records,ui_wage_records,match,ui_wage_records,ui_wage_records,
texas-wad,Texas Worker Adjustment Demonstration,"El Paso women, Tier I/II vs Control (pooled SEE + SER/JOBS)",gpt-5.6-terra,2,treatment_duration_months,design,3.5,3.91,match,3.5,3.91,
texas-wad,Texas Worker Adjustment Demonstration,"El Paso women, Tier I/II vs Control (pooled SEE + SER/JOBS)",gpt-5.6-terra,2,program_takeup_impact,design,82.0,,abstained,82.0,,
texas-wad,Texas Worker Adjustment Demonstration,"El Paso women, Tier I/II vs Control (pooled SEE + SER/JOBS)",gpt-5.6-terra,2,st_emp_impact,employment,10.0,11.0,mismatch,10.0,11.0,
texas-wad,Texas Worker Adjustment Demonstration,"El Paso women, Tier I/II vs Control (pooled SEE + SER/JOBS)",gpt-5.6-terra,2,st_emp_se,employment,4.3,,abstained,4.3,,
texas-wad,Texas Worker Adjustment Demonstration,"El Paso women, Tier I/II vs Control (pooled SEE + SER/JOBS)",gpt-5.6-terra,2,st_emp_stars,employment,**,*,mismatch,**,*,
texas-wad,Texas Worker Adjustment Demonstration,"El Paso women, Tier I/II vs Control (pooled SEE + SER/JOBS)",gpt-5.6-terra,2,st_emp_control_mean,employment,69.0,,abstained,69.0,,
texas-wad,Texas Worker Adjustment Demonstration,"El Paso women, Tier I/II vs Control (pooled SEE + SER/JOBS)",gpt-5.6-terra,2,mt_emp_impact,employment,,,both_null,,,
texas-wad,Texas Worker Adjustment Demonstration,"El Paso women, Tier I/II vs Control (pooled SEE + SER/JOBS)",gpt-5.6-terra,2,mt_emp_se,employment,,,both_null,,,
texas-wad,Texas Worker Adjustment Demonstration,"El Paso women, Tier I/II vs Control (pooled SEE + SER/JOBS)",gpt-5.6-terra,2,mt_emp_stars,employment,,,both_null,,,
texas-wad,Texas Worker Adjustment Demonstration,"El Paso women, Tier I/II vs Control (pooled SEE + SER/JOBS)",gpt-5.6-terra,2,mt_emp_control_mean,employment,,,both_null,,,
texas-wad,Texas Worker Adjustment Demonstration,"El Paso women, Tier I/II vs Control (pooled SEE + SER/JOBS)",gpt-5.6-terra,2,lt_emp_impact,employment,,,both_null,,,
texas-wad,Texas Worker Adjustment Demonstration,"El Paso women, Tier I/II vs Control (pooled SEE + SER/JOBS)",gpt-5.6-terra,2,lt_emp_se,employment,,,both_null,,,
texas-wad,Texas Worker Adjustment Demonstration,"El Paso women, Tier I/II vs Control (pooled SEE + SER/JOBS)",gpt-5.6-terra,2,lt_emp_stars,employment,,,both_null,,,
texas-wad,Texas Worker Adjustment Demonstration,"El Paso women, Tier I/II vs Control (pooled SEE + SER/JOBS)",gpt-5.6-terra,2,lt_emp_control_mean,employment,,,both_null,,,
texas-wad,Texas Worker Adjustment Demonstration,"El Paso women, Tier I/II vs Control (pooled SEE + SER/JOBS)",gpt-5.6-terra,2,st_earn_impact,earnings,987.0,827.0,mismatch,987.0,827.0,"annualised (gold x1, model x1); raw mismatch"
texas-wad,Texas Worker Adjustment Demonstration,"El Paso women, Tier I/II vs Control (pooled SEE + SER/JOBS)",gpt-5.6-terra,2,st_earn_se,earnings,424.2,,abstained,424.2,,
texas-wad,Texas Worker Adjustment Demonstration,"El Paso women, Tier I/II vs Control (pooled SEE + SER/JOBS)",gpt-5.6-terra,2,st_earn_stars,earnings,**,ns,mismatch,**,ns,
texas-wad,Texas Worker Adjustment Demonstration,"El Paso women, Tier I/II vs Control (pooled SEE + SER/JOBS)",gpt-5.6-terra,2,st_earn_control_mean,earnings,3525.0,,abstained,3525.0,,
texas-wad,Texas Worker Adjustment Demonstration,"El Paso women, Tier I/II vs Control (pooled SEE + SER/JOBS)",gpt-5.6-terra,2,mt_earn_impact,earnings,,,both_null,,,
texas-wad,Texas Worker Adjustment Demonstration,"El Paso women, Tier I/II vs Control (pooled SEE + SER/JOBS)",gpt-5.6-terra,2,mt_earn_se,earnings,,,both_null,,,
texas-wad,Texas Worker Adjustment Demonstration,"El Paso women, Tier I/II vs Control (pooled SEE + SER/JOBS)",gpt-5.6-terra,2,mt_earn_stars,earnings,,,both_null,,,
texas-wad,Texas Worker Adjustment Demonstration,"El Paso women, Tier I/II vs Control (pooled SEE + SER/JOBS)",gpt-5.6-terra,2,mt_earn_control_mean,earnings,,,both_null,,,
texas-wad,Texas Worker Adjustment Demonstration,"El Paso women, Tier I/II vs Control (pooled SEE + SER/JOBS)",gpt-5.6-terra,2,lt_earn_impact,earnings,,,both_null,,,
texas-wad,Texas Worker Adjustment Demonstration,"El Paso women, Tier I/II vs Control (pooled SEE + SER/JOBS)",gpt-5.6-terra,2,lt_earn_se,earnings,,,both_null,,,
texas-wad,Texas Worker Adjustment Demonstration,"El Paso women, Tier I/II vs Control (pooled SEE + SER/JOBS)",gpt-5.6-terra,2,lt_earn_stars,earnings,,,both_null,,,
texas-wad,Texas Worker Adjustment Demonstration,"El Paso women, Tier I/II vs Control (pooled SEE + SER/JOBS)",gpt-5.6-terra,2,lt_earn_control_mean,earnings,,,both_null,,,
texas-wad,Texas Worker Adjustment Demonstration,"El Paso women, Tier I/II vs Control (pooled SEE + SER/JOBS)",gpt-5.6-terra,2,cost_per_treated,cost,881.0,,abstained,881.0,,
texas-wad,Texas Worker Adjustment Demonstration,"Houston men, TEC/HCC: Tier I/II vs Tier I",gpt-5.6-terra,2,training_role,classification,primary,secondary,mismatch,primary,secondary,
texas-wad,Texas Worker Adjustment Demonstration,"Houston men, TEC/HCC: Tier I/II vs Tier I",gpt-5.6-terra,2,mandatory_voluntary,classification,mandatory,voluntary,mismatch,mandatory,voluntary,
texas-wad,Texas Worker Adjustment Demonstration,"Houston men, TEC/HCC: Tier I/II vs Tier I",gpt-5.6-terra,2,funding_public_private,classification,public,public,match,public,public,
texas-wad,Texas Worker Adjustment Demonstration,"Houston men, TEC/HCC: Tier I/II vs Tier I",gpt-5.6-terra,2,admin_public_private,classification,mixed,mixed,match,mixed,mixed,
texas-wad,Texas Worker Adjustment Demonstration,"Houston men, TEC/HCC: Tier I/II vs Tier I",gpt-5.6-terra,2,has_classroom,classification,1,True,match,True,True,
texas-wad,Texas Worker Adjustment Demonstration,"Houston men, TEC/HCC: Tier I/II vs Tier I",gpt-5.6-terra,2,has_ojt,classification,1,True,match,True,True,
texas-wad,Texas Worker Adjustment Demonstration,"Houston men, TEC/HCC: Tier I/II vs Tier I",gpt-5.6-terra,2,has_jsa,classification,1,True,match,True,True,
texas-wad,Texas Worker Adjustment Demonstration,"Houston men, TEC/HCC: Tier I/II vs Tier I",gpt-5.6-terra,2,has_multiple_components,classification,1,True,match,True,True,
texas-wad,Texas Worker Adjustment Demonstration,"Houston men, TEC/HCC: Tier I/II vs Tier I",gpt-5.6-terra,2,sector_program,classification,0,False,match,False,False,
texas-wad,Texas Worker Adjustment Demonstration,"Houston men, TEC/HCC: Tier I/II vs Tier I",gpt-5.6-terra,2,randomization_period,design,July 1984 – March 1985,July 1984 - February 1985,match,"(1984, 7)-(1985, 3)","(1984, 7)-(1985, 2)",
texas-wad,Texas Worker Adjustment Demonstration,"Houston men, TEC/HCC: Tier I/II vs Tier I",gpt-5.6-terra,2,n_treatment,design,649,,abstained,649.0,,
texas-wad,Texas Worker Adjustment Demonstration,"Houston men, TEC/HCC: Tier I/II vs Tier I",gpt-5.6-terra,2,n_control,design,451,,abstained,451.0,,
texas-wad,Texas Worker Adjustment Demonstration,"Houston men, TEC/HCC: Tier I/II vs Tier I",gpt-5.6-terra,2,outcome_data_source_type,design,UI wage records,ui_wage_records,match,ui_wage_records,ui_wage_records,
texas-wad,Texas Worker Adjustment Demonstration,"Houston men, TEC/HCC: Tier I/II vs Tier I",gpt-5.6-terra,2,treatment_duration_months,design,3.5,3.91,match,3.5,3.91,
texas-wad,Texas Worker Adjustment Demonstration,"Houston men, TEC/HCC: Tier I/II vs Tier I",gpt-5.6-terra,2,program_takeup_impact,design,72.0,,abstained,72.0,,
texas-wad,Texas Worker Adjustment Demonstration,"Houston men, TEC/HCC: Tier I/II vs Tier I",gpt-5.6-terra,2,st_emp_impact,employment,-9.0,,abstained,-9.0,,
texas-wad,Texas Worker Adjustment Demonstration,"Houston men, TEC/HCC: Tier I/II vs Tier I",gpt-5.6-terra,2,st_emp_se,employment,,,both_null,,,
texas-wad,Texas Worker Adjustment Demonstration,"Houston men, TEC/HCC: Tier I/II vs Tier I",gpt-5.6-terra,2,st_emp_stars,employment,,ns,match,ns,ns,
texas-wad,Texas Worker Adjustment Demonstration,"Houston men, TEC/HCC: Tier I/II vs Tier I",gpt-5.6-terra,2,st_emp_control_mean,employment,10.0,,abstained,10.0,,
texas-wad,Texas Worker Adjustment Demonstration,"Houston men, TEC/HCC: Tier I/II vs Tier I",gpt-5.6-terra,2,mt_emp_impact,employment,,,both_null,,,
texas-wad,Texas Worker Adjustment Demonstration,"Houston men, TEC/HCC: Tier I/II vs Tier I",gpt-5.6-terra,2,mt_emp_se,employment,,,both_null,,,
texas-wad,Texas Worker Adjustment Demonstration,"Houston men, TEC/HCC: Tier I/II vs Tier I",gpt-5.6-terra,2,mt_emp_stars,employment,,,both_null,,,
texas-wad,Texas Worker Adjustment Demonstration,"Houston men, TEC/HCC: Tier I/II vs Tier I",gpt-5.6-terra,2,mt_emp_control_mean,employment,,,both_null,,,
texas-wad,Texas Worker Adjustment Demonstration,"Houston men, TEC/HCC: Tier I/II vs Tier I",gpt-5.6-terra,2,lt_emp_impact,employment,,,both_null,,,
texas-wad,Texas Worker Adjustment Demonstration,"Houston men, TEC/HCC: Tier I/II vs Tier I",gpt-5.6-terra,2,lt_emp_se,employment,,,both_null,,,
texas-wad,Texas Worker Adjustment Demonstration,"Houston men, TEC/HCC: Tier I/II vs Tier I",gpt-5.6-terra,2,lt_emp_stars,employment,,,both_null,,,
texas-wad,Texas Worker Adjustment Demonstration,"Houston men, TEC/HCC: Tier I/II vs Tier I",gpt-5.6-terra,2,lt_emp_control_mean,employment,,,both_null,,,
texas-wad,Texas Worker Adjustment Demonstration,"Houston men, TEC/HCC: Tier I/II vs Tier I",gpt-5.6-terra,2,st_earn_impact,earnings,-83.0,320.0,mismatch,-83.0,320.0,"annualised (gold x1, model x1); raw mismatch"
texas-wad,Texas Worker Adjustment Demonstration,"Houston men, TEC/HCC: Tier I/II vs Tier I",gpt-5.6-terra,2,st_earn_se,earnings,,,both_null,,,
texas-wad,Texas Worker Adjustment Demonstration,"Houston men, TEC/HCC: Tier I/II vs Tier I",gpt-5.6-terra,2,st_earn_stars,earnings,,ns,match,ns,ns,
texas-wad,Texas Worker Adjustment Demonstration,"Houston men, TEC/HCC: Tier I/II vs Tier I",gpt-5.6-terra,2,st_earn_control_mean,earnings,403.0,,abstained,403.0,,
texas-wad,Texas Worker Adjustment Demonstration,"Houston men, TEC/HCC: Tier I/II vs Tier I",gpt-5.6-terra,2,mt_earn_impact,earnings,,,both_null,,,
texas-wad,Texas Worker Adjustment Demonstration,"Houston men, TEC/HCC: Tier I/II vs Tier I",gpt-5.6-terra,2,mt_earn_se,earnings,,,both_null,,,
texas-wad,Texas Worker Adjustment Demonstration,"Houston men, TEC/HCC: Tier I/II vs Tier I",gpt-5.6-terra,2,mt_earn_stars,earnings,,,both_null,,,
texas-wad,Texas Worker Adjustment Demonstration,"Houston men, TEC/HCC: Tier I/II vs Tier I",gpt-5.6-terra,2,mt_earn_control_mean,earnings,,,both_null,,,
texas-wad,Texas Worker Adjustment Demonstration,"Houston men, TEC/HCC: Tier I/II vs Tier I",gpt-5.6-terra,2,lt_earn_impact,earnings,,,both_null,,,
texas-wad,Texas Worker Adjustment Demonstration,"Houston men, TEC/HCC: Tier I/II vs Tier I",gpt-5.6-terra,2,lt_earn_se,earnings,,,both_null,,,
texas-wad,Texas Worker Adjustment Demonstration,"Houston men, TEC/HCC: Tier I/II vs Tier I",gpt-5.6-terra,2,lt_earn_stars,earnings,,,both_null,,,
texas-wad,Texas Worker Adjustment Demonstration,"Houston men, TEC/HCC: Tier I/II vs Tier I",gpt-5.6-terra,2,lt_earn_control_mean,earnings,,,both_null,,,
texas-wad,Texas Worker Adjustment Demonstration,"Houston men, TEC/HCC: Tier I/II vs Tier I",gpt-5.6-terra,2,cost_per_treated,cost,3215.0,,abstained,3215.0,,
workadvance,WorkAdvance,Per Scholas (Bronx),deepseek-v4.1-flash,1,training_role,classification,primary,primary,match,primary,primary,
workadvance,WorkAdvance,Per Scholas (Bronx),deepseek-v4.1-flash,1,mandatory_voluntary,classification,voluntary,voluntary,match,voluntary,voluntary,
workadvance,WorkAdvance,Per Scholas (Bronx),deepseek-v4.1-flash,1,funding_public_private,classification,mixed,mixed,match,mixed,mixed,
workadvance,WorkAdvance,Per Scholas (Bronx),deepseek-v4.1-flash,1,admin_public_private,classification,private,private,match,private,private,
workadvance,WorkAdvance,Per Scholas (Bronx),deepseek-v4.1-flash,1,has_classroom,classification,1,True,match,True,True,
workadvance,WorkAdvance,Per Scholas (Bronx),deepseek-v4.1-flash,1,has_ojt,classification,1,True,match,True,True,
workadvance,WorkAdvance,Per Scholas (Bronx),deepseek-v4.1-flash,1,has_jsa,classification,1,True,match,True,True,
workadvance,WorkAdvance,Per Scholas (Bronx),deepseek-v4.1-flash,1,has_multiple_components,classification,1,True,match,True,True,
workadvance,WorkAdvance,Per Scholas (Bronx),deepseek-v4.1-flash,1,sector_program,classification,1,True,match,True,True,
workadvance,WorkAdvance,Per Scholas (Bronx),deepseek-v4.1-flash,1,randomization_period,design,June 2011 – June 2013,June 2011 - June 2013,match,"(2011, 6)-(2013, 6)","(2011, 6)-(2013, 6)",
workadvance,WorkAdvance,Per Scholas (Bronx),deepseek-v4.1-flash,1,n_treatment,design,349,349,match,349.0,349.0,
workadvance,WorkAdvance,Per Scholas (Bronx),deepseek-v4.1-flash,1,n_control,design,341,341,match,341.0,341.0,
workadvance,WorkAdvance,Per Scholas (Bronx),deepseek-v4.1-flash,1,outcome_data_source_type,design,NDNH,ui_wage_records,mismatch,ndnh,ui_wage_records,
workadvance,WorkAdvance,Per Scholas (Bronx),deepseek-v4.1-flash,1,treatment_duration_months,design,3.75,,abstained,3.75,,
workadvance,WorkAdvance,Per Scholas (Bronx),deepseek-v4.1-flash,1,program_takeup_impact,design,68.3,95.7,mismatch,68.3,95.7,
workadvance,WorkAdvance,Per Scholas (Bronx),deepseek-v4.1-flash,1,st_emp_impact,employment,6.1,6.1,match,6.1,6.1,
workadvance,WorkAdvance,Per Scholas (Bronx),deepseek-v4.1-flash,1,st_emp_se,employment,3.7,3.2,match,3.7,3.2,
workadvance,WorkAdvance,Per Scholas (Bronx),deepseek-v4.1-flash,1,st_emp_stars,employment,*,*,match,*,*,
workadvance,WorkAdvance,Per Scholas (Bronx),deepseek-v4.1-flash,1,st_emp_control_mean,employment,71.0,71.0,match,71.0,71.0,
workadvance,WorkAdvance,Per Scholas (Bronx),deepseek-v4.1-flash,1,mt_emp_impact,employment,6.0,6.0,match,6.0,6.0,
workadvance,WorkAdvance,Per Scholas (Bronx),deepseek-v4.1-flash,1,mt_emp_se,employment,3.1,3.1,match,3.1,3.1,
workadvance,WorkAdvance,Per Scholas (Bronx),deepseek-v4.1-flash,1,mt_emp_stars,employment,**,**,match,**,**,
workadvance,WorkAdvance,Per Scholas (Bronx),deepseek-v4.1-flash,1,mt_emp_control_mean,employment,76.4,76.4,match,76.4,76.4,
workadvance,WorkAdvance,Per Scholas (Bronx),deepseek-v4.1-flash,1,lt_emp_impact,employment,1.3,1.3,match,1.3,1.3,
workadvance,WorkAdvance,Per Scholas (Bronx),deepseek-v4.1-flash,1,lt_emp_se,employment,,,both_null,,,
workadvance,WorkAdvance,Per Scholas (Bronx),deepseek-v4.1-flash,1,lt_emp_stars,employment,,ns,match,ns,ns,
workadvance,WorkAdvance,Per Scholas (Bronx),deepseek-v4.1-flash,1,lt_emp_control_mean,employment,83.3,83.3,match,83.3,83.3,
workadvance,WorkAdvance,Per Scholas (Bronx),deepseek-v4.1-flash,1,st_earn_impact,earnings,150.0,150.0,match,150.0,150.0,"annualised (gold x1, model x1); raw match"
workadvance,WorkAdvance,Per Scholas (Bronx),deepseek-v4.1-flash,1,st_earn_se,earnings,,772.0,extra_value,,772.0,
workadvance,WorkAdvance,Per Scholas (Bronx),deepseek-v4.1-flash,1,st_earn_stars,earnings,,ns,match,ns,ns,
workadvance,WorkAdvance,Per Scholas (Bronx),deepseek-v4.1-flash,1,st_earn_control_mean,earnings,8718.0,8718.0,match,8718.0,8718.0,"annualised (gold x1, model x1); raw match"
workadvance,WorkAdvance,Per Scholas (Bronx),deepseek-v4.1-flash,1,mt_earn_impact,earnings,3747.0,3747.0,match,3747.0,3747.0,"annualised (gold x1, model x1); raw match"
workadvance,WorkAdvance,Per Scholas (Bronx),deepseek-v4.1-flash,1,mt_earn_se,earnings,1454.4,1196.0,mismatch,1454.4,1196.0,"annualised (gold x1, model x1); raw mismatch"
workadvance,WorkAdvance,Per Scholas (Bronx),deepseek-v4.1-flash,1,mt_earn_stars,earnings,***,***,match,***,***,
workadvance,WorkAdvance,Per Scholas (Bronx),deepseek-v4.1-flash,1,mt_earn_control_mean,earnings,14471.0,14471.0,match,14471.0,14471.0,"annualised (gold x1, model x1); raw match"
workadvance,WorkAdvance,Per Scholas (Bronx),deepseek-v4.1-flash,1,lt_earn_impact,earnings,4503.0,4503.0,match,4503.0,4503.0,"annualised (gold x1, model x1); raw match"
workadvance,WorkAdvance,Per Scholas (Bronx),deepseek-v4.1-flash,1,lt_earn_se,earnings,2036.0,,abstained,2036.0,,
workadvance,WorkAdvance,Per Scholas (Bronx),deepseek-v4.1-flash,1,lt_earn_stars,earnings,**,**,match,**,**,
workadvance,WorkAdvance,Per Scholas (Bronx),deepseek-v4.1-flash,1,lt_earn_control_mean,earnings,28049.0,28049.0,match,28049.0,28049.0,"annualised (gold x1, model x1); raw match"
workadvance,WorkAdvance,Per Scholas (Bronx),deepseek-v4.1-flash,1,cost_per_treated,cost,6214.0,5754.0,mismatch,6214.0,5754.0,
workadvance,WorkAdvance,St. Nicks Alliance (Brooklyn),deepseek-v4.1-flash,1,training_role,classification,primary,primary,match,primary,primary,
workadvance,WorkAdvance,St. Nicks Alliance (Brooklyn),deepseek-v4.1-flash,1,mandatory_voluntary,classification,voluntary,voluntary,match,voluntary,voluntary,
workadvance,WorkAdvance,St. Nicks Alliance (Brooklyn),deepseek-v4.1-flash,1,funding_public_private,classification,mixed,mixed,match,mixed,mixed,
workadvance,WorkAdvance,St. Nicks Alliance (Brooklyn),deepseek-v4.1-flash,1,admin_public_private,classification,private,private,match,private,private,
workadvance,WorkAdvance,St. Nicks Alliance (Brooklyn),deepseek-v4.1-flash,1,has_classroom,classification,1,True,match,True,True,
workadvance,WorkAdvance,St. Nicks Alliance (Brooklyn),deepseek-v4.1-flash,1,has_ojt,classification,0,True,mismatch,False,True,
workadvance,WorkAdvance,St. Nicks Alliance (Brooklyn),deepseek-v4.1-flash,1,has_jsa,classification,1,True,match,True,True,
workadvance,WorkAdvance,St. Nicks Alliance (Brooklyn),deepseek-v4.1-flash,1,has_multiple_components,classification,1,True,match,True,True,
workadvance,WorkAdvance,St. Nicks Alliance (Brooklyn),deepseek-v4.1-flash,1,sector_program,classification,1,True,match,True,True,
workadvance,WorkAdvance,St. Nicks Alliance (Brooklyn),deepseek-v4.1-flash,1,randomization_period,design,June 2011 – June 2013,June 2011 - June 2013,match,"(2011, 6)-(2013, 6)","(2011, 6)-(2013, 6)",
workadvance,WorkAdvance,St. Nicks Alliance (Brooklyn),deepseek-v4.1-flash,1,n_treatment,design,242,242,match,242.0,242.0,
workadvance,WorkAdvance,St. Nicks Alliance (Brooklyn),deepseek-v4.1-flash,1,n_control,design,237,237,match,237.0,237.0,
workadvance,WorkAdvance,St. Nicks Alliance (Brooklyn),deepseek-v4.1-flash,1,outcome_data_source_type,design,NDNH,ui_wage_records,mismatch,ndnh,ui_wage_records,
workadvance,WorkAdvance,St. Nicks Alliance (Brooklyn),deepseek-v4.1-flash,1,treatment_duration_months,design,2.0,,abstained,2.0,,
workadvance,WorkAdvance,St. Nicks Alliance (Brooklyn),deepseek-v4.1-flash,1,program_takeup_impact,design,53.0,82.6,mismatch,53.0,82.6,
workadvance,WorkAdvance,St. Nicks Alliance (Brooklyn),deepseek-v4.1-flash,1,st_emp_impact,employment,7.7,7.7,match,7.7,7.7,
workadvance,WorkAdvance,St. Nicks Alliance (Brooklyn),deepseek-v4.1-flash,1,st_emp_se,employment,3.9,3.8,match,3.9,3.8,
workadvance,WorkAdvance,St. Nicks Alliance (Brooklyn),deepseek-v4.1-flash,1,st_emp_stars,employment,**,**,match,**,**,
workadvance,WorkAdvance,St. Nicks Alliance (Brooklyn),deepseek-v4.1-flash,1,st_emp_control_mean,employment,70.4,70.4,match,70.4,70.4,
workadvance,WorkAdvance,St. Nicks Alliance (Brooklyn),deepseek-v4.1-flash,1,mt_emp_impact,employment,2.1,2.1,match,2.1,2.1,
workadvance,WorkAdvance,St. Nicks Alliance (Brooklyn),deepseek-v4.1-flash,1,mt_emp_se,employment,,4.0,extra_value,,4.0,
workadvance,WorkAdvance,St. Nicks Alliance (Brooklyn),deepseek-v4.1-flash,1,mt_emp_stars,employment,,ns,match,ns,ns,
workadvance,WorkAdvance,St. Nicks Alliance (Brooklyn),deepseek-v4.1-flash,1,mt_emp_control_mean,employment,72.2,72.2,match,72.2,72.2,
workadvance,WorkAdvance,St. Nicks Alliance (Brooklyn),deepseek-v4.1-flash,1,lt_emp_impact,employment,-1.5,-1.5,match,-1.5,-1.5,
workadvance,WorkAdvance,St. Nicks Alliance (Brooklyn),deepseek-v4.1-flash,1,lt_emp_se,employment,,,both_null,,,
workadvance,WorkAdvance,St. Nicks Alliance (Brooklyn),deepseek-v4.1-flash,1,lt_emp_stars,employment,,ns,match,ns,ns,
workadvance,WorkAdvance,St. Nicks Alliance (Brooklyn),deepseek-v4.1-flash,1,lt_emp_control_mean,employment,81.4,81.4,match,81.4,81.4,
workadvance,WorkAdvance,St. Nicks Alliance (Brooklyn),deepseek-v4.1-flash,1,st_earn_impact,earnings,-253.0,-253.0,match,-253.0,-253.0,"annualised (gold x1, model x1); raw match"
workadvance,WorkAdvance,St. Nicks Alliance (Brooklyn),deepseek-v4.1-flash,1,st_earn_se,earnings,,1006.0,extra_value,,1006.0,
workadvance,WorkAdvance,St. Nicks Alliance (Brooklyn),deepseek-v4.1-flash,1,st_earn_stars,earnings,,ns,match,ns,ns,
workadvance,WorkAdvance,St. Nicks Alliance (Brooklyn),deepseek-v4.1-flash,1,st_earn_control_mean,earnings,9648.0,9648.0,match,9648.0,9648.0,"annualised (gold x1, model x1); raw match"
workadvance,WorkAdvance,St. Nicks Alliance (Brooklyn),deepseek-v4.1-flash,1,mt_earn_impact,earnings,191.0,191.0,match,191.0,191.0,"annualised (gold x1, model x1); raw match"
workadvance,WorkAdvance,St. Nicks Alliance (Brooklyn),deepseek-v4.1-flash,1,mt_earn_se,earnings,,1410.0,extra_value,,1410.0,
workadvance,WorkAdvance,St. Nicks Alliance (Brooklyn),deepseek-v4.1-flash,1,mt_earn_stars,earnings,,ns,match,ns,ns,
workadvance,WorkAdvance,St. Nicks Alliance (Brooklyn),deepseek-v4.1-flash,1,mt_earn_control_mean,earnings,14229.0,14229.0,match,14229.0,14229.0,"annualised (gold x1, model x1); raw match"
workadvance,WorkAdvance,St. Nicks Alliance (Brooklyn),deepseek-v4.1-flash,1,lt_earn_impact,earnings,1957.0,1957.0,match,1957.0,1957.0,"annualised (gold x1, model x1); raw match"
workadvance,WorkAdvance,St. Nicks Alliance (Brooklyn),deepseek-v4.1-flash,1,lt_earn_se,earnings,2257.0,,abstained,2257.0,,
workadvance,WorkAdvance,St. Nicks Alliance (Brooklyn),deepseek-v4.1-flash,1,lt_earn_stars,earnings,,ns,match,ns,ns,
workadvance,WorkAdvance,St. Nicks Alliance (Brooklyn),deepseek-v4.1-flash,1,lt_earn_control_mean,earnings,22586.0,22586.0,match,22586.0,22586.0,"annualised (gold x1, model x1); raw match"
workadvance,WorkAdvance,St. Nicks Alliance (Brooklyn),deepseek-v4.1-flash,1,cost_per_treated,cost,7696.0,6666.0,mismatch,7696.0,6666.0,
workadvance,WorkAdvance,Madison Strategies Group (Tulsa),deepseek-v4.1-flash,1,training_role,classification,primary,primary,match,primary,primary,
workadvance,WorkAdvance,Madison Strategies Group (Tulsa),deepseek-v4.1-flash,1,mandatory_voluntary,classification,voluntary,voluntary,match,voluntary,voluntary,
workadvance,WorkAdvance,Madison Strategies Group (Tulsa),deepseek-v4.1-flash,1,funding_public_private,classification,mixed,mixed,match,mixed,mixed,
workadvance,WorkAdvance,Madison Strategies Group (Tulsa),deepseek-v4.1-flash,1,admin_public_private,classification,private,private,match,private,private,
workadvance,WorkAdvance,Madison Strategies Group (Tulsa),deepseek-v4.1-flash,1,has_classroom,classification,1,True,match,True,True,
workadvance,WorkAdvance,Madison Strategies Group (Tulsa),deepseek-v4.1-flash,1,has_ojt,classification,0,True,mismatch,False,True,
workadvance,WorkAdvance,Madison Strategies Group (Tulsa),deepseek-v4.1-flash,1,has_jsa,classification,1,True,match,True,True,
workadvance,WorkAdvance,Madison Strategies Group (Tulsa),deepseek-v4.1-flash,1,has_multiple_components,classification,1,True,match,True,True,
workadvance,WorkAdvance,Madison Strategies Group (Tulsa),deepseek-v4.1-flash,1,sector_program,classification,1,True,match,True,True,
workadvance,WorkAdvance,Madison Strategies Group (Tulsa),deepseek-v4.1-flash,1,randomization_period,design,June 2011 – June 2013,June 2011 - June 2013,match,"(2011, 6)-(2013, 6)","(2011, 6)-(2013, 6)",
workadvance,WorkAdvance,Madison Strategies Group (Tulsa),deepseek-v4.1-flash,1,n_treatment,design,353,353,match,353.0,353.0,
workadvance,WorkAdvance,Madison Strategies Group (Tulsa),deepseek-v4.1-flash,1,n_control,design,344,344,match,344.0,344.0,
workadvance,WorkAdvance,Madison Strategies Group (Tulsa),deepseek-v4.1-flash,1,outcome_data_source_type,design,NDNH,ui_wage_records,mismatch,ndnh,ui_wage_records,
workadvance,WorkAdvance,Madison Strategies Group (Tulsa),deepseek-v4.1-flash,1,treatment_duration_months,design,4.5,,abstained,4.5,,
workadvance,WorkAdvance,Madison Strategies Group (Tulsa),deepseek-v4.1-flash,1,program_takeup_impact,design,49.9,98.3,mismatch,49.9,98.3,
workadvance,WorkAdvance,Madison Strategies Group (Tulsa),deepseek-v4.1-flash,1,st_emp_impact,employment,2.8,2.8,match,2.8,2.8,
workadvance,WorkAdvance,Madison Strategies Group (Tulsa),deepseek-v4.1-flash,1,st_emp_se,employment,,2.4,extra_value,,2.4,
workadvance,WorkAdvance,Madison Strategies Group (Tulsa),deepseek-v4.1-flash,1,st_emp_stars,employment,,ns,match,ns,ns,
workadvance,WorkAdvance,Madison Strategies Group (Tulsa),deepseek-v4.1-flash,1,st_emp_control_mean,employment,86.5,86.5,match,86.5,86.5,
workadvance,WorkAdvance,Madison Strategies Group (Tulsa),deepseek-v4.1-flash,1,mt_emp_impact,employment,-2.5,-2.5,match,-2.5,-2.5,
workadvance,WorkAdvance,Madison Strategies Group (Tulsa),deepseek-v4.1-flash,1,mt_emp_se,employment,,2.9,extra_value,,2.9,
workadvance,WorkAdvance,Madison Strategies Group (Tulsa),deepseek-v4.1-flash,1,mt_emp_stars,employment,,ns,match,ns,ns,
workadvance,WorkAdvance,Madison Strategies Group (Tulsa),deepseek-v4.1-flash,1,mt_emp_control_mean,employment,82.8,82.8,match,82.8,82.8,
workadvance,WorkAdvance,Madison Strategies Group (Tulsa),deepseek-v4.1-flash,1,lt_emp_impact,employment,-1.3,-1.3,match,-1.3,-1.3,
workadvance,WorkAdvance,Madison Strategies Group (Tulsa),deepseek-v4.1-flash,1,lt_emp_se,employment,,,both_null,,,
workadvance,WorkAdvance,Madison Strategies Group (Tulsa),deepseek-v4.1-flash,1,lt_emp_stars,employment,,ns,match,ns,ns,
workadvance,WorkAdvance,Madison Strategies Group (Tulsa),deepseek-v4.1-flash,1,lt_emp_control_mean,employment,78.6,78.6,match,78.6,78.6,
workadvance,WorkAdvance,Madison Strategies Group (Tulsa),deepseek-v4.1-flash,1,st_earn_impact,earnings,328.0,328.0,match,328.0,328.0,"annualised (gold x1, model x1); raw match"
workadvance,WorkAdvance,Madison Strategies Group (Tulsa),deepseek-v4.1-flash,1,st_earn_se,earnings,,802.0,extra_value,,802.0,
workadvance,WorkAdvance,Madison Strategies Group (Tulsa),deepseek-v4.1-flash,1,st_earn_stars,earnings,,ns,match,ns,ns,
workadvance,WorkAdvance,Madison Strategies Group (Tulsa),deepseek-v4.1-flash,1,st_earn_control_mean,earnings,12933.0,12933.0,match,12933.0,12933.0,"annualised (gold x1, model x1); raw match"
workadvance,WorkAdvance,Madison Strategies Group (Tulsa),deepseek-v4.1-flash,1,mt_earn_impact,earnings,1837.0,1837.0,match,1837.0,1837.0,"annualised (gold x1, model x1); raw match"
workadvance,WorkAdvance,Madison Strategies Group (Tulsa),deepseek-v4.1-flash,1,mt_earn_se,earnings,1116.6,1056.0,match,1116.6,1056.0,"annualised (gold x1, model x1); raw match"
workadvance,WorkAdvance,Madison Strategies Group (Tulsa),deepseek-v4.1-flash,1,mt_earn_stars,earnings,*,*,match,*,*,
workadvance,WorkAdvance,Madison Strategies Group (Tulsa),deepseek-v4.1-flash,1,mt_earn_control_mean,earnings,14804.0,14804.0,match,14804.0,14804.0,"annualised (gold x1, model x1); raw match"
workadvance,WorkAdvance,Madison Strategies Group (Tulsa),deepseek-v4.1-flash,1,lt_earn_impact,earnings,1780.0,1780.0,match,1780.0,1780.0,"annualised (gold x1, model x1); raw match"
workadvance,WorkAdvance,Madison Strategies Group (Tulsa),deepseek-v4.1-flash,1,lt_earn_se,earnings,1318.0,,abstained,1318.0,,
workadvance,WorkAdvance,Madison Strategies Group (Tulsa),deepseek-v4.1-flash,1,lt_earn_stars,earnings,,ns,match,ns,ns,
workadvance,WorkAdvance,Madison Strategies Group (Tulsa),deepseek-v4.1-flash,1,lt_earn_control_mean,earnings,17958.0,17958.0,match,17958.0,17958.0,"annualised (gold x1, model x1); raw match"
workadvance,WorkAdvance,Madison Strategies Group (Tulsa),deepseek-v4.1-flash,1,cost_per_treated,cost,6048.0,5203.0,mismatch,6048.0,5203.0,
workadvance,WorkAdvance,Towards Employment (NE Ohio),deepseek-v4.1-flash,1,training_role,classification,primary,primary,match,primary,primary,
workadvance,WorkAdvance,Towards Employment (NE Ohio),deepseek-v4.1-flash,1,mandatory_voluntary,classification,voluntary,voluntary,match,voluntary,voluntary,
workadvance,WorkAdvance,Towards Employment (NE Ohio),deepseek-v4.1-flash,1,funding_public_private,classification,mixed,mixed,match,mixed,mixed,
workadvance,WorkAdvance,Towards Employment (NE Ohio),deepseek-v4.1-flash,1,admin_public_private,classification,private,private,match,private,private,
workadvance,WorkAdvance,Towards Employment (NE Ohio),deepseek-v4.1-flash,1,has_classroom,classification,1,True,match,True,True,
workadvance,WorkAdvance,Towards Employment (NE Ohio),deepseek-v4.1-flash,1,has_ojt,classification,0,True,mismatch,False,True,
workadvance,WorkAdvance,Towards Employment (NE Ohio),deepseek-v4.1-flash,1,has_jsa,classification,1,True,match,True,True,
workadvance,WorkAdvance,Towards Employment (NE Ohio),deepseek-v4.1-flash,1,has_multiple_components,classification,1,True,match,True,True,
workadvance,WorkAdvance,Towards Employment (NE Ohio),deepseek-v4.1-flash,1,sector_program,classification,1,True,match,True,True,
workadvance,WorkAdvance,Towards Employment (NE Ohio),deepseek-v4.1-flash,1,randomization_period,design,June 2011 – June 2013,June 2011 - June 2013,match,"(2011, 6)-(2013, 6)","(2011, 6)-(2013, 6)",
workadvance,WorkAdvance,Towards Employment (NE Ohio),deepseek-v4.1-flash,1,n_treatment,design,349,349,match,349.0,349.0,
workadvance,WorkAdvance,Towards Employment (NE Ohio),deepseek-v4.1-flash,1,n_control,design,349,349,match,349.0,349.0,
workadvance,WorkAdvance,Towards Employment (NE Ohio),deepseek-v4.1-flash,1,outcome_data_source_type,design,NDNH,ui_wage_records,mismatch,ndnh,ui_wage_records,
workadvance,WorkAdvance,Towards Employment (NE Ohio),deepseek-v4.1-flash,1,treatment_duration_months,design,2.4,,abstained,2.4,,
workadvance,WorkAdvance,Towards Employment (NE Ohio),deepseek-v4.1-flash,1,program_takeup_impact,design,53.2,98.3,mismatch,53.2,98.3,
workadvance,WorkAdvance,Towards Employment (NE Ohio),deepseek-v4.1-flash,1,st_emp_impact,employment,4.8,4.8,match,4.8,4.8,
workadvance,WorkAdvance,Towards Employment (NE Ohio),deepseek-v4.1-flash,1,st_emp_se,employment,2.9,2.8,match,2.9,2.8,
workadvance,WorkAdvance,Towards Employment (NE Ohio),deepseek-v4.1-flash,1,st_emp_stars,employment,*,*,match,*,*,
workadvance,WorkAdvance,Towards Employment (NE Ohio),deepseek-v4.1-flash,1,st_emp_control_mean,employment,78.8,78.8,match,78.8,78.8,
workadvance,WorkAdvance,Towards Employment (NE Ohio),deepseek-v4.1-flash,1,mt_emp_impact,employment,5.4,5.4,match,5.4,5.4,
workadvance,WorkAdvance,Towards Employment (NE Ohio),deepseek-v4.1-flash,1,mt_emp_se,employment,3.3,3.0,match,3.3,3.0,
workadvance,WorkAdvance,Towards Employment (NE Ohio),deepseek-v4.1-flash,1,mt_emp_stars,employment,*,*,match,*,*,
workadvance,WorkAdvance,Towards Employment (NE Ohio),deepseek-v4.1-flash,1,mt_emp_control_mean,employment,73.7,73.7,match,73.7,73.7,
workadvance,WorkAdvance,Towards Employment (NE Ohio),deepseek-v4.1-flash,1,lt_emp_impact,employment,1.7,1.7,match,1.7,1.7,
workadvance,WorkAdvance,Towards Employment (NE Ohio),deepseek-v4.1-flash,1,lt_emp_se,employment,,,both_null,,,
workadvance,WorkAdvance,Towards Employment (NE Ohio),deepseek-v4.1-flash,1,lt_emp_stars,employment,,ns,match,ns,ns,
workadvance,WorkAdvance,Towards Employment (NE Ohio),deepseek-v4.1-flash,1,lt_emp_control_mean,employment,80.8,80.8,match,80.8,80.8,
workadvance,WorkAdvance,Towards Employment (NE Ohio),deepseek-v4.1-flash,1,st_earn_impact,earnings,12.0,12.0,match,12.0,12.0,"annualised (gold x1, model x1); raw match"
workadvance,WorkAdvance,Towards Employment (NE Ohio),deepseek-v4.1-flash,1,st_earn_se,earnings,,614.0,extra_value,,614.0,
workadvance,WorkAdvance,Towards Employment (NE Ohio),deepseek-v4.1-flash,1,st_earn_stars,earnings,,ns,match,ns,ns,
workadvance,WorkAdvance,Towards Employment (NE Ohio),deepseek-v4.1-flash,1,st_earn_control_mean,earnings,9483.0,9483.0,match,9483.0,9483.0,"annualised (gold x1, model x1); raw match"
workadvance,WorkAdvance,Towards Employment (NE Ohio),deepseek-v4.1-flash,1,mt_earn_impact,earnings,1621.0,1621.0,match,1621.0,1621.0,"annualised (gold x1, model x1); raw match"
workadvance,WorkAdvance,Towards Employment (NE Ohio),deepseek-v4.1-flash,1,mt_earn_se,earnings,985.3,841.0,mismatch,985.3,841.0,"annualised (gold x1, model x1); raw mismatch"
workadvance,WorkAdvance,Towards Employment (NE Ohio),deepseek-v4.1-flash,1,mt_earn_stars,earnings,*,*,match,*,*,
workadvance,WorkAdvance,Towards Employment (NE Ohio),deepseek-v4.1-flash,1,mt_earn_control_mean,earnings,11602.0,11602.0,match,11602.0,11602.0,"annualised (gold x1, model x1); raw match"
workadvance,WorkAdvance,Towards Employment (NE Ohio),deepseek-v4.1-flash,1,lt_earn_impact,earnings,1529.0,1529.0,match,1529.0,1529.0,"annualised (gold x1, model x1); raw match"
workadvance,WorkAdvance,Towards Employment (NE Ohio),deepseek-v4.1-flash,1,lt_earn_se,earnings,1185.0,,abstained,1185.0,,
workadvance,WorkAdvance,Towards Employment (NE Ohio),deepseek-v4.1-flash,1,lt_earn_stars,earnings,,ns,match,ns,ns,
workadvance,WorkAdvance,Towards Employment (NE Ohio),deepseek-v4.1-flash,1,lt_earn_control_mean,earnings,17477.0,17477.0,match,17477.0,17477.0,"annualised (gold x1, model x1); raw match"
workadvance,WorkAdvance,Towards Employment (NE Ohio),deepseek-v4.1-flash,1,cost_per_treated,cost,6443.0,5262.0,mismatch,6443.0,5262.0,
workadvance,WorkAdvance,Per Scholas (Bronx),deepseek-v4.1-flash,2,training_role,classification,primary,primary,match,primary,primary,
workadvance,WorkAdvance,Per Scholas (Bronx),deepseek-v4.1-flash,2,mandatory_voluntary,classification,voluntary,voluntary,match,voluntary,voluntary,
workadvance,WorkAdvance,Per Scholas (Bronx),deepseek-v4.1-flash,2,funding_public_private,classification,mixed,mixed,match,mixed,mixed,
workadvance,WorkAdvance,Per Scholas (Bronx),deepseek-v4.1-flash,2,admin_public_private,classification,private,private,match,private,private,
workadvance,WorkAdvance,Per Scholas (Bronx),deepseek-v4.1-flash,2,has_classroom,classification,1,True,match,True,True,
workadvance,WorkAdvance,Per Scholas (Bronx),deepseek-v4.1-flash,2,has_ojt,classification,1,True,match,True,True,
workadvance,WorkAdvance,Per Scholas (Bronx),deepseek-v4.1-flash,2,has_jsa,classification,1,True,match,True,True,
workadvance,WorkAdvance,Per Scholas (Bronx),deepseek-v4.1-flash,2,has_multiple_components,classification,1,True,match,True,True,
workadvance,WorkAdvance,Per Scholas (Bronx),deepseek-v4.1-flash,2,sector_program,classification,1,True,match,True,True,
workadvance,WorkAdvance,Per Scholas (Bronx),deepseek-v4.1-flash,2,randomization_period,design,June 2011 – June 2013,June 2011 - June 2013,match,"(2011, 6)-(2013, 6)","(2011, 6)-(2013, 6)",
workadvance,WorkAdvance,Per Scholas (Bronx),deepseek-v4.1-flash,2,n_treatment,design,349,349,match,349.0,349.0,
workadvance,WorkAdvance,Per Scholas (Bronx),deepseek-v4.1-flash,2,n_control,design,341,341,match,341.0,341.0,
workadvance,WorkAdvance,Per Scholas (Bronx),deepseek-v4.1-flash,2,outcome_data_source_type,design,NDNH,ui_wage_records,mismatch,ndnh,ui_wage_records,
workadvance,WorkAdvance,Per Scholas (Bronx),deepseek-v4.1-flash,2,treatment_duration_months,design,3.75,,abstained,3.75,,
workadvance,WorkAdvance,Per Scholas (Bronx),deepseek-v4.1-flash,2,program_takeup_impact,design,68.3,95.7,mismatch,68.3,95.7,
workadvance,WorkAdvance,Per Scholas (Bronx),deepseek-v4.1-flash,2,st_emp_impact,employment,6.1,6.1,match,6.1,6.1,
workadvance,WorkAdvance,Per Scholas (Bronx),deepseek-v4.1-flash,2,st_emp_se,employment,3.7,3.2,match,3.7,3.2,
workadvance,WorkAdvance,Per Scholas (Bronx),deepseek-v4.1-flash,2,st_emp_stars,employment,*,*,match,*,*,
workadvance,WorkAdvance,Per Scholas (Bronx),deepseek-v4.1-flash,2,st_emp_control_mean,employment,71.0,71.0,match,71.0,71.0,
workadvance,WorkAdvance,Per Scholas (Bronx),deepseek-v4.1-flash,2,mt_emp_impact,employment,6.0,6.0,match,6.0,6.0,
workadvance,WorkAdvance,Per Scholas (Bronx),deepseek-v4.1-flash,2,mt_emp_se,employment,3.1,3.1,match,3.1,3.1,
workadvance,WorkAdvance,Per Scholas (Bronx),deepseek-v4.1-flash,2,mt_emp_stars,employment,**,**,match,**,**,
workadvance,WorkAdvance,Per Scholas (Bronx),deepseek-v4.1-flash,2,mt_emp_control_mean,employment,76.4,76.4,match,76.4,76.4,
workadvance,WorkAdvance,Per Scholas (Bronx),deepseek-v4.1-flash,2,lt_emp_impact,employment,1.3,1.3,match,1.3,1.3,
workadvance,WorkAdvance,Per Scholas (Bronx),deepseek-v4.1-flash,2,lt_emp_se,employment,,,both_null,,,
workadvance,WorkAdvance,Per Scholas (Bronx),deepseek-v4.1-flash,2,lt_emp_stars,employment,,ns,match,ns,ns,
workadvance,WorkAdvance,Per Scholas (Bronx),deepseek-v4.1-flash,2,lt_emp_control_mean,employment,83.3,83.3,match,83.3,83.3,
workadvance,WorkAdvance,Per Scholas (Bronx),deepseek-v4.1-flash,2,st_earn_impact,earnings,150.0,150.0,match,150.0,150.0,"annualised (gold x1, model x1); raw match"
workadvance,WorkAdvance,Per Scholas (Bronx),deepseek-v4.1-flash,2,st_earn_se,earnings,,772.0,extra_value,,772.0,
workadvance,WorkAdvance,Per Scholas (Bronx),deepseek-v4.1-flash,2,st_earn_stars,earnings,,ns,match,ns,ns,
workadvance,WorkAdvance,Per Scholas (Bronx),deepseek-v4.1-flash,2,st_earn_control_mean,earnings,8718.0,8718.0,match,8718.0,8718.0,"annualised (gold x1, model x1); raw match"
workadvance,WorkAdvance,Per Scholas (Bronx),deepseek-v4.1-flash,2,mt_earn_impact,earnings,3747.0,3747.0,match,3747.0,3747.0,"annualised (gold x1, model x1); raw match"
workadvance,WorkAdvance,Per Scholas (Bronx),deepseek-v4.1-flash,2,mt_earn_se,earnings,1454.4,1196.0,mismatch,1454.4,1196.0,"annualised (gold x1, model x1); raw mismatch"
workadvance,WorkAdvance,Per Scholas (Bronx),deepseek-v4.1-flash,2,mt_earn_stars,earnings,***,***,match,***,***,
workadvance,WorkAdvance,Per Scholas (Bronx),deepseek-v4.1-flash,2,mt_earn_control_mean,earnings,14471.0,14471.0,match,14471.0,14471.0,"annualised (gold x1, model x1); raw match"
workadvance,WorkAdvance,Per Scholas (Bronx),deepseek-v4.1-flash,2,lt_earn_impact,earnings,4503.0,4503.0,match,4503.0,4503.0,"annualised (gold x1, model x1); raw match"
workadvance,WorkAdvance,Per Scholas (Bronx),deepseek-v4.1-flash,2,lt_earn_se,earnings,2036.0,,abstained,2036.0,,
workadvance,WorkAdvance,Per Scholas (Bronx),deepseek-v4.1-flash,2,lt_earn_stars,earnings,**,**,match,**,**,
workadvance,WorkAdvance,Per Scholas (Bronx),deepseek-v4.1-flash,2,lt_earn_control_mean,earnings,28049.0,28049.0,match,28049.0,28049.0,"annualised (gold x1, model x1); raw match"
workadvance,WorkAdvance,Per Scholas (Bronx),deepseek-v4.1-flash,2,cost_per_treated,cost,6214.0,5754.0,mismatch,6214.0,5754.0,
workadvance,WorkAdvance,St. Nicks Alliance (Brooklyn),deepseek-v4.1-flash,2,training_role,classification,primary,primary,match,primary,primary,
workadvance,WorkAdvance,St. Nicks Alliance (Brooklyn),deepseek-v4.1-flash,2,mandatory_voluntary,classification,voluntary,voluntary,match,voluntary,voluntary,
workadvance,WorkAdvance,St. Nicks Alliance (Brooklyn),deepseek-v4.1-flash,2,funding_public_private,classification,mixed,mixed,match,mixed,mixed,
workadvance,WorkAdvance,St. Nicks Alliance (Brooklyn),deepseek-v4.1-flash,2,admin_public_private,classification,private,private,match,private,private,
workadvance,WorkAdvance,St. Nicks Alliance (Brooklyn),deepseek-v4.1-flash,2,has_classroom,classification,1,True,match,True,True,
workadvance,WorkAdvance,St. Nicks Alliance (Brooklyn),deepseek-v4.1-flash,2,has_ojt,classification,0,True,mismatch,False,True,
workadvance,WorkAdvance,St. Nicks Alliance (Brooklyn),deepseek-v4.1-flash,2,has_jsa,classification,1,True,match,True,True,
workadvance,WorkAdvance,St. Nicks Alliance (Brooklyn),deepseek-v4.1-flash,2,has_multiple_components,classification,1,True,match,True,True,
workadvance,WorkAdvance,St. Nicks Alliance (Brooklyn),deepseek-v4.1-flash,2,sector_program,classification,1,True,match,True,True,
workadvance,WorkAdvance,St. Nicks Alliance (Brooklyn),deepseek-v4.1-flash,2,randomization_period,design,June 2011 – June 2013,September 2011 - June 2013,mismatch,"(2011, 6)-(2013, 6)","(2011, 9)-(2013, 6)",
workadvance,WorkAdvance,St. Nicks Alliance (Brooklyn),deepseek-v4.1-flash,2,n_treatment,design,242,242,match,242.0,242.0,
workadvance,WorkAdvance,St. Nicks Alliance (Brooklyn),deepseek-v4.1-flash,2,n_control,design,237,237,match,237.0,237.0,
workadvance,WorkAdvance,St. Nicks Alliance (Brooklyn),deepseek-v4.1-flash,2,outcome_data_source_type,design,NDNH,ui_wage_records,mismatch,ndnh,ui_wage_records,
workadvance,WorkAdvance,St. Nicks Alliance (Brooklyn),deepseek-v4.1-flash,2,treatment_duration_months,design,2.0,,abstained,2.0,,
workadvance,WorkAdvance,St. Nicks Alliance (Brooklyn),deepseek-v4.1-flash,2,program_takeup_impact,design,53.0,82.6,mismatch,53.0,82.6,
workadvance,WorkAdvance,St. Nicks Alliance (Brooklyn),deepseek-v4.1-flash,2,st_emp_impact,employment,7.7,7.7,match,7.7,7.7,
workadvance,WorkAdvance,St. Nicks Alliance (Brooklyn),deepseek-v4.1-flash,2,st_emp_se,employment,3.9,3.8,match,3.9,3.8,
workadvance,WorkAdvance,St. Nicks Alliance (Brooklyn),deepseek-v4.1-flash,2,st_emp_stars,employment,**,**,match,**,**,
workadvance,WorkAdvance,St. Nicks Alliance (Brooklyn),deepseek-v4.1-flash,2,st_emp_control_mean,employment,70.4,70.4,match,70.4,70.4,
workadvance,WorkAdvance,St. Nicks Alliance (Brooklyn),deepseek-v4.1-flash,2,mt_emp_impact,employment,2.1,2.1,match,2.1,2.1,
workadvance,WorkAdvance,St. Nicks Alliance (Brooklyn),deepseek-v4.1-flash,2,mt_emp_se,employment,,4.0,extra_value,,4.0,
workadvance,WorkAdvance,St. Nicks Alliance (Brooklyn),deepseek-v4.1-flash,2,mt_emp_stars,employment,,ns,match,ns,ns,
workadvance,WorkAdvance,St. Nicks Alliance (Brooklyn),deepseek-v4.1-flash,2,mt_emp_control_mean,employment,72.2,72.2,match,72.2,72.2,
workadvance,WorkAdvance,St. Nicks Alliance (Brooklyn),deepseek-v4.1-flash,2,lt_emp_impact,employment,-1.5,-1.5,match,-1.5,-1.5,
workadvance,WorkAdvance,St. Nicks Alliance (Brooklyn),deepseek-v4.1-flash,2,lt_emp_se,employment,,,both_null,,,
workadvance,WorkAdvance,St. Nicks Alliance (Brooklyn),deepseek-v4.1-flash,2,lt_emp_stars,employment,,ns,match,ns,ns,
workadvance,WorkAdvance,St. Nicks Alliance (Brooklyn),deepseek-v4.1-flash,2,lt_emp_control_mean,employment,81.4,81.4,match,81.4,81.4,
workadvance,WorkAdvance,St. Nicks Alliance (Brooklyn),deepseek-v4.1-flash,2,st_earn_impact,earnings,-253.0,-253.0,match,-253.0,-253.0,"annualised (gold x1, model x1); raw match"
workadvance,WorkAdvance,St. Nicks Alliance (Brooklyn),deepseek-v4.1-flash,2,st_earn_se,earnings,,1006.0,extra_value,,1006.0,
workadvance,WorkAdvance,St. Nicks Alliance (Brooklyn),deepseek-v4.1-flash,2,st_earn_stars,earnings,,ns,match,ns,ns,
workadvance,WorkAdvance,St. Nicks Alliance (Brooklyn),deepseek-v4.1-flash,2,st_earn_control_mean,earnings,9648.0,9648.0,match,9648.0,9648.0,"annualised (gold x1, model x1); raw match"
workadvance,WorkAdvance,St. Nicks Alliance (Brooklyn),deepseek-v4.1-flash,2,mt_earn_impact,earnings,191.0,191.0,match,191.0,191.0,"annualised (gold x1, model x1); raw match"
workadvance,WorkAdvance,St. Nicks Alliance (Brooklyn),deepseek-v4.1-flash,2,mt_earn_se,earnings,,1410.0,extra_value,,1410.0,
workadvance,WorkAdvance,St. Nicks Alliance (Brooklyn),deepseek-v4.1-flash,2,mt_earn_stars,earnings,,ns,match,ns,ns,
workadvance,WorkAdvance,St. Nicks Alliance (Brooklyn),deepseek-v4.1-flash,2,mt_earn_control_mean,earnings,14229.0,14229.0,match,14229.0,14229.0,"annualised (gold x1, model x1); raw match"
workadvance,WorkAdvance,St. Nicks Alliance (Brooklyn),deepseek-v4.1-flash,2,lt_earn_impact,earnings,1957.0,1957.0,match,1957.0,1957.0,"annualised (gold x1, model x1); raw match"
workadvance,WorkAdvance,St. Nicks Alliance (Brooklyn),deepseek-v4.1-flash,2,lt_earn_se,earnings,2257.0,,abstained,2257.0,,
workadvance,WorkAdvance,St. Nicks Alliance (Brooklyn),deepseek-v4.1-flash,2,lt_earn_stars,earnings,,ns,match,ns,ns,
workadvance,WorkAdvance,St. Nicks Alliance (Brooklyn),deepseek-v4.1-flash,2,lt_earn_control_mean,earnings,22586.0,22586.0,match,22586.0,22586.0,"annualised (gold x1, model x1); raw match"
workadvance,WorkAdvance,St. Nicks Alliance (Brooklyn),deepseek-v4.1-flash,2,cost_per_treated,cost,7696.0,6666.0,mismatch,7696.0,6666.0,
workadvance,WorkAdvance,Madison Strategies Group (Tulsa),deepseek-v4.1-flash,2,training_role,classification,primary,primary,match,primary,primary,
workadvance,WorkAdvance,Madison Strategies Group (Tulsa),deepseek-v4.1-flash,2,mandatory_voluntary,classification,voluntary,voluntary,match,voluntary,voluntary,
workadvance,WorkAdvance,Madison Strategies Group (Tulsa),deepseek-v4.1-flash,2,funding_public_private,classification,mixed,mixed,match,mixed,mixed,
workadvance,WorkAdvance,Madison Strategies Group (Tulsa),deepseek-v4.1-flash,2,admin_public_private,classification,private,private,match,private,private,
workadvance,WorkAdvance,Madison Strategies Group (Tulsa),deepseek-v4.1-flash,2,has_classroom,classification,1,True,match,True,True,
workadvance,WorkAdvance,Madison Strategies Group (Tulsa),deepseek-v4.1-flash,2,has_ojt,classification,0,True,mismatch,False,True,
workadvance,WorkAdvance,Madison Strategies Group (Tulsa),deepseek-v4.1-flash,2,has_jsa,classification,1,True,match,True,True,
workadvance,WorkAdvance,Madison Strategies Group (Tulsa),deepseek-v4.1-flash,2,has_multiple_components,classification,1,True,match,True,True,
workadvance,WorkAdvance,Madison Strategies Group (Tulsa),deepseek-v4.1-flash,2,sector_program,classification,1,True,match,True,True,
workadvance,WorkAdvance,Madison Strategies Group (Tulsa),deepseek-v4.1-flash,2,randomization_period,design,June 2011 – June 2013,October 2011 - June 2013,mismatch,"(2011, 6)-(2013, 6)","(2011, 10)-(2013, 6)",
workadvance,WorkAdvance,Madison Strategies Group (Tulsa),deepseek-v4.1-flash,2,n_treatment,design,353,353,match,353.0,353.0,
workadvance,WorkAdvance,Madison Strategies Group (Tulsa),deepseek-v4.1-flash,2,n_control,design,344,344,match,344.0,344.0,
workadvance,WorkAdvance,Madison Strategies Group (Tulsa),deepseek-v4.1-flash,2,outcome_data_source_type,design,NDNH,ui_wage_records,mismatch,ndnh,ui_wage_records,
workadvance,WorkAdvance,Madison Strategies Group (Tulsa),deepseek-v4.1-flash,2,treatment_duration_months,design,4.5,,abstained,4.5,,
workadvance,WorkAdvance,Madison Strategies Group (Tulsa),deepseek-v4.1-flash,2,program_takeup_impact,design,49.9,98.3,mismatch,49.9,98.3,
workadvance,WorkAdvance,Madison Strategies Group (Tulsa),deepseek-v4.1-flash,2,st_emp_impact,employment,2.8,2.8,match,2.8,2.8,
workadvance,WorkAdvance,Madison Strategies Group (Tulsa),deepseek-v4.1-flash,2,st_emp_se,employment,,2.4,extra_value,,2.4,
workadvance,WorkAdvance,Madison Strategies Group (Tulsa),deepseek-v4.1-flash,2,st_emp_stars,employment,,ns,match,ns,ns,
workadvance,WorkAdvance,Madison Strategies Group (Tulsa),deepseek-v4.1-flash,2,st_emp_control_mean,employment,86.5,86.5,match,86.5,86.5,
workadvance,WorkAdvance,Madison Strategies Group (Tulsa),deepseek-v4.1-flash,2,mt_emp_impact,employment,-2.5,-2.5,match,-2.5,-2.5,
workadvance,WorkAdvance,Madison Strategies Group (Tulsa),deepseek-v4.1-flash,2,mt_emp_se,employment,,2.9,extra_value,,2.9,
workadvance,WorkAdvance,Madison Strategies Group (Tulsa),deepseek-v4.1-flash,2,mt_emp_stars,employment,,ns,match,ns,ns,
workadvance,WorkAdvance,Madison Strategies Group (Tulsa),deepseek-v4.1-flash,2,mt_emp_control_mean,employment,82.8,82.8,match,82.8,82.8,
workadvance,WorkAdvance,Madison Strategies Group (Tulsa),deepseek-v4.1-flash,2,lt_emp_impact,employment,-1.3,-1.3,match,-1.3,-1.3,
workadvance,WorkAdvance,Madison Strategies Group (Tulsa),deepseek-v4.1-flash,2,lt_emp_se,employment,,,both_null,,,
workadvance,WorkAdvance,Madison Strategies Group (Tulsa),deepseek-v4.1-flash,2,lt_emp_stars,employment,,ns,match,ns,ns,
workadvance,WorkAdvance,Madison Strategies Group (Tulsa),deepseek-v4.1-flash,2,lt_emp_control_mean,employment,78.6,78.6,match,78.6,78.6,
workadvance,WorkAdvance,Madison Strategies Group (Tulsa),deepseek-v4.1-flash,2,st_earn_impact,earnings,328.0,328.0,match,328.0,328.0,"annualised (gold x1, model x1); raw match"
workadvance,WorkAdvance,Madison Strategies Group (Tulsa),deepseek-v4.1-flash,2,st_earn_se,earnings,,802.0,extra_value,,802.0,
workadvance,WorkAdvance,Madison Strategies Group (Tulsa),deepseek-v4.1-flash,2,st_earn_stars,earnings,,ns,match,ns,ns,
workadvance,WorkAdvance,Madison Strategies Group (Tulsa),deepseek-v4.1-flash,2,st_earn_control_mean,earnings,12933.0,12933.0,match,12933.0,12933.0,"annualised (gold x1, model x1); raw match"
workadvance,WorkAdvance,Madison Strategies Group (Tulsa),deepseek-v4.1-flash,2,mt_earn_impact,earnings,1837.0,1837.0,match,1837.0,1837.0,"annualised (gold x1, model x1); raw match"
workadvance,WorkAdvance,Madison Strategies Group (Tulsa),deepseek-v4.1-flash,2,mt_earn_se,earnings,1116.6,1056.0,match,1116.6,1056.0,"annualised (gold x1, model x1); raw match"
workadvance,WorkAdvance,Madison Strategies Group (Tulsa),deepseek-v4.1-flash,2,mt_earn_stars,earnings,*,*,match,*,*,
workadvance,WorkAdvance,Madison Strategies Group (Tulsa),deepseek-v4.1-flash,2,mt_earn_control_mean,earnings,14804.0,14804.0,match,14804.0,14804.0,"annualised (gold x1, model x1); raw match"
workadvance,WorkAdvance,Madison Strategies Group (Tulsa),deepseek-v4.1-flash,2,lt_earn_impact,earnings,1780.0,1780.0,match,1780.0,1780.0,"annualised (gold x1, model x1); raw match"
workadvance,WorkAdvance,Madison Strategies Group (Tulsa),deepseek-v4.1-flash,2,lt_earn_se,earnings,1318.0,,abstained,1318.0,,
workadvance,WorkAdvance,Madison Strategies Group (Tulsa),deepseek-v4.1-flash,2,lt_earn_stars,earnings,,ns,match,ns,ns,
workadvance,WorkAdvance,Madison Strategies Group (Tulsa),deepseek-v4.1-flash,2,lt_earn_control_mean,earnings,17958.0,17958.0,match,17958.0,17958.0,"annualised (gold x1, model x1); raw match"
workadvance,WorkAdvance,Madison Strategies Group (Tulsa),deepseek-v4.1-flash,2,cost_per_treated,cost,6048.0,5203.0,mismatch,6048.0,5203.0,
workadvance,WorkAdvance,Towards Employment (NE Ohio),deepseek-v4.1-flash,2,training_role,classification,primary,primary,match,primary,primary,
workadvance,WorkAdvance,Towards Employment (NE Ohio),deepseek-v4.1-flash,2,mandatory_voluntary,classification,voluntary,voluntary,match,voluntary,voluntary,
workadvance,WorkAdvance,Towards Employment (NE Ohio),deepseek-v4.1-flash,2,funding_public_private,classification,mixed,mixed,match,mixed,mixed,
workadvance,WorkAdvance,Towards Employment (NE Ohio),deepseek-v4.1-flash,2,admin_public_private,classification,private,private,match,private,private,
workadvance,WorkAdvance,Towards Employment (NE Ohio),deepseek-v4.1-flash,2,has_classroom,classification,1,True,match,True,True,
workadvance,WorkAdvance,Towards Employment (NE Ohio),deepseek-v4.1-flash,2,has_ojt,classification,0,True,mismatch,False,True,
workadvance,WorkAdvance,Towards Employment (NE Ohio),deepseek-v4.1-flash,2,has_jsa,classification,1,True,match,True,True,
workadvance,WorkAdvance,Towards Employment (NE Ohio),deepseek-v4.1-flash,2,has_multiple_components,classification,1,True,match,True,True,
workadvance,WorkAdvance,Towards Employment (NE Ohio),deepseek-v4.1-flash,2,sector_program,classification,1,True,match,True,True,
workadvance,WorkAdvance,Towards Employment (NE Ohio),deepseek-v4.1-flash,2,randomization_period,design,June 2011 – June 2013,October 2011 - June 2013,mismatch,"(2011, 6)-(2013, 6)","(2011, 10)-(2013, 6)",
workadvance,WorkAdvance,Towards Employment (NE Ohio),deepseek-v4.1-flash,2,n_treatment,design,349,349,match,349.0,349.0,
workadvance,WorkAdvance,Towards Employment (NE Ohio),deepseek-v4.1-flash,2,n_control,design,349,349,match,349.0,349.0,
workadvance,WorkAdvance,Towards Employment (NE Ohio),deepseek-v4.1-flash,2,outcome_data_source_type,design,NDNH,ui_wage_records,mismatch,ndnh,ui_wage_records,
workadvance,WorkAdvance,Towards Employment (NE Ohio),deepseek-v4.1-flash,2,treatment_duration_months,design,2.4,,abstained,2.4,,
workadvance,WorkAdvance,Towards Employment (NE Ohio),deepseek-v4.1-flash,2,program_takeup_impact,design,53.2,98.3,mismatch,53.2,98.3,
workadvance,WorkAdvance,Towards Employment (NE Ohio),deepseek-v4.1-flash,2,st_emp_impact,employment,4.8,4.8,match,4.8,4.8,
workadvance,WorkAdvance,Towards Employment (NE Ohio),deepseek-v4.1-flash,2,st_emp_se,employment,2.9,2.8,match,2.9,2.8,
workadvance,WorkAdvance,Towards Employment (NE Ohio),deepseek-v4.1-flash,2,st_emp_stars,employment,*,*,match,*,*,
workadvance,WorkAdvance,Towards Employment (NE Ohio),deepseek-v4.1-flash,2,st_emp_control_mean,employment,78.8,78.8,match,78.8,78.8,
workadvance,WorkAdvance,Towards Employment (NE Ohio),deepseek-v4.1-flash,2,mt_emp_impact,employment,5.4,5.4,match,5.4,5.4,
workadvance,WorkAdvance,Towards Employment (NE Ohio),deepseek-v4.1-flash,2,mt_emp_se,employment,3.3,3.0,match,3.3,3.0,
workadvance,WorkAdvance,Towards Employment (NE Ohio),deepseek-v4.1-flash,2,mt_emp_stars,employment,*,*,match,*,*,
workadvance,WorkAdvance,Towards Employment (NE Ohio),deepseek-v4.1-flash,2,mt_emp_control_mean,employment,73.7,73.7,match,73.7,73.7,
workadvance,WorkAdvance,Towards Employment (NE Ohio),deepseek-v4.1-flash,2,lt_emp_impact,employment,1.7,1.7,match,1.7,1.7,
workadvance,WorkAdvance,Towards Employment (NE Ohio),deepseek-v4.1-flash,2,lt_emp_se,employment,,,both_null,,,
workadvance,WorkAdvance,Towards Employment (NE Ohio),deepseek-v4.1-flash,2,lt_emp_stars,employment,,ns,match,ns,ns,
workadvance,WorkAdvance,Towards Employment (NE Ohio),deepseek-v4.1-flash,2,lt_emp_control_mean,employment,80.8,80.8,match,80.8,80.8,
workadvance,WorkAdvance,Towards Employment (NE Ohio),deepseek-v4.1-flash,2,st_earn_impact,earnings,12.0,12.0,match,12.0,12.0,"annualised (gold x1, model x1); raw match"
workadvance,WorkAdvance,Towards Employment (NE Ohio),deepseek-v4.1-flash,2,st_earn_se,earnings,,614.0,extra_value,,614.0,
workadvance,WorkAdvance,Towards Employment (NE Ohio),deepseek-v4.1-flash,2,st_earn_stars,earnings,,ns,match,ns,ns,
workadvance,WorkAdvance,Towards Employment (NE Ohio),deepseek-v4.1-flash,2,st_earn_control_mean,earnings,9483.0,9483.0,match,9483.0,9483.0,"annualised (gold x1, model x1); raw match"
workadvance,WorkAdvance,Towards Employment (NE Ohio),deepseek-v4.1-flash,2,mt_earn_impact,earnings,1621.0,1621.0,match,1621.0,1621.0,"annualised (gold x1, model x1); raw match"
workadvance,WorkAdvance,Towards Employment (NE Ohio),deepseek-v4.1-flash,2,mt_earn_se,earnings,985.3,841.0,mismatch,985.3,841.0,"annualised (gold x1, model x1); raw mismatch"
workadvance,WorkAdvance,Towards Employment (NE Ohio),deepseek-v4.1-flash,2,mt_earn_stars,earnings,*,*,match,*,*,
workadvance,WorkAdvance,Towards Employment (NE Ohio),deepseek-v4.1-flash,2,mt_earn_control_mean,earnings,11602.0,11602.0,match,11602.0,11602.0,"annualised (gold x1, model x1); raw match"
workadvance,WorkAdvance,Towards Employment (NE Ohio),deepseek-v4.1-flash,2,lt_earn_impact,earnings,1529.0,1529.0,match,1529.0,1529.0,"annualised (gold x1, model x1); raw match"
workadvance,WorkAdvance,Towards Employment (NE Ohio),deepseek-v4.1-flash,2,lt_earn_se,earnings,1185.0,,abstained,1185.0,,
workadvance,WorkAdvance,Towards Employment (NE Ohio),deepseek-v4.1-flash,2,lt_earn_stars,earnings,,ns,match,ns,ns,
workadvance,WorkAdvance,Towards Employment (NE Ohio),deepseek-v4.1-flash,2,lt_earn_control_mean,earnings,17477.0,17477.0,match,17477.0,17477.0,"annualised (gold x1, model x1); raw match"
workadvance,WorkAdvance,Towards Employment (NE Ohio),deepseek-v4.1-flash,2,cost_per_treated,cost,6443.0,5262.0,mismatch,6443.0,5262.0,
year-up,PACE – Year Up,Full sample (8 offices pooled),deepseek-v4.1-flash,1,training_role,classification,primary,primary,match,primary,primary,
year-up,PACE – Year Up,Full sample (8 offices pooled),deepseek-v4.1-flash,1,mandatory_voluntary,classification,voluntary,voluntary,match,voluntary,voluntary,
year-up,PACE – Year Up,Full sample (8 offices pooled),deepseek-v4.1-flash,1,funding_public_private,classification,mixed,private,mismatch,mixed,private,
year-up,PACE – Year Up,Full sample (8 offices pooled),deepseek-v4.1-flash,1,admin_public_private,classification,private,private,match,private,private,
year-up,PACE – Year Up,Full sample (8 offices pooled),deepseek-v4.1-flash,1,has_classroom,classification,1,True,match,True,True,
year-up,PACE – Year Up,Full sample (8 offices pooled),deepseek-v4.1-flash,1,has_ojt,classification,1,True,match,True,True,
year-up,PACE – Year Up,Full sample (8 offices pooled),deepseek-v4.1-flash,1,has_jsa,classification,1,True,match,True,True,
year-up,PACE – Year Up,Full sample (8 offices pooled),deepseek-v4.1-flash,1,has_multiple_components,classification,1,True,match,True,True,
year-up,PACE – Year Up,Full sample (8 offices pooled),deepseek-v4.1-flash,1,sector_program,classification,1,True,match,True,True,
year-up,PACE – Year Up,Full sample (8 offices pooled),deepseek-v4.1-flash,1,randomization_period,design,January 2013 – August 2014,January 2013 - August 2014,match,"(2013, 1)-(2014, 8)","(2013, 1)-(2014, 8)",
year-up,PACE – Year Up,Full sample (8 offices pooled),deepseek-v4.1-flash,1,n_treatment,design,1637,1669,match,1637.0,1669.0,
year-up,PACE – Year Up,Full sample (8 offices pooled),deepseek-v4.1-flash,1,n_control,design,858,875,match,858.0,875.0,
year-up,PACE – Year Up,Full sample (8 offices pooled),deepseek-v4.1-flash,1,outcome_data_source_type,design,NDNH wage records,ndnh,match,ndnh,ndnh,
year-up,PACE – Year Up,Full sample (8 offices pooled),deepseek-v4.1-flash,1,treatment_duration_months,design,12.0,12.0,match,12.0,12.0,
year-up,PACE – Year Up,Full sample (8 offices pooled),deepseek-v4.1-flash,1,program_takeup_impact,design,92.6,92.6,match,92.6,92.6,
year-up,PACE – Year Up,Full sample (8 offices pooled),deepseek-v4.1-flash,1,st_emp_impact,employment,1.5,-36.7,mismatch,1.5,-36.7,
year-up,PACE – Year Up,Full sample (8 offices pooled),deepseek-v4.1-flash,1,st_emp_se,employment,,1.8,extra_value,,1.8,
year-up,PACE – Year Up,Full sample (8 offices pooled),deepseek-v4.1-flash,1,st_emp_stars,employment,,***,mismatch,ns,***,
year-up,PACE – Year Up,Full sample (8 offices pooled),deepseek-v4.1-flash,1,st_emp_control_mean,employment,77.6,73.9,match,77.6,73.9,
year-up,PACE – Year Up,Full sample (8 offices pooled),deepseek-v4.1-flash,1,mt_emp_impact,employment,2.0,4.8,mismatch,2.0,4.8,
year-up,PACE – Year Up,Full sample (8 offices pooled),deepseek-v4.1-flash,1,mt_emp_se,employment,,1.7,extra_value,,1.7,
year-up,PACE – Year Up,Full sample (8 offices pooled),deepseek-v4.1-flash,1,mt_emp_stars,employment,,***,mismatch,ns,***,
year-up,PACE – Year Up,Full sample (8 offices pooled),deepseek-v4.1-flash,1,mt_emp_control_mean,employment,78.6,78.0,match,78.6,78.0,
year-up,PACE – Year Up,Full sample (8 offices pooled),deepseek-v4.1-flash,1,lt_emp_impact,employment,2.08,3.0,mismatch,2.08,3.0,
year-up,PACE – Year Up,Full sample (8 offices pooled),deepseek-v4.1-flash,1,lt_emp_se,employment,,1.6,extra_value,,1.6,
year-up,PACE – Year Up,Full sample (8 offices pooled),deepseek-v4.1-flash,1,lt_emp_stars,employment,,*,mismatch,ns,*,
year-up,PACE – Year Up,Full sample (8 offices pooled),deepseek-v4.1-flash,1,lt_emp_control_mean,employment,79.9,80.4,match,79.9,80.4,
year-up,PACE – Year Up,Full sample (8 offices pooled),deepseek-v4.1-flash,1,st_earn_impact,earnings,5222.0,-5778.0,mismatch,5222.0,-5778.0,"annualised (gold x1, model x1); raw mismatch"
year-up,PACE – Year Up,Full sample (8 offices pooled),deepseek-v4.1-flash,1,st_earn_se,earnings,507.0,259.0,mismatch,507.0,259.0,"annualised (gold x1, model x1); raw mismatch"
year-up,PACE – Year Up,Full sample (8 offices pooled),deepseek-v4.1-flash,1,st_earn_stars,earnings,***,***,match,***,***,
year-up,PACE – Year Up,Full sample (8 offices pooled),deepseek-v4.1-flash,1,st_earn_control_mean,earnings,13978.0,9742.0,mismatch,13978.0,9742.0,"annualised (gold x1, model x1); raw mismatch"
year-up,PACE – Year Up,Full sample (8 offices pooled),deepseek-v4.1-flash,1,mt_earn_impact,earnings,7011.0,5222.0,mismatch,7011.0,5222.0,"annualised (gold x1, model x1); raw mismatch"
year-up,PACE – Year Up,Full sample (8 offices pooled),deepseek-v4.1-flash,1,mt_earn_se,earnings,636.0,507.0,mismatch,636.0,507.0,"annualised (gold x1, model x1); raw mismatch"
year-up,PACE – Year Up,Full sample (8 offices pooled),deepseek-v4.1-flash,1,mt_earn_stars,earnings,***,***,match,***,***,
year-up,PACE – Year Up,Full sample (8 offices pooled),deepseek-v4.1-flash,1,mt_earn_control_mean,earnings,17320.0,13978.0,mismatch,17320.0,13978.0,"annualised (gold x1, model x1); raw mismatch"
year-up,PACE – Year Up,Full sample (8 offices pooled),deepseek-v4.1-flash,1,lt_earn_impact,earnings,7460.0,7581.0,match,7460.0,7581.0,"annualised (gold x1, model x1); raw match"
year-up,PACE – Year Up,Full sample (8 offices pooled),deepseek-v4.1-flash,1,lt_earn_se,earnings,736.0,741.0,match,736.0,741.0,"annualised (gold x1, model x1); raw match"
year-up,PACE – Year Up,Full sample (8 offices pooled),deepseek-v4.1-flash,1,lt_earn_stars,earnings,***,***,match,***,***,
year-up,PACE – Year Up,Full sample (8 offices pooled),deepseek-v4.1-flash,1,lt_earn_control_mean,earnings,20280.0,20277.0,match,20280.0,20277.0,"annualised (gold x1, model x1); raw match"
year-up,PACE – Year Up,Full sample (8 offices pooled),deepseek-v4.1-flash,1,cost_per_treated,cost,33906.0,27158.0,mismatch,33906.0,27158.0,
youthbuild,YouthBuild,Pooled (75 programs nationwide),deepseek-v4.1-flash,1,training_role,classification,primary,primary,match,primary,primary,
youthbuild,YouthBuild,Pooled (75 programs nationwide),deepseek-v4.1-flash,1,mandatory_voluntary,classification,voluntary,voluntary,match,voluntary,voluntary,
youthbuild,YouthBuild,Pooled (75 programs nationwide),deepseek-v4.1-flash,1,funding_public_private,classification,public,mixed,mismatch,public,mixed,
youthbuild,YouthBuild,Pooled (75 programs nationwide),deepseek-v4.1-flash,1,admin_public_private,classification,private,mixed,mismatch,private,mixed,
youthbuild,YouthBuild,Pooled (75 programs nationwide),deepseek-v4.1-flash,1,has_classroom,classification,1,True,match,True,True,
youthbuild,YouthBuild,Pooled (75 programs nationwide),deepseek-v4.1-flash,1,has_ojt,classification,1,True,match,True,True,
youthbuild,YouthBuild,Pooled (75 programs nationwide),deepseek-v4.1-flash,1,has_jsa,classification,0,True,mismatch,False,True,
youthbuild,YouthBuild,Pooled (75 programs nationwide),deepseek-v4.1-flash,1,has_multiple_components,classification,1,True,match,True,True,
youthbuild,YouthBuild,Pooled (75 programs nationwide),deepseek-v4.1-flash,1,sector_program,classification,0,False,match,False,False,
youthbuild,YouthBuild,Pooled (75 programs nationwide),deepseek-v4.1-flash,1,randomization_period,design,2011-2013,August 2011 - January 2013,match,"(2011, None)-(2013, None)","(2011, 8)-(2013, 1)",
youthbuild,YouthBuild,Pooled (75 programs nationwide),deepseek-v4.1-flash,1,n_treatment,design,2662,2700,match,2662.0,2700.0,
youthbuild,YouthBuild,Pooled (75 programs nationwide),deepseek-v4.1-flash,1,n_control,design,1216,1229,match,1216.0,1229.0,
youthbuild,YouthBuild,Pooled (75 programs nationwide),deepseek-v4.1-flash,1,outcome_data_source_type,design,National Directory of New Hires (NDNH),mixed,mismatch,ndnh,mixed,
youthbuild,YouthBuild,Pooled (75 programs nationwide),deepseek-v4.1-flash,1,treatment_duration_months,design,9.0,8.0,match,9.0,8.0,
youthbuild,YouthBuild,Pooled (75 programs nationwide),deepseek-v4.1-flash,1,program_takeup_impact,design,82.1,,abstained,82.1,,
youthbuild,YouthBuild,Pooled (75 programs nationwide),deepseek-v4.1-flash,1,st_emp_impact,employment,-2.4,-2.4,match,-2.4,-2.4,
youthbuild,YouthBuild,Pooled (75 programs nationwide),deepseek-v4.1-flash,1,st_emp_se,employment,1.5,,abstained,1.5,,
youthbuild,YouthBuild,Pooled (75 programs nationwide),deepseek-v4.1-flash,1,st_emp_stars,employment,,ns,match,ns,ns,
youthbuild,YouthBuild,Pooled (75 programs nationwide),deepseek-v4.1-flash,1,st_emp_control_mean,employment,51.3,51.3,match,51.3,51.3,
youthbuild,YouthBuild,Pooled (75 programs nationwide),deepseek-v4.1-flash,1,mt_emp_impact,employment,3.2,3.2,match,3.2,3.2,
youthbuild,YouthBuild,Pooled (75 programs nationwide),deepseek-v4.1-flash,1,mt_emp_se,employment,1.6,,abstained,1.6,,
youthbuild,YouthBuild,Pooled (75 programs nationwide),deepseek-v4.1-flash,1,mt_emp_stars,employment,**,**,match,**,**,
youthbuild,YouthBuild,Pooled (75 programs nationwide),deepseek-v4.1-flash,1,mt_emp_control_mean,employment,59.7,59.7,match,59.7,59.7,
youthbuild,YouthBuild,Pooled (75 programs nationwide),deepseek-v4.1-flash,1,lt_emp_impact,employment,0.2,-1.7,mismatch,0.2,-1.7,
youthbuild,YouthBuild,Pooled (75 programs nationwide),deepseek-v4.1-flash,1,lt_emp_se,employment,,,both_null,,,
youthbuild,YouthBuild,Pooled (75 programs nationwide),deepseek-v4.1-flash,1,lt_emp_stars,employment,,ns,match,ns,ns,
youthbuild,YouthBuild,Pooled (75 programs nationwide),deepseek-v4.1-flash,1,lt_emp_control_mean,employment,69.8,73.3,mismatch,69.8,73.3,
youthbuild,YouthBuild,Pooled (75 programs nationwide),deepseek-v4.1-flash,1,st_earn_impact,earnings,-314.0,-314.0,match,-314.0,-314.0,"annualised (gold x1, model x1); raw match"
youthbuild,YouthBuild,Pooled (75 programs nationwide),deepseek-v4.1-flash,1,st_earn_se,earnings,130.3,,abstained,130.3,,
youthbuild,YouthBuild,Pooled (75 programs nationwide),deepseek-v4.1-flash,1,st_earn_stars,earnings,**,**,match,**,**,
youthbuild,YouthBuild,Pooled (75 programs nationwide),deepseek-v4.1-flash,1,st_earn_control_mean,earnings,2408.0,2408.0,match,2408.0,2408.0,"annualised (gold x1, model x1); raw match"
youthbuild,YouthBuild,Pooled (75 programs nationwide),deepseek-v4.1-flash,1,mt_earn_impact,earnings,-201.0,-201.0,match,-201.0,-201.0,"annualised (gold x1, model x1); raw match"
youthbuild,YouthBuild,Pooled (75 programs nationwide),deepseek-v4.1-flash,1,mt_earn_se,earnings,191.1,,abstained,191.1,,
youthbuild,YouthBuild,Pooled (75 programs nationwide),deepseek-v4.1-flash,1,mt_earn_stars,earnings,,ns,match,ns,ns,
youthbuild,YouthBuild,Pooled (75 programs nationwide),deepseek-v4.1-flash,1,mt_earn_control_mean,earnings,3937.0,3937.0,match,3937.0,3937.0,"annualised (gold x1, model x1); raw match"
youthbuild,YouthBuild,Pooled (75 programs nationwide),deepseek-v4.1-flash,1,lt_earn_impact,earnings,181.0,251.0,mismatch,181.0,251.0,"annualised (gold x1, model x1); raw mismatch"
youthbuild,YouthBuild,Pooled (75 programs nationwide),deepseek-v4.1-flash,1,lt_earn_se,earnings,276.0,,abstained,276.0,,
youthbuild,YouthBuild,Pooled (75 programs nationwide),deepseek-v4.1-flash,1,lt_earn_stars,earnings,,ns,match,ns,ns,
youthbuild,YouthBuild,Pooled (75 programs nationwide),deepseek-v4.1-flash,1,lt_earn_control_mean,earnings,6030.0,6729.0,mismatch,6030.0,6729.0,"annualised (gold x1, model x1); raw mismatch"
youthbuild,YouthBuild,Pooled (75 programs nationwide),deepseek-v4.1-flash,1,cost_per_treated,cost,16965.0,24521.0,mismatch,16965.0,24521.0,
youthbuild,YouthBuild,Pooled (75 programs nationwide),deepseek-v4.1-flash,2,training_role,classification,primary,primary,match,primary,primary,
youthbuild,YouthBuild,Pooled (75 programs nationwide),deepseek-v4.1-flash,2,mandatory_voluntary,classification,voluntary,voluntary,match,voluntary,voluntary,
youthbuild,YouthBuild,Pooled (75 programs nationwide),deepseek-v4.1-flash,2,funding_public_private,classification,public,mixed,mismatch,public,mixed,
youthbuild,YouthBuild,Pooled (75 programs nationwide),deepseek-v4.1-flash,2,admin_public_private,classification,private,mixed,mismatch,private,mixed,
youthbuild,YouthBuild,Pooled (75 programs nationwide),deepseek-v4.1-flash,2,has_classroom,classification,1,True,match,True,True,
youthbuild,YouthBuild,Pooled (75 programs nationwide),deepseek-v4.1-flash,2,has_ojt,classification,1,True,match,True,True,
youthbuild,YouthBuild,Pooled (75 programs nationwide),deepseek-v4.1-flash,2,has_jsa,classification,0,True,mismatch,False,True,
youthbuild,YouthBuild,Pooled (75 programs nationwide),deepseek-v4.1-flash,2,has_multiple_components,classification,1,True,match,True,True,
youthbuild,YouthBuild,Pooled (75 programs nationwide),deepseek-v4.1-flash,2,sector_program,classification,0,False,match,False,False,
youthbuild,YouthBuild,Pooled (75 programs nationwide),deepseek-v4.1-flash,2,randomization_period,design,2011-2013,August 2011 - January 2013,match,"(2011, None)-(2013, None)","(2011, 8)-(2013, 1)",
youthbuild,YouthBuild,Pooled (75 programs nationwide),deepseek-v4.1-flash,2,n_treatment,design,2662,2700,match,2662.0,2700.0,
youthbuild,YouthBuild,Pooled (75 programs nationwide),deepseek-v4.1-flash,2,n_control,design,1216,1229,match,1216.0,1229.0,
youthbuild,YouthBuild,Pooled (75 programs nationwide),deepseek-v4.1-flash,2,outcome_data_source_type,design,National Directory of New Hires (NDNH),mixed,mismatch,ndnh,mixed,
youthbuild,YouthBuild,Pooled (75 programs nationwide),deepseek-v4.1-flash,2,treatment_duration_months,design,9.0,8.0,match,9.0,8.0,
youthbuild,YouthBuild,Pooled (75 programs nationwide),deepseek-v4.1-flash,2,program_takeup_impact,design,82.1,73.0,mismatch,82.1,73.0,
youthbuild,YouthBuild,Pooled (75 programs nationwide),deepseek-v4.1-flash,2,st_emp_impact,employment,-2.4,-2.4,match,-2.4,-2.4,
youthbuild,YouthBuild,Pooled (75 programs nationwide),deepseek-v4.1-flash,2,st_emp_se,employment,1.5,,abstained,1.5,,
youthbuild,YouthBuild,Pooled (75 programs nationwide),deepseek-v4.1-flash,2,st_emp_stars,employment,,ns,match,ns,ns,
youthbuild,YouthBuild,Pooled (75 programs nationwide),deepseek-v4.1-flash,2,st_emp_control_mean,employment,51.3,51.3,match,51.3,51.3,
youthbuild,YouthBuild,Pooled (75 programs nationwide),deepseek-v4.1-flash,2,mt_emp_impact,employment,3.2,3.2,match,3.2,3.2,
youthbuild,YouthBuild,Pooled (75 programs nationwide),deepseek-v4.1-flash,2,mt_emp_se,employment,1.6,,abstained,1.6,,
youthbuild,YouthBuild,Pooled (75 programs nationwide),deepseek-v4.1-flash,2,mt_emp_stars,employment,**,**,match,**,**,
youthbuild,YouthBuild,Pooled (75 programs nationwide),deepseek-v4.1-flash,2,mt_emp_control_mean,employment,59.7,59.7,match,59.7,59.7,
youthbuild,YouthBuild,Pooled (75 programs nationwide),deepseek-v4.1-flash,2,lt_emp_impact,employment,0.2,-1.7,mismatch,0.2,-1.7,
youthbuild,YouthBuild,Pooled (75 programs nationwide),deepseek-v4.1-flash,2,lt_emp_se,employment,,,both_null,,,
youthbuild,YouthBuild,Pooled (75 programs nationwide),deepseek-v4.1-flash,2,lt_emp_stars,employment,,ns,match,ns,ns,
youthbuild,YouthBuild,Pooled (75 programs nationwide),deepseek-v4.1-flash,2,lt_emp_control_mean,employment,69.8,73.3,mismatch,69.8,73.3,
youthbuild,YouthBuild,Pooled (75 programs nationwide),deepseek-v4.1-flash,2,st_earn_impact,earnings,-314.0,-314.0,match,-314.0,-314.0,"annualised (gold x1, model x1); raw match"
youthbuild,YouthBuild,Pooled (75 programs nationwide),deepseek-v4.1-flash,2,st_earn_se,earnings,130.3,,abstained,130.3,,
youthbuild,YouthBuild,Pooled (75 programs nationwide),deepseek-v4.1-flash,2,st_earn_stars,earnings,**,**,match,**,**,
youthbuild,YouthBuild,Pooled (75 programs nationwide),deepseek-v4.1-flash,2,st_earn_control_mean,earnings,2408.0,2408.0,match,2408.0,2408.0,"annualised (gold x1, model x1); raw match"
youthbuild,YouthBuild,Pooled (75 programs nationwide),deepseek-v4.1-flash,2,mt_earn_impact,earnings,-201.0,-201.0,match,-201.0,-201.0,"annualised (gold x1, model x1); raw match"
youthbuild,YouthBuild,Pooled (75 programs nationwide),deepseek-v4.1-flash,2,mt_earn_se,earnings,191.1,,abstained,191.1,,
youthbuild,YouthBuild,Pooled (75 programs nationwide),deepseek-v4.1-flash,2,mt_earn_stars,earnings,,ns,match,ns,ns,
youthbuild,YouthBuild,Pooled (75 programs nationwide),deepseek-v4.1-flash,2,mt_earn_control_mean,earnings,3937.0,3937.0,match,3937.0,3937.0,"annualised (gold x1, model x1); raw match"
youthbuild,YouthBuild,Pooled (75 programs nationwide),deepseek-v4.1-flash,2,lt_earn_impact,earnings,181.0,251.0,mismatch,181.0,251.0,"annualised (gold x1, model x1); raw mismatch"
youthbuild,YouthBuild,Pooled (75 programs nationwide),deepseek-v4.1-flash,2,lt_earn_se,earnings,276.0,,abstained,276.0,,
youthbuild,YouthBuild,Pooled (75 programs nationwide),deepseek-v4.1-flash,2,lt_earn_stars,earnings,,ns,match,ns,ns,
youthbuild,YouthBuild,Pooled (75 programs nationwide),deepseek-v4.1-flash,2,lt_earn_control_mean,earnings,6030.0,6729.0,mismatch,6030.0,6729.0,"annualised (gold x1, model x1); raw mismatch"
youthbuild,YouthBuild,Pooled (75 programs nationwide),deepseek-v4.1-flash,2,cost_per_treated,cost,16965.0,24521.0,mismatch,16965.0,24521.0,
